"captured_at","token","symbol","ltp","ltq","ltt","volume","open_price","high_price","low_price","prev_close","lower_circuit","upper_circuit","bids","asks"
"2025-12-17 14:01:08.440357+05:30","2635777","KCK-ST","29.9","2500","Wed Dec 17 13:14:19 IST 2025","2500","29.9","29.9","29.9","30.5",NULL,NULL,"[{""price"": 29.9, ""orders"": 1, ""quantity"": 2500}, {""price"": 0.0, ""orders"": 0, ""quantity"": 0}, {""price"": 0.0, ""orders"": 0, ""quantity"": 0}, {""price"": 0.0, ""orders"": 0, ""quantity"": 0}, {""price"": 0.0, ""orders"": 0, ""quantity"": 0}]","[{""price"": 29.9, ""orders"": 16, ""quantity"": 280000}, {""price"": 30.0, ""orders"": 2, ""quantity"": 7500}, {""price"": 30.5, ""orders"": 4, ""quantity"": 17500}, {""price"": 30.8, ""orders"": 1, ""quantity"": 5000}, {""price"": 0.0, ""orders"": 0, ""quantity"": 0}]"
"2025-12-17 14:01:09.829416+05:30","2635777","KCK-ST","29.9","2500","Wed Dec 17 13:14:19 IST 2025","2500","29.9","29.9","29.9","30.5",NULL,NULL,"[{""price"": 29.9, ""orders"": 1, ""quantity"": 2500}, {""price"": 0.0, ""orders"": 0, ""quantity"": 0}, {""price"": 0.0, ""orders"": 0, ""quantity"": 0}, {""price"": 0.0, ""orders"": 0, ""quantity"": 0}, {""price"": 0.0, ""orders"": 0, ""quantity"": 0}]","[{""price"": 29.9, ""orders"": 16, ""quantity"": 280000}, {""price"": 30.0, ""orders"": 2, ""quantity"": 7500}, {""price"": 30.5, ""orders"": 4, ""quantity"": 17500}, {""price"": 30.8, ""orders"": 1, ""quantity"": 5000}, {""price"": 0.0, ""orders"": 0, ""quantity"": 0}]"
"2025-12-17 14:01:11.176979+05:30","2635777","KCK-ST","29.9","2500","Wed Dec 17 13:14:19 IST 2025","2500","29.9","29.9","29.9","30.5",NULL,NULL,"[{""price"": 29.9, ""orders"": 1, ""quantity"": 2500}, {""price"": 0.0, ""orders"": 0, ""quantity"": 0}, {""price"": 0.0, ""orders"": 0, ""quantity"": 0}, {""price"": 0.0, ""orders"": 0, ""quantity"": 0}, {""price"": 0.0, ""orders"": 0, ""quantity"": 0}]","[{""price"": 29.9, ""orders"": 16, ""quantity"": 280000}, {""price"": 30.0, ""orders"": 2, ""quantity"": 7500}, {""price"": 30.5, ""orders"": 4, ""quantity"": 17500}, {""price"": 30.8, ""orders"": 1, ""quantity"": 5000}, {""price"": 0.0, ""orders"": 0, ""quantity"": 0}]"
"2025-12-17 14:01:12.518447+05:30","2635777","KCK-ST","29.9","2500","Wed Dec 17 13:14:19 IST 2025","2500","29.9","29.9","29.9","30.5",NULL,NULL,"[{""price"": 29.9, ""orders"": 1, ""quantity"": 2500}, {""price"": 0.0, ""orders"": 0, ""quantity"": 0}, {""price"": 0.0, ""orders"": 0, ""quantity"": 0}, {""price"": 0.0, ""orders"": 0, ""quantity"": 0}, {""price"": 0.0, ""orders"": 0, ""quantity"": 0}]","[{""price"": 29.9, ""orders"": 16, ""quantity"": 280000}, {""price"": 30.0, ""orders"": 2, ""quantity"": 7500}, {""price"": 30.5, ""orders"": 4, ""quantity"": 17500}, {""price"": 30.8, ""orders"": 1, ""quantity"": 5000}, {""price"": 0.0, ""orders"": 0, ""quantity"": 0}]"
"2025-12-17 14:01:13.931398+05:30","2635777","KCK-ST","29.9","2500","Wed Dec 17 13:14:19 IST 2025","2500","29.9","29.9","29.9","30.5",NULL,NULL,"[{""price"": 29.9, ""orders"": 1, ""quantity"": 2500}, {""price"": 0.0, ""orders"": 0, ""quantity"": 0}, {""price"": 0.0, ""orders"": 0, ""quantity"": 0}, {""price"": 0.0, ""orders"": 0, ""quantity"": 0}, {""price"": 0.0, ""orders"": 0, ""quantity"": 0}]","[{""price"": 29.9, ""orders"": 16, ""quantity"": 280000}, {""price"": 30.0, ""orders"": 2, ""quantity"": 7500}, {""price"": 30.5, ""orders"": 4, ""quantity"": 17500}, {""price"": 30.8, ""orders"": 1, ""quantity"": 5000}, {""price"": 0.0, ""orders"": 0, ""quantity"": 0}]"
"2025-12-17 14:01:15.322689+05:30","2635777","KCK-ST","29.9","2500","Wed Dec 17 13:14:19 IST 2025","2500","29.9","29.9","29.9","30.5",NULL,NULL,"[{""price"": 29.9, ""orders"": 1, ""quantity"": 2500}, {""price"": 0.0, ""orders"": 0, ""quantity"": 0}, {""price"": 0.0, ""orders"": 0, ""quantity"": 0}, {""price"": 0.0, ""orders"": 0, ""quantity"": 0}, {""price"": 0.0, ""orders"": 0, ""quantity"": 0}]","[{""price"": 29.9, ""orders"": 16, ""quantity"": 280000}, {""price"": 30.0, ""orders"": 2, ""quantity"": 7500}, {""price"": 30.5, ""orders"": 4, ""quantity"": 17500}, {""price"": 30.8, ""orders"": 1, ""quantity"": 5000}, {""price"": 0.0, ""orders"": 0, ""quantity"": 0}]"
"2025-12-17 14:01:16.622199+05:30","2635777","KCK-ST","29.9","2500","Wed Dec 17 13:14:19 IST 2025","2500","29.9","29.9","29.9","30.5",NULL,NULL,"[{""price"": 29.9, ""orders"": 1, ""quantity"": 2500}, {""price"": 0.0, ""orders"": 0, ""quantity"": 0}, {""price"": 0.0, ""orders"": 0, ""quantity"": 0}, {""price"": 0.0, ""orders"": 0, ""quantity"": 0}, {""price"": 0.0, ""orders"": 0, ""quantity"": 0}]","[{""price"": 29.9, ""orders"": 16, ""quantity"": 280000}, {""price"": 30.0, ""orders"": 2, ""quantity"": 7500}, {""price"": 30.5, ""orders"": 4, ""quantity"": 17500}, {""price"": 30.8, ""orders"": 1, ""quantity"": 5000}, {""price"": 0.0, ""orders"": 0, ""quantity"": 0}]"
"2025-12-17 14:01:18.035139+05:30","2635777","KCK-ST","29.9","2500","Wed Dec 17 13:14:19 IST 2025","2500","29.9","29.9","29.9","30.5",NULL,NULL,"[{""price"": 29.9, ""orders"": 1, ""quantity"": 2500}, {""price"": 0.0, ""orders"": 0, ""quantity"": 0}, {""price"": 0.0, ""orders"": 0, ""quantity"": 0}, {""price"": 0.0, ""orders"": 0, ""quantity"": 0}, {""price"": 0.0, ""orders"": 0, ""quantity"": 0}]","[{""price"": 29.9, ""orders"": 16, ""quantity"": 280000}, {""price"": 30.0, ""orders"": 2, ""quantity"": 7500}, {""price"": 30.5, ""orders"": 4, ""quantity"": 17500}, {""price"": 30.8, ""orders"": 1, ""quantity"": 5000}, {""price"": 0.0, ""orders"": 0, ""quantity"": 0}]"
"2025-12-17 14:01:19.486916+05:30","2635777","KCK-ST","29.9","2500","Wed Dec 17 13:14:19 IST 2025","2500","29.9","29.9","29.9","30.5",NULL,NULL,"[{""price"": 29.9, ""orders"": 1, ""quantity"": 2500}, {""price"": 0.0, ""orders"": 0, ""quantity"": 0}, {""price"": 0.0, ""orders"": 0, ""quantity"": 0}, {""price"": 0.0, ""orders"": 0, ""quantity"": 0}, {""price"": 0.0, ""orders"": 0, ""quantity"": 0}]","[{""price"": 29.9, ""orders"": 16, ""quantity"": 280000}, {""price"": 30.0, ""orders"": 2, ""quantity"": 7500}, {""price"": 30.5, ""orders"": 4, ""quantity"": 17500}, {""price"": 30.8, ""orders"": 1, ""quantity"": 5000}, {""price"": 0.0, ""orders"": 0, ""quantity"": 0}]"
"2025-12-17 14:01:20.759766+05:30","2635777","KCK-ST","29.9","2500","Wed Dec 17 13:14:19 IST 2025","2500","29.9","29.9","29.9","30.5",NULL,NULL,"[{""price"": 29.9, ""orders"": 1, ""quantity"": 2500}, {""price"": 0.0, ""orders"": 0, ""quantity"": 0}, {""price"": 0.0, ""orders"": 0, ""quantity"": 0}, {""price"": 0.0, ""orders"": 0, ""quantity"": 0}, {""price"": 0.0, ""orders"": 0, ""quantity"": 0}]","[{""price"": 29.9, ""orders"": 16, ""quantity"": 280000}, {""price"": 30.0, ""orders"": 2, ""quantity"": 7500}, {""price"": 30.5, ""orders"": 4, ""quantity"": 17500}, {""price"": 30.8, ""orders"": 1, ""quantity"": 5000}, {""price"": 0.0, ""orders"": 0, ""quantity"": 0}]"
"2025-12-17 14:01:22.158787+05:30","2635777","KCK-ST","29.9","2500","Wed Dec 17 13:14:19 IST 2025","2500","29.9","29.9","29.9","30.5",NULL,NULL,"[{""price"": 29.9, ""orders"": 1, ""quantity"": 2500}, {""price"": 0.0, ""orders"": 0, ""quantity"": 0}, {""price"": 0.0, ""orders"": 0, ""quantity"": 0}, {""price"": 0.0, ""orders"": 0, ""quantity"": 0}, {""price"": 0.0, ""orders"": 0, ""quantity"": 0}]","[{""price"": 29.9, ""orders"": 16, ""quantity"": 280000}, {""price"": 30.0, ""orders"": 2, ""quantity"": 7500}, {""price"": 30.5, ""orders"": 4, ""quantity"": 17500}, {""price"": 30.8, ""orders"": 1, ""quantity"": 5000}, {""price"": 0.0, ""orders"": 0, ""quantity"": 0}]"
"2025-12-17 14:01:23.646395+05:30","2635777","KCK-ST","29.9","2500","Wed Dec 17 13:14:19 IST 2025","2500","29.9","29.9","29.9","30.5",NULL,NULL,"[{""price"": 29.9, ""orders"": 1, ""quantity"": 2500}, {""price"": 0.0, ""orders"": 0, ""quantity"": 0}, {""price"": 0.0, ""orders"": 0, ""quantity"": 0}, {""price"": 0.0, ""orders"": 0, ""quantity"": 0}, {""price"": 0.0, ""orders"": 0, ""quantity"": 0}]","[{""price"": 29.9, ""orders"": 16, ""quantity"": 280000}, {""price"": 30.0, ""orders"": 2, ""quantity"": 7500}, {""price"": 30.5, ""orders"": 4, ""quantity"": 17500}, {""price"": 30.8, ""orders"": 1, ""quantity"": 5000}, {""price"": 0.0, ""orders"": 0, ""quantity"": 0}]"
"2025-12-17 14:01:25.000141+05:30","2635777","KCK-ST","29.9","2500","Wed Dec 17 13:14:19 IST 2025","2500","29.9","29.9","29.9","30.5",NULL,NULL,"[{""price"": 29.9, ""orders"": 1, ""quantity"": 2500}, {""price"": 0.0, ""orders"": 0, ""quantity"": 0}, {""price"": 0.0, ""orders"": 0, ""quantity"": 0}, {""price"": 0.0, ""orders"": 0, ""quantity"": 0}, {""price"": 0.0, ""orders"": 0, ""quantity"": 0}]","[{""price"": 29.9, ""orders"": 16, ""quantity"": 280000}, {""price"": 30.0, ""orders"": 2, ""quantity"": 7500}, {""price"": 30.5, ""orders"": 4, ""quantity"": 17500}, {""price"": 30.8, ""orders"": 1, ""quantity"": 5000}, {""price"": 0.0, ""orders"": 0, ""quantity"": 0}]"
"2025-12-17 14:01:26.308852+05:30","2635777","KCK-ST","29.9","2500","Wed Dec 17 13:14:19 IST 2025","2500","29.9","29.9","29.9","30.5",NULL,NULL,"[{""price"": 29.9, ""orders"": 1, ""quantity"": 2500}, {""price"": 0.0, ""orders"": 0, ""quantity"": 0}, {""price"": 0.0, ""orders"": 0, ""quantity"": 0}, {""price"": 0.0, ""orders"": 0, ""quantity"": 0}, {""price"": 0.0, ""orders"": 0, ""quantity"": 0}]","[{""price"": 29.9, ""orders"": 16, ""quantity"": 280000}, {""price"": 30.0, ""orders"": 2, ""quantity"": 7500}, {""price"": 30.5, ""orders"": 4, ""quantity"": 17500}, {""price"": 30.8, ""orders"": 1, ""quantity"": 5000}, {""price"": 0.0, ""orders"": 0, ""quantity"": 0}]"
"2025-12-17 14:00:13.437593+05:30","2635777","KCK-ST","29.9","2500","Wed Dec 17 13:14:19 IST 2025","2500","29.9","29.9","29.9","30.5",NULL,NULL,"[{""price"": 29.9, ""orders"": 1, ""quantity"": 2500}, {""price"": 0.0, ""orders"": 0, ""quantity"": 0}, {""price"": 0.0, ""orders"": 0, ""quantity"": 0}, {""price"": 0.0, ""orders"": 0, ""quantity"": 0}, {""price"": 0.0, ""orders"": 0, ""quantity"": 0}]","[{""price"": 29.9, ""orders"": 16, ""quantity"": 280000}, {""price"": 30.0, ""orders"": 2, ""quantity"": 7500}, {""price"": 30.5, ""orders"": 4, ""quantity"": 17500}, {""price"": 30.8, ""orders"": 1, ""quantity"": 5000}, {""price"": 0.0, ""orders"": 0, ""quantity"": 0}]"
"2025-12-17 14:00:14.674676+05:30","2635777","KCK-ST","29.9","2500","Wed Dec 17 13:14:19 IST 2025","2500","29.9","29.9","29.9","30.5",NULL,NULL,"[{""price"": 29.9, ""orders"": 1, ""quantity"": 2500}, {""price"": 0.0, ""orders"": 0, ""quantity"": 0}, {""price"": 0.0, ""orders"": 0, ""quantity"": 0}, {""price"": 0.0, ""orders"": 0, ""quantity"": 0}, {""price"": 0.0, ""orders"": 0, ""quantity"": 0}]","[{""price"": 29.9, ""orders"": 16, ""quantity"": 280000}, {""price"": 30.0, ""orders"": 2, ""quantity"": 7500}, {""price"": 30.5, ""orders"": 4, ""quantity"": 17500}, {""price"": 30.8, ""orders"": 1, ""quantity"": 5000}, {""price"": 0.0, ""orders"": 0, ""quantity"": 0}]"
"2025-12-17 14:00:16.078726+05:30","2635777","KCK-ST","29.9","2500","Wed Dec 17 13:14:19 IST 2025","2500","29.9","29.9","29.9","30.5",NULL,NULL,"[{""price"": 29.9, ""orders"": 1, ""quantity"": 2500}, {""price"": 0.0, ""orders"": 0, ""quantity"": 0}, {""price"": 0.0, ""orders"": 0, ""quantity"": 0}, {""price"": 0.0, ""orders"": 0, ""quantity"": 0}, {""price"": 0.0, ""orders"": 0, ""quantity"": 0}]","[{""price"": 29.9, ""orders"": 16, ""quantity"": 280000}, {""price"": 30.0, ""orders"": 2, ""quantity"": 7500}, {""price"": 30.5, ""orders"": 4, ""quantity"": 17500}, {""price"": 30.8, ""orders"": 1, ""quantity"": 5000}, {""price"": 0.0, ""orders"": 0, ""quantity"": 0}]"
"2025-12-17 14:00:17.475595+05:30","2635777","KCK-ST","29.9","2500","Wed Dec 17 13:14:19 IST 2025","2500","29.9","29.9","29.9","30.5",NULL,NULL,"[{""price"": 29.9, ""orders"": 1, ""quantity"": 2500}, {""price"": 0.0, ""orders"": 0, ""quantity"": 0}, {""price"": 0.0, ""orders"": 0, ""quantity"": 0}, {""price"": 0.0, ""orders"": 0, ""quantity"": 0}, {""price"": 0.0, ""orders"": 0, ""quantity"": 0}]","[{""price"": 29.9, ""orders"": 16, ""quantity"": 280000}, {""price"": 30.0, ""orders"": 2, ""quantity"": 7500}, {""price"": 30.5, ""orders"": 4, ""quantity"": 17500}, {""price"": 30.8, ""orders"": 1, ""quantity"": 5000}, {""price"": 0.0, ""orders"": 0, ""quantity"": 0}]"
"2025-12-17 14:00:18.78511+05:30","2635777","KCK-ST","29.9","2500","Wed Dec 17 13:14:19 IST 2025","2500","29.9","29.9","29.9","30.5",NULL,NULL,"[{""price"": 29.9, ""orders"": 1, ""quantity"": 2500}, {""price"": 0.0, ""orders"": 0, ""quantity"": 0}, {""price"": 0.0, ""orders"": 0, ""quantity"": 0}, {""price"": 0.0, ""orders"": 0, ""quantity"": 0}, {""price"": 0.0, ""orders"": 0, ""quantity"": 0}]","[{""price"": 29.9, ""orders"": 16, ""quantity"": 280000}, {""price"": 30.0, ""orders"": 2, ""quantity"": 7500}, {""price"": 30.5, ""orders"": 4, ""quantity"": 17500}, {""price"": 30.8, ""orders"": 1, ""quantity"": 5000}, {""price"": 0.0, ""orders"": 0, ""quantity"": 0}]"
"2025-12-17 14:00:20.140513+05:30","2635777","KCK-ST","29.9","2500","Wed Dec 17 13:14:19 IST 2025","2500","29.9","29.9","29.9","30.5",NULL,NULL,"[{""price"": 29.9, ""orders"": 1, ""quantity"": 2500}, {""price"": 0.0, ""orders"": 0, ""quantity"": 0}, {""price"": 0.0, ""orders"": 0, ""quantity"": 0}, {""price"": 0.0, ""orders"": 0, ""quantity"": 0}, {""price"": 0.0, ""orders"": 0, ""quantity"": 0}]","[{""price"": 29.9, ""orders"": 16, ""quantity"": 280000}, {""price"": 30.0, ""orders"": 2, ""quantity"": 7500}, {""price"": 30.5, ""orders"": 4, ""quantity"": 17500}, {""price"": 30.8, ""orders"": 1, ""quantity"": 5000}, {""price"": 0.0, ""orders"": 0, ""quantity"": 0}]"
"2025-12-17 14:00:21.591974+05:30","2635777","KCK-ST","29.9","2500","Wed Dec 17 13:14:19 IST 2025","2500","29.9","29.9","29.9","30.5",NULL,NULL,"[{""price"": 29.9, ""orders"": 1, ""quantity"": 2500}, {""price"": 0.0, ""orders"": 0, ""quantity"": 0}, {""price"": 0.0, ""orders"": 0, ""quantity"": 0}, {""price"": 0.0, ""orders"": 0, ""quantity"": 0}, {""price"": 0.0, ""orders"": 0, ""quantity"": 0}]","[{""price"": 29.9, ""orders"": 16, ""quantity"": 280000}, {""price"": 30.0, ""orders"": 2, ""quantity"": 7500}, {""price"": 30.5, ""orders"": 4, ""quantity"": 17500}, {""price"": 30.8, ""orders"": 1, ""quantity"": 5000}, {""price"": 0.0, ""orders"": 0, ""quantity"": 0}]"
"2025-12-17 14:00:22.996935+05:30","2635777","KCK-ST","29.9","2500","Wed Dec 17 13:14:19 IST 2025","2500","29.9","29.9","29.9","30.5",NULL,NULL,"[{""price"": 29.9, ""orders"": 1, ""quantity"": 2500}, {""price"": 0.0, ""orders"": 0, ""quantity"": 0}, {""price"": 0.0, ""orders"": 0, ""quantity"": 0}, {""price"": 0.0, ""orders"": 0, ""quantity"": 0}, {""price"": 0.0, ""orders"": 0, ""quantity"": 0}]","[{""price"": 29.9, ""orders"": 16, ""quantity"": 280000}, {""price"": 30.0, ""orders"": 2, ""quantity"": 7500}, {""price"": 30.5, ""orders"": 4, ""quantity"": 17500}, {""price"": 30.8, ""orders"": 1, ""quantity"": 5000}, {""price"": 0.0, ""orders"": 0, ""quantity"": 0}]"
"2025-12-17 14:00:24.319857+05:30","2635777","KCK-ST","29.9","2500","Wed Dec 17 13:14:19 IST 2025","2500","29.9","29.9","29.9","30.5",NULL,NULL,"[{""price"": 29.9, ""orders"": 1, ""quantity"": 2500}, {""price"": 0.0, ""orders"": 0, ""quantity"": 0}, {""price"": 0.0, ""orders"": 0, ""quantity"": 0}, {""price"": 0.0, ""orders"": 0, ""quantity"": 0}, {""price"": 0.0, ""orders"": 0, ""quantity"": 0}]","[{""price"": 29.9, ""orders"": 16, ""quantity"": 280000}, {""price"": 30.0, ""orders"": 2, ""quantity"": 7500}, {""price"": 30.5, ""orders"": 4, ""quantity"": 17500}, {""price"": 30.8, ""orders"": 1, ""quantity"": 5000}, {""price"": 0.0, ""orders"": 0, ""quantity"": 0}]"
"2025-12-17 14:00:25.690692+05:30","2635777","KCK-ST","29.9","2500","Wed Dec 17 13:14:19 IST 2025","2500","29.9","29.9","29.9","30.5",NULL,NULL,"[{""price"": 29.9, ""orders"": 1, ""quantity"": 2500}, {""price"": 0.0, ""orders"": 0, ""quantity"": 0}, {""price"": 0.0, ""orders"": 0, ""quantity"": 0}, {""price"": 0.0, ""orders"": 0, ""quantity"": 0}, {""price"": 0.0, ""orders"": 0, ""quantity"": 0}]","[{""price"": 29.9, ""orders"": 16, ""quantity"": 280000}, {""price"": 30.0, ""orders"": 2, ""quantity"": 7500}, {""price"": 30.5, ""orders"": 4, ""quantity"": 17500}, {""price"": 30.8, ""orders"": 1, ""quantity"": 5000}, {""price"": 0.0, ""orders"": 0, ""quantity"": 0}]"
"2025-12-17 14:00:27.009001+05:30","2635777","KCK-ST","29.9","2500","Wed Dec 17 13:14:19 IST 2025","2500","29.9","29.9","29.9","30.5",NULL,NULL,"[{""price"": 29.9, ""orders"": 1, ""quantity"": 2500}, {""price"": 0.0, ""orders"": 0, ""quantity"": 0}, {""price"": 0.0, ""orders"": 0, ""quantity"": 0}, {""price"": 0.0, ""orders"": 0, ""quantity"": 0}, {""price"": 0.0, ""orders"": 0, ""quantity"": 0}]","[{""price"": 29.9, ""orders"": 16, ""quantity"": 280000}, {""price"": 30.0, ""orders"": 2, ""quantity"": 7500}, {""price"": 30.5, ""orders"": 4, ""quantity"": 17500}, {""price"": 30.8, ""orders"": 1, ""quantity"": 5000}, {""price"": 0.0, ""orders"": 0, ""quantity"": 0}]"
"2025-12-17 14:00:28.488424+05:30","2635777","KCK-ST","29.9","2500","Wed Dec 17 13:14:19 IST 2025","2500","29.9","29.9","29.9","30.5",NULL,NULL,"[{""price"": 29.9, ""orders"": 1, ""quantity"": 2500}, {""price"": 0.0, ""orders"": 0, ""quantity"": 0}, {""price"": 0.0, ""orders"": 0, ""quantity"": 0}, {""price"": 0.0, ""orders"": 0, ""quantity"": 0}, {""price"": 0.0, ""orders"": 0, ""quantity"": 0}]","[{""price"": 29.9, ""orders"": 16, ""quantity"": 280000}, {""price"": 30.0, ""orders"": 2, ""quantity"": 7500}, {""price"": 30.5, ""orders"": 4, ""quantity"": 17500}, {""price"": 30.8, ""orders"": 1, ""quantity"": 5000}, {""price"": 0.0, ""orders"": 0, ""quantity"": 0}]"
"2025-12-17 14:00:29.820851+05:30","2635777","KCK-ST","29.9","2500","Wed Dec 17 13:14:19 IST 2025","2500","29.9","29.9","29.9","30.5",NULL,NULL,"[{""price"": 29.9, ""orders"": 1, ""quantity"": 2500}, {""price"": 0.0, ""orders"": 0, ""quantity"": 0}, {""price"": 0.0, ""orders"": 0, ""quantity"": 0}, {""price"": 0.0, ""orders"": 0, ""quantity"": 0}, {""price"": 0.0, ""orders"": 0, ""quantity"": 0}]","[{""price"": 29.9, ""orders"": 16, ""quantity"": 280000}, {""price"": 30.0, ""orders"": 2, ""quantity"": 7500}, {""price"": 30.5, ""orders"": 4, ""quantity"": 17500}, {""price"": 30.8, ""orders"": 1, ""quantity"": 5000}, {""price"": 0.0, ""orders"": 0, ""quantity"": 0}]"
"2025-12-17 14:00:31.147395+05:30","2635777","KCK-ST","29.9","2500","Wed Dec 17 13:14:19 IST 2025","2500","29.9","29.9","29.9","30.5",NULL,NULL,"[{""price"": 29.9, ""orders"": 1, ""quantity"": 2500}, {""price"": 0.0, ""orders"": 0, ""quantity"": 0}, {""price"": 0.0, ""orders"": 0, ""quantity"": 0}, {""price"": 0.0, ""orders"": 0, ""quantity"": 0}, {""price"": 0.0, ""orders"": 0, ""quantity"": 0}]","[{""price"": 29.9, ""orders"": 16, ""quantity"": 280000}, {""price"": 30.0, ""orders"": 2, ""quantity"": 7500}, {""price"": 30.5, ""orders"": 4, ""quantity"": 17500}, {""price"": 30.8, ""orders"": 1, ""quantity"": 5000}, {""price"": 0.0, ""orders"": 0, ""quantity"": 0}]"
"2025-12-17 14:00:32.497633+05:30","2635777","KCK-ST","29.9","2500","Wed Dec 17 13:14:19 IST 2025","2500","29.9","29.9","29.9","30.5",NULL,NULL,"[{""price"": 29.9, ""orders"": 1, ""quantity"": 2500}, {""price"": 0.0, ""orders"": 0, ""quantity"": 0}, {""price"": 0.0, ""orders"": 0, ""quantity"": 0}, {""price"": 0.0, ""orders"": 0, ""quantity"": 0}, {""price"": 0.0, ""orders"": 0, ""quantity"": 0}]","[{""price"": 29.9, ""orders"": 16, ""quantity"": 280000}, {""price"": 30.0, ""orders"": 2, ""quantity"": 7500}, {""price"": 30.5, ""orders"": 4, ""quantity"": 17500}, {""price"": 30.8, ""orders"": 1, ""quantity"": 5000}, {""price"": 0.0, ""orders"": 0, ""quantity"": 0}]"
"2025-12-17 14:00:33.809628+05:30","2635777","KCK-ST","29.9","2500","Wed Dec 17 13:14:19 IST 2025","2500","29.9","29.9","29.9","30.5",NULL,NULL,"[{""price"": 29.9, ""orders"": 1, ""quantity"": 2500}, {""price"": 0.0, ""orders"": 0, ""quantity"": 0}, {""price"": 0.0, ""orders"": 0, ""quantity"": 0}, {""price"": 0.0, ""orders"": 0, ""quantity"": 0}, {""price"": 0.0, ""orders"": 0, ""quantity"": 0}]","[{""price"": 29.9, ""orders"": 16, ""quantity"": 280000}, {""price"": 30.0, ""orders"": 2, ""quantity"": 7500}, {""price"": 30.5, ""orders"": 4, ""quantity"": 17500}, {""price"": 30.8, ""orders"": 1, ""quantity"": 5000}, {""price"": 0.0, ""orders"": 0, ""quantity"": 0}]"
"2025-12-17 14:00:35.256495+05:30","2635777","KCK-ST","29.9","2500","Wed Dec 17 13:14:19 IST 2025","2500","29.9","29.9","29.9","30.5",NULL,NULL,"[{""price"": 29.9, ""orders"": 1, ""quantity"": 2500}, {""price"": 0.0, ""orders"": 0, ""quantity"": 0}, {""price"": 0.0, ""orders"": 0, ""quantity"": 0}, {""price"": 0.0, ""orders"": 0, ""quantity"": 0}, {""price"": 0.0, ""orders"": 0, ""quantity"": 0}]","[{""price"": 29.9, ""orders"": 16, ""quantity"": 280000}, {""price"": 30.0, ""orders"": 2, ""quantity"": 7500}, {""price"": 30.5, ""orders"": 4, ""quantity"": 17500}, {""price"": 30.8, ""orders"": 1, ""quantity"": 5000}, {""price"": 0.0, ""orders"": 0, ""quantity"": 0}]"
"2025-12-17 14:00:36.430359+05:30","2635777","KCK-ST","29.9","2500","Wed Dec 17 13:14:19 IST 2025","2500","29.9","29.9","29.9","30.5","29.9","31.1","[{""price"": 29.9, ""orders"": 1, ""quantity"": 2500}, {""price"": 0.0, ""orders"": 0, ""quantity"": 0}, {""price"": 0.0, ""orders"": 0, ""quantity"": 0}, {""price"": 0.0, ""orders"": 0, ""quantity"": 0}, {""price"": 0.0, ""orders"": 0, ""quantity"": 0}]","[{""price"": 29.9, ""orders"": 16, ""quantity"": 280000}, {""price"": 30.0, ""orders"": 2, ""quantity"": 7500}, {""price"": 30.5, ""orders"": 4, ""quantity"": 17500}, {""price"": 30.8, ""orders"": 1, ""quantity"": 5000}, {""price"": 0.0, ""orders"": 0, ""quantity"": 0}]"
"2025-12-17 14:01:27.663492+05:30","2635777","KCK-ST","29.9","2500","Wed Dec 17 13:14:19 IST 2025","2500","29.9","29.9","29.9","30.5",NULL,NULL,"[{""price"": 29.9, ""orders"": 1, ""quantity"": 2500}, {""price"": 0.0, ""orders"": 0, ""quantity"": 0}, {""price"": 0.0, ""orders"": 0, ""quantity"": 0}, {""price"": 0.0, ""orders"": 0, ""quantity"": 0}, {""price"": 0.0, ""orders"": 0, ""quantity"": 0}]","[{""price"": 29.9, ""orders"": 16, ""quantity"": 280000}, {""price"": 30.0, ""orders"": 2, ""quantity"": 7500}, {""price"": 30.5, ""orders"": 4, ""quantity"": 17500}, {""price"": 30.8, ""orders"": 1, ""quantity"": 5000}, {""price"": 0.0, ""orders"": 0, ""quantity"": 0}]"
"2025-12-17 14:01:29.033713+05:30","2635777","KCK-ST","29.9","2500","Wed Dec 17 13:14:19 IST 2025","2500","29.9","29.9","29.9","30.5",NULL,NULL,"[{""price"": 29.9, ""orders"": 1, ""quantity"": 2500}, {""price"": 0.0, ""orders"": 0, ""quantity"": 0}, {""price"": 0.0, ""orders"": 0, ""quantity"": 0}, {""price"": 0.0, ""orders"": 0, ""quantity"": 0}, {""price"": 0.0, ""orders"": 0, ""quantity"": 0}]","[{""price"": 29.9, ""orders"": 16, ""quantity"": 280000}, {""price"": 30.0, ""orders"": 2, ""quantity"": 7500}, {""price"": 30.5, ""orders"": 4, ""quantity"": 17500}, {""price"": 30.8, ""orders"": 1, ""quantity"": 5000}, {""price"": 0.0, ""orders"": 0, ""quantity"": 0}]"
"2025-12-17 14:01:30.459052+05:30","2635777","KCK-ST","29.9","2500","Wed Dec 17 13:14:19 IST 2025","2500","29.9","29.9","29.9","30.5",NULL,NULL,"[{""price"": 29.9, ""orders"": 1, ""quantity"": 2500}, {""price"": 0.0, ""orders"": 0, ""quantity"": 0}, {""price"": 0.0, ""orders"": 0, ""quantity"": 0}, {""price"": 0.0, ""orders"": 0, ""quantity"": 0}, {""price"": 0.0, ""orders"": 0, ""quantity"": 0}]","[{""price"": 29.9, ""orders"": 16, ""quantity"": 280000}, {""price"": 30.0, ""orders"": 2, ""quantity"": 7500}, {""price"": 30.5, ""orders"": 4, ""quantity"": 17500}, {""price"": 30.8, ""orders"": 1, ""quantity"": 5000}, {""price"": 0.0, ""orders"": 0, ""quantity"": 0}]"
"2025-12-17 14:01:31.860072+05:30","2635777","KCK-ST","29.9","2500","Wed Dec 17 13:14:19 IST 2025","2500","29.9","29.9","29.9","30.5",NULL,NULL,"[{""price"": 29.9, ""orders"": 1, ""quantity"": 2500}, {""price"": 0.0, ""orders"": 0, ""quantity"": 0}, {""price"": 0.0, ""orders"": 0, ""quantity"": 0}, {""price"": 0.0, ""orders"": 0, ""quantity"": 0}, {""price"": 0.0, ""orders"": 0, ""quantity"": 0}]","[{""price"": 29.9, ""orders"": 16, ""quantity"": 280000}, {""price"": 30.0, ""orders"": 2, ""quantity"": 7500}, {""price"": 30.5, ""orders"": 4, ""quantity"": 17500}, {""price"": 30.8, ""orders"": 1, ""quantity"": 5000}, {""price"": 0.0, ""orders"": 0, ""quantity"": 0}]"
"2025-12-17 14:01:33.203372+05:30","2635777","KCK-ST","29.9","2500","Wed Dec 17 13:14:19 IST 2025","2500","29.9","29.9","29.9","30.5",NULL,NULL,"[{""price"": 29.9, ""orders"": 1, ""quantity"": 2500}, {""price"": 0.0, ""orders"": 0, ""quantity"": 0}, {""price"": 0.0, ""orders"": 0, ""quantity"": 0}, {""price"": 0.0, ""orders"": 0, ""quantity"": 0}, {""price"": 0.0, ""orders"": 0, ""quantity"": 0}]","[{""price"": 29.9, ""orders"": 16, ""quantity"": 280000}, {""price"": 30.0, ""orders"": 2, ""quantity"": 7500}, {""price"": 30.5, ""orders"": 4, ""quantity"": 17500}, {""price"": 30.8, ""orders"": 1, ""quantity"": 5000}, {""price"": 0.0, ""orders"": 0, ""quantity"": 0}]"
"2025-12-17 14:00:00.825639+05:30","2635777","KCK-ST","29.9","2500","Wed Dec 17 13:14:19 IST 2025","2500","29.9","29.9","29.9","30.5",NULL,NULL,"[{""price"": 29.9, ""orders"": 1, ""quantity"": 2500}, {""price"": 0.0, ""orders"": 0, ""quantity"": 0}, {""price"": 0.0, ""orders"": 0, ""quantity"": 0}, {""price"": 0.0, ""orders"": 0, ""quantity"": 0}, {""price"": 0.0, ""orders"": 0, ""quantity"": 0}]","[{""price"": 29.9, ""orders"": 16, ""quantity"": 280000}, {""price"": 30.0, ""orders"": 2, ""quantity"": 7500}, {""price"": 30.5, ""orders"": 4, ""quantity"": 17500}, {""price"": 30.8, ""orders"": 1, ""quantity"": 5000}, {""price"": 0.0, ""orders"": 0, ""quantity"": 0}]"
"2025-12-17 14:00:02.202505+05:30","2635777","KCK-ST","29.9","2500","Wed Dec 17 13:14:19 IST 2025","2500","29.9","29.9","29.9","30.5",NULL,NULL,"[{""price"": 29.9, ""orders"": 1, ""quantity"": 2500}, {""price"": 0.0, ""orders"": 0, ""quantity"": 0}, {""price"": 0.0, ""orders"": 0, ""quantity"": 0}, {""price"": 0.0, ""orders"": 0, ""quantity"": 0}, {""price"": 0.0, ""orders"": 0, ""quantity"": 0}]","[{""price"": 29.9, ""orders"": 16, ""quantity"": 280000}, {""price"": 30.0, ""orders"": 2, ""quantity"": 7500}, {""price"": 30.5, ""orders"": 4, ""quantity"": 17500}, {""price"": 30.8, ""orders"": 1, ""quantity"": 5000}, {""price"": 0.0, ""orders"": 0, ""quantity"": 0}]"
"2025-12-17 14:00:03.557416+05:30","2635777","KCK-ST","29.9","2500","Wed Dec 17 13:14:19 IST 2025","2500","29.9","29.9","29.9","30.5",NULL,NULL,"[{""price"": 29.9, ""orders"": 1, ""quantity"": 2500}, {""price"": 0.0, ""orders"": 0, ""quantity"": 0}, {""price"": 0.0, ""orders"": 0, ""quantity"": 0}, {""price"": 0.0, ""orders"": 0, ""quantity"": 0}, {""price"": 0.0, ""orders"": 0, ""quantity"": 0}]","[{""price"": 29.9, ""orders"": 16, ""quantity"": 280000}, {""price"": 30.0, ""orders"": 2, ""quantity"": 7500}, {""price"": 30.5, ""orders"": 4, ""quantity"": 17500}, {""price"": 30.8, ""orders"": 1, ""quantity"": 5000}, {""price"": 0.0, ""orders"": 0, ""quantity"": 0}]"
"2025-12-17 14:00:04.972002+05:30","2635777","KCK-ST","29.9","2500","Wed Dec 17 13:14:19 IST 2025","2500","29.9","29.9","29.9","30.5",NULL,NULL,"[{""price"": 29.9, ""orders"": 1, ""quantity"": 2500}, {""price"": 0.0, ""orders"": 0, ""quantity"": 0}, {""price"": 0.0, ""orders"": 0, ""quantity"": 0}, {""price"": 0.0, ""orders"": 0, ""quantity"": 0}, {""price"": 0.0, ""orders"": 0, ""quantity"": 0}]","[{""price"": 29.9, ""orders"": 16, ""quantity"": 280000}, {""price"": 30.0, ""orders"": 2, ""quantity"": 7500}, {""price"": 30.5, ""orders"": 4, ""quantity"": 17500}, {""price"": 30.8, ""orders"": 1, ""quantity"": 5000}, {""price"": 0.0, ""orders"": 0, ""quantity"": 0}]"
"2025-12-17 14:00:06.399879+05:30","2635777","KCK-ST","29.9","2500","Wed Dec 17 13:14:19 IST 2025","2500","29.9","29.9","29.9","30.5",NULL,NULL,"[{""price"": 29.9, ""orders"": 1, ""quantity"": 2500}, {""price"": 0.0, ""orders"": 0, ""quantity"": 0}, {""price"": 0.0, ""orders"": 0, ""quantity"": 0}, {""price"": 0.0, ""orders"": 0, ""quantity"": 0}, {""price"": 0.0, ""orders"": 0, ""quantity"": 0}]","[{""price"": 29.9, ""orders"": 16, ""quantity"": 280000}, {""price"": 30.0, ""orders"": 2, ""quantity"": 7500}, {""price"": 30.5, ""orders"": 4, ""quantity"": 17500}, {""price"": 30.8, ""orders"": 1, ""quantity"": 5000}, {""price"": 0.0, ""orders"": 0, ""quantity"": 0}]"
"2025-12-17 14:00:07.774787+05:30","2635777","KCK-ST","29.9","2500","Wed Dec 17 13:14:19 IST 2025","2500","29.9","29.9","29.9","30.5",NULL,NULL,"[{""price"": 29.9, ""orders"": 1, ""quantity"": 2500}, {""price"": 0.0, ""orders"": 0, ""quantity"": 0}, {""price"": 0.0, ""orders"": 0, ""quantity"": 0}, {""price"": 0.0, ""orders"": 0, ""quantity"": 0}, {""price"": 0.0, ""orders"": 0, ""quantity"": 0}]","[{""price"": 29.9, ""orders"": 16, ""quantity"": 280000}, {""price"": 30.0, ""orders"": 2, ""quantity"": 7500}, {""price"": 30.5, ""orders"": 4, ""quantity"": 17500}, {""price"": 30.8, ""orders"": 1, ""quantity"": 5000}, {""price"": 0.0, ""orders"": 0, ""quantity"": 0}]"
"2025-12-17 14:00:09.157291+05:30","2635777","KCK-ST","29.9","2500","Wed Dec 17 13:14:19 IST 2025","2500","29.9","29.9","29.9","30.5",NULL,NULL,"[{""price"": 29.9, ""orders"": 1, ""quantity"": 2500}, {""price"": 0.0, ""orders"": 0, ""quantity"": 0}, {""price"": 0.0, ""orders"": 0, ""quantity"": 0}, {""price"": 0.0, ""orders"": 0, ""quantity"": 0}, {""price"": 0.0, ""orders"": 0, ""quantity"": 0}]","[{""price"": 29.9, ""orders"": 16, ""quantity"": 280000}, {""price"": 30.0, ""orders"": 2, ""quantity"": 7500}, {""price"": 30.5, ""orders"": 4, ""quantity"": 17500}, {""price"": 30.8, ""orders"": 1, ""quantity"": 5000}, {""price"": 0.0, ""orders"": 0, ""quantity"": 0}]"
"2025-12-17 14:00:10.610686+05:30","2635777","KCK-ST","29.9","2500","Wed Dec 17 13:14:19 IST 2025","2500","29.9","29.9","29.9","30.5",NULL,NULL,"[{""price"": 29.9, ""orders"": 1, ""quantity"": 2500}, {""price"": 0.0, ""orders"": 0, ""quantity"": 0}, {""price"": 0.0, ""orders"": 0, ""quantity"": 0}, {""price"": 0.0, ""orders"": 0, ""quantity"": 0}, {""price"": 0.0, ""orders"": 0, ""quantity"": 0}]","[{""price"": 29.9, ""orders"": 16, ""quantity"": 280000}, {""price"": 30.0, ""orders"": 2, ""quantity"": 7500}, {""price"": 30.5, ""orders"": 4, ""quantity"": 17500}, {""price"": 30.8, ""orders"": 1, ""quantity"": 5000}, {""price"": 0.0, ""orders"": 0, ""quantity"": 0}]"
"2025-12-17 14:00:12.044748+05:30","2635777","KCK-ST","29.9","2500","Wed Dec 17 13:14:19 IST 2025","2500","29.9","29.9","29.9","30.5",NULL,NULL,"[{""price"": 29.9, ""orders"": 1, ""quantity"": 2500}, {""price"": 0.0, ""orders"": 0, ""quantity"": 0}, {""price"": 0.0, ""orders"": 0, ""quantity"": 0}, {""price"": 0.0, ""orders"": 0, ""quantity"": 0}, {""price"": 0.0, ""orders"": 0, ""quantity"": 0}]","[{""price"": 29.9, ""orders"": 16, ""quantity"": 280000}, {""price"": 30.0, ""orders"": 2, ""quantity"": 7500}, {""price"": 30.5, ""orders"": 4, ""quantity"": 17500}, {""price"": 30.8, ""orders"": 1, ""quantity"": 5000}, {""price"": 0.0, ""orders"": 0, ""quantity"": 0}]"
"2025-12-17 14:02:03.294135+05:30","2635777","KCK-ST","29.9","2500","Wed Dec 17 13:14:19 IST 2025","2500","29.9","29.9","29.9","30.5",NULL,NULL,"[{""price"": 29.9, ""orders"": 1, ""quantity"": 2500}, {""price"": 0.0, ""orders"": 0, ""quantity"": 0}, {""price"": 0.0, ""orders"": 0, ""quantity"": 0}, {""price"": 0.0, ""orders"": 0, ""quantity"": 0}, {""price"": 0.0, ""orders"": 0, ""quantity"": 0}]","[{""price"": 29.9, ""orders"": 16, ""quantity"": 280000}, {""price"": 30.0, ""orders"": 2, ""quantity"": 7500}, {""price"": 30.5, ""orders"": 4, ""quantity"": 17500}, {""price"": 30.8, ""orders"": 1, ""quantity"": 5000}, {""price"": 0.0, ""orders"": 0, ""quantity"": 0}]"
"2025-12-17 14:02:04.42923+05:30","2635777","KCK-ST","29.9","2500","Wed Dec 17 13:14:19 IST 2025","2500","29.9","29.9","29.9","30.5","29.9","31.1","[{""price"": 29.9, ""orders"": 1, ""quantity"": 2500}, {""price"": 0.0, ""orders"": 0, ""quantity"": 0}, {""price"": 0.0, ""orders"": 0, ""quantity"": 0}, {""price"": 0.0, ""orders"": 0, ""quantity"": 0}, {""price"": 0.0, ""orders"": 0, ""quantity"": 0}]","[{""price"": 29.9, ""orders"": 16, ""quantity"": 280000}, {""price"": 30.0, ""orders"": 2, ""quantity"": 7500}, {""price"": 30.5, ""orders"": 4, ""quantity"": 17500}, {""price"": 30.8, ""orders"": 1, ""quantity"": 5000}, {""price"": 0.0, ""orders"": 0, ""quantity"": 0}]"
"2025-12-17 14:02:06.079659+05:30","2635777","KCK-ST","29.9","2500","Wed Dec 17 13:14:19 IST 2025","2500","29.9","29.9","29.9","30.5",NULL,NULL,"[{""price"": 29.9, ""orders"": 1, ""quantity"": 2500}, {""price"": 0.0, ""orders"": 0, ""quantity"": 0}, {""price"": 0.0, ""orders"": 0, ""quantity"": 0}, {""price"": 0.0, ""orders"": 0, ""quantity"": 0}, {""price"": 0.0, ""orders"": 0, ""quantity"": 0}]","[{""price"": 29.9, ""orders"": 16, ""quantity"": 280000}, {""price"": 30.0, ""orders"": 2, ""quantity"": 7500}, {""price"": 30.5, ""orders"": 4, ""quantity"": 17500}, {""price"": 30.8, ""orders"": 1, ""quantity"": 5000}, {""price"": 0.0, ""orders"": 0, ""quantity"": 0}]"
"2025-12-17 14:02:07.358811+05:30","2635777","KCK-ST","29.9","2500","Wed Dec 17 13:14:19 IST 2025","2500","29.9","29.9","29.9","30.5",NULL,NULL,"[{""price"": 29.9, ""orders"": 1, ""quantity"": 2500}, {""price"": 0.0, ""orders"": 0, ""quantity"": 0}, {""price"": 0.0, ""orders"": 0, ""quantity"": 0}, {""price"": 0.0, ""orders"": 0, ""quantity"": 0}, {""price"": 0.0, ""orders"": 0, ""quantity"": 0}]","[{""price"": 29.9, ""orders"": 16, ""quantity"": 280000}, {""price"": 30.0, ""orders"": 2, ""quantity"": 7500}, {""price"": 30.5, ""orders"": 4, ""quantity"": 17500}, {""price"": 30.8, ""orders"": 1, ""quantity"": 5000}, {""price"": 0.0, ""orders"": 0, ""quantity"": 0}]"
"2025-12-17 14:02:08.787872+05:30","2635777","KCK-ST","29.9","2500","Wed Dec 17 13:14:19 IST 2025","2500","29.9","29.9","29.9","30.5",NULL,NULL,"[{""price"": 29.9, ""orders"": 1, ""quantity"": 2500}, {""price"": 0.0, ""orders"": 0, ""quantity"": 0}, {""price"": 0.0, ""orders"": 0, ""quantity"": 0}, {""price"": 0.0, ""orders"": 0, ""quantity"": 0}, {""price"": 0.0, ""orders"": 0, ""quantity"": 0}]","[{""price"": 29.9, ""orders"": 16, ""quantity"": 280000}, {""price"": 30.0, ""orders"": 2, ""quantity"": 7500}, {""price"": 30.5, ""orders"": 4, ""quantity"": 17500}, {""price"": 30.8, ""orders"": 1, ""quantity"": 5000}, {""price"": 0.0, ""orders"": 0, ""quantity"": 0}]"
"2025-12-17 14:02:10.204149+05:30","2635777","KCK-ST","29.9","2500","Wed Dec 17 13:14:19 IST 2025","2500","29.9","29.9","29.9","30.5",NULL,NULL,"[{""price"": 29.9, ""orders"": 1, ""quantity"": 2500}, {""price"": 0.0, ""orders"": 0, ""quantity"": 0}, {""price"": 0.0, ""orders"": 0, ""quantity"": 0}, {""price"": 0.0, ""orders"": 0, ""quantity"": 0}, {""price"": 0.0, ""orders"": 0, ""quantity"": 0}]","[{""price"": 29.9, ""orders"": 16, ""quantity"": 280000}, {""price"": 30.0, ""orders"": 2, ""quantity"": 7500}, {""price"": 30.5, ""orders"": 4, ""quantity"": 17500}, {""price"": 30.8, ""orders"": 1, ""quantity"": 5000}, {""price"": 0.0, ""orders"": 0, ""quantity"": 0}]"
"2025-12-17 14:02:11.640156+05:30","2635777","KCK-ST","29.9","2500","Wed Dec 17 13:14:19 IST 2025","2500","29.9","29.9","29.9","30.5",NULL,NULL,"[{""price"": 29.9, ""orders"": 1, ""quantity"": 2500}, {""price"": 0.0, ""orders"": 0, ""quantity"": 0}, {""price"": 0.0, ""orders"": 0, ""quantity"": 0}, {""price"": 0.0, ""orders"": 0, ""quantity"": 0}, {""price"": 0.0, ""orders"": 0, ""quantity"": 0}]","[{""price"": 29.9, ""orders"": 16, ""quantity"": 280000}, {""price"": 30.0, ""orders"": 2, ""quantity"": 7500}, {""price"": 30.5, ""orders"": 4, ""quantity"": 17500}, {""price"": 30.8, ""orders"": 1, ""quantity"": 5000}, {""price"": 0.0, ""orders"": 0, ""quantity"": 0}]"
"2025-12-17 14:02:12.943209+05:30","2635777","KCK-ST","29.9","2500","Wed Dec 17 13:14:19 IST 2025","2500","29.9","29.9","29.9","30.5",NULL,NULL,"[{""price"": 29.9, ""orders"": 1, ""quantity"": 2500}, {""price"": 0.0, ""orders"": 0, ""quantity"": 0}, {""price"": 0.0, ""orders"": 0, ""quantity"": 0}, {""price"": 0.0, ""orders"": 0, ""quantity"": 0}, {""price"": 0.0, ""orders"": 0, ""quantity"": 0}]","[{""price"": 29.9, ""orders"": 16, ""quantity"": 280000}, {""price"": 30.0, ""orders"": 2, ""quantity"": 7500}, {""price"": 30.5, ""orders"": 4, ""quantity"": 17500}, {""price"": 30.8, ""orders"": 1, ""quantity"": 5000}, {""price"": 0.0, ""orders"": 0, ""quantity"": 0}]"
"2025-12-17 14:02:14.297097+05:30","2635777","KCK-ST","29.9","2500","Wed Dec 17 13:14:19 IST 2025","2500","29.9","29.9","29.9","30.5",NULL,NULL,"[{""price"": 29.9, ""orders"": 1, ""quantity"": 2500}, {""price"": 0.0, ""orders"": 0, ""quantity"": 0}, {""price"": 0.0, ""orders"": 0, ""quantity"": 0}, {""price"": 0.0, ""orders"": 0, ""quantity"": 0}, {""price"": 0.0, ""orders"": 0, ""quantity"": 0}]","[{""price"": 29.9, ""orders"": 16, ""quantity"": 280000}, {""price"": 30.0, ""orders"": 2, ""quantity"": 7500}, {""price"": 30.5, ""orders"": 4, ""quantity"": 17500}, {""price"": 30.8, ""orders"": 1, ""quantity"": 5000}, {""price"": 0.0, ""orders"": 0, ""quantity"": 0}]"
"2025-12-17 14:01:34.523107+05:30","2635777","KCK-ST","29.9","2500","Wed Dec 17 13:14:19 IST 2025","2500","29.9","29.9","29.9","30.5",NULL,NULL,"[{""price"": 29.9, ""orders"": 1, ""quantity"": 2500}, {""price"": 0.0, ""orders"": 0, ""quantity"": 0}, {""price"": 0.0, ""orders"": 0, ""quantity"": 0}, {""price"": 0.0, ""orders"": 0, ""quantity"": 0}, {""price"": 0.0, ""orders"": 0, ""quantity"": 0}]","[{""price"": 29.9, ""orders"": 16, ""quantity"": 280000}, {""price"": 30.0, ""orders"": 2, ""quantity"": 7500}, {""price"": 30.5, ""orders"": 4, ""quantity"": 17500}, {""price"": 30.8, ""orders"": 1, ""quantity"": 5000}, {""price"": 0.0, ""orders"": 0, ""quantity"": 0}]"
"2025-12-17 14:01:35.92915+05:30","2635777","KCK-ST","29.9","2500","Wed Dec 17 13:14:19 IST 2025","2500","29.9","29.9","29.9","30.5",NULL,NULL,"[{""price"": 29.9, ""orders"": 1, ""quantity"": 2500}, {""price"": 0.0, ""orders"": 0, ""quantity"": 0}, {""price"": 0.0, ""orders"": 0, ""quantity"": 0}, {""price"": 0.0, ""orders"": 0, ""quantity"": 0}, {""price"": 0.0, ""orders"": 0, ""quantity"": 0}]","[{""price"": 29.9, ""orders"": 16, ""quantity"": 280000}, {""price"": 30.0, ""orders"": 2, ""quantity"": 7500}, {""price"": 30.5, ""orders"": 4, ""quantity"": 17500}, {""price"": 30.8, ""orders"": 1, ""quantity"": 5000}, {""price"": 0.0, ""orders"": 0, ""quantity"": 0}]"
"2025-12-17 14:01:37.32288+05:30","2635777","KCK-ST","29.9","2500","Wed Dec 17 13:14:19 IST 2025","2500","29.9","29.9","29.9","30.5",NULL,NULL,"[{""price"": 29.9, ""orders"": 1, ""quantity"": 2500}, {""price"": 0.0, ""orders"": 0, ""quantity"": 0}, {""price"": 0.0, ""orders"": 0, ""quantity"": 0}, {""price"": 0.0, ""orders"": 0, ""quantity"": 0}, {""price"": 0.0, ""orders"": 0, ""quantity"": 0}]","[{""price"": 29.9, ""orders"": 16, ""quantity"": 280000}, {""price"": 30.0, ""orders"": 2, ""quantity"": 7500}, {""price"": 30.5, ""orders"": 4, ""quantity"": 17500}, {""price"": 30.8, ""orders"": 1, ""quantity"": 5000}, {""price"": 0.0, ""orders"": 0, ""quantity"": 0}]"
"2025-12-17 14:01:38.766215+05:30","2635777","KCK-ST","29.9","2500","Wed Dec 17 13:14:19 IST 2025","2500","29.9","29.9","29.9","30.5",NULL,NULL,"[{""price"": 29.9, ""orders"": 1, ""quantity"": 2500}, {""price"": 0.0, ""orders"": 0, ""quantity"": 0}, {""price"": 0.0, ""orders"": 0, ""quantity"": 0}, {""price"": 0.0, ""orders"": 0, ""quantity"": 0}, {""price"": 0.0, ""orders"": 0, ""quantity"": 0}]","[{""price"": 29.9, ""orders"": 16, ""quantity"": 280000}, {""price"": 30.0, ""orders"": 2, ""quantity"": 7500}, {""price"": 30.5, ""orders"": 4, ""quantity"": 17500}, {""price"": 30.8, ""orders"": 1, ""quantity"": 5000}, {""price"": 0.0, ""orders"": 0, ""quantity"": 0}]"
"2025-12-17 14:01:40.082085+05:30","2635777","KCK-ST","29.9","2500","Wed Dec 17 13:14:19 IST 2025","2500","29.9","29.9","29.9","30.5",NULL,NULL,"[{""price"": 29.9, ""orders"": 1, ""quantity"": 2500}, {""price"": 0.0, ""orders"": 0, ""quantity"": 0}, {""price"": 0.0, ""orders"": 0, ""quantity"": 0}, {""price"": 0.0, ""orders"": 0, ""quantity"": 0}, {""price"": 0.0, ""orders"": 0, ""quantity"": 0}]","[{""price"": 29.9, ""orders"": 16, ""quantity"": 280000}, {""price"": 30.0, ""orders"": 2, ""quantity"": 7500}, {""price"": 30.5, ""orders"": 4, ""quantity"": 17500}, {""price"": 30.8, ""orders"": 1, ""quantity"": 5000}, {""price"": 0.0, ""orders"": 0, ""quantity"": 0}]"
"2025-12-17 14:01:41.449478+05:30","2635777","KCK-ST","29.9","2500","Wed Dec 17 13:14:19 IST 2025","2500","29.9","29.9","29.9","30.5",NULL,NULL,"[{""price"": 29.9, ""orders"": 1, ""quantity"": 2500}, {""price"": 0.0, ""orders"": 0, ""quantity"": 0}, {""price"": 0.0, ""orders"": 0, ""quantity"": 0}, {""price"": 0.0, ""orders"": 0, ""quantity"": 0}, {""price"": 0.0, ""orders"": 0, ""quantity"": 0}]","[{""price"": 29.9, ""orders"": 16, ""quantity"": 280000}, {""price"": 30.0, ""orders"": 2, ""quantity"": 7500}, {""price"": 30.5, ""orders"": 4, ""quantity"": 17500}, {""price"": 30.8, ""orders"": 1, ""quantity"": 5000}, {""price"": 0.0, ""orders"": 0, ""quantity"": 0}]"
"2025-12-17 14:00:37.9535+05:30","2635777","KCK-ST","29.9","2500","Wed Dec 17 13:14:19 IST 2025","2500","29.9","29.9","29.9","30.5",NULL,NULL,"[{""price"": 29.9, ""orders"": 1, ""quantity"": 2500}, {""price"": 0.0, ""orders"": 0, ""quantity"": 0}, {""price"": 0.0, ""orders"": 0, ""quantity"": 0}, {""price"": 0.0, ""orders"": 0, ""quantity"": 0}, {""price"": 0.0, ""orders"": 0, ""quantity"": 0}]","[{""price"": 29.9, ""orders"": 16, ""quantity"": 280000}, {""price"": 30.0, ""orders"": 2, ""quantity"": 7500}, {""price"": 30.5, ""orders"": 4, ""quantity"": 17500}, {""price"": 30.8, ""orders"": 1, ""quantity"": 5000}, {""price"": 0.0, ""orders"": 0, ""quantity"": 0}]"
"2025-12-17 14:00:39.280523+05:30","2635777","KCK-ST","29.9","2500","Wed Dec 17 13:14:19 IST 2025","2500","29.9","29.9","29.9","30.5",NULL,NULL,"[{""price"": 29.9, ""orders"": 1, ""quantity"": 2500}, {""price"": 0.0, ""orders"": 0, ""quantity"": 0}, {""price"": 0.0, ""orders"": 0, ""quantity"": 0}, {""price"": 0.0, ""orders"": 0, ""quantity"": 0}, {""price"": 0.0, ""orders"": 0, ""quantity"": 0}]","[{""price"": 29.9, ""orders"": 16, ""quantity"": 280000}, {""price"": 30.0, ""orders"": 2, ""quantity"": 7500}, {""price"": 30.5, ""orders"": 4, ""quantity"": 17500}, {""price"": 30.8, ""orders"": 1, ""quantity"": 5000}, {""price"": 0.0, ""orders"": 0, ""quantity"": 0}]"
"2025-12-17 14:00:40.688295+05:30","2635777","KCK-ST","29.9","2500","Wed Dec 17 13:14:19 IST 2025","2500","29.9","29.9","29.9","30.5",NULL,NULL,"[{""price"": 29.9, ""orders"": 1, ""quantity"": 2500}, {""price"": 0.0, ""orders"": 0, ""quantity"": 0}, {""price"": 0.0, ""orders"": 0, ""quantity"": 0}, {""price"": 0.0, ""orders"": 0, ""quantity"": 0}, {""price"": 0.0, ""orders"": 0, ""quantity"": 0}]","[{""price"": 29.9, ""orders"": 16, ""quantity"": 280000}, {""price"": 30.0, ""orders"": 2, ""quantity"": 7500}, {""price"": 30.5, ""orders"": 4, ""quantity"": 17500}, {""price"": 30.8, ""orders"": 1, ""quantity"": 5000}, {""price"": 0.0, ""orders"": 0, ""quantity"": 0}]"
"2025-12-17 14:00:42.030931+05:30","2635777","KCK-ST","29.9","2500","Wed Dec 17 13:14:19 IST 2025","2500","29.9","29.9","29.9","30.5",NULL,NULL,"[{""price"": 29.9, ""orders"": 1, ""quantity"": 2500}, {""price"": 0.0, ""orders"": 0, ""quantity"": 0}, {""price"": 0.0, ""orders"": 0, ""quantity"": 0}, {""price"": 0.0, ""orders"": 0, ""quantity"": 0}, {""price"": 0.0, ""orders"": 0, ""quantity"": 0}]","[{""price"": 29.9, ""orders"": 16, ""quantity"": 280000}, {""price"": 30.0, ""orders"": 2, ""quantity"": 7500}, {""price"": 30.5, ""orders"": 4, ""quantity"": 17500}, {""price"": 30.8, ""orders"": 1, ""quantity"": 5000}, {""price"": 0.0, ""orders"": 0, ""quantity"": 0}]"
"2025-12-17 14:00:43.491955+05:30","2635777","KCK-ST","29.9","2500","Wed Dec 17 13:14:19 IST 2025","2500","29.9","29.9","29.9","30.5",NULL,NULL,"[{""price"": 29.9, ""orders"": 1, ""quantity"": 2500}, {""price"": 0.0, ""orders"": 0, ""quantity"": 0}, {""price"": 0.0, ""orders"": 0, ""quantity"": 0}, {""price"": 0.0, ""orders"": 0, ""quantity"": 0}, {""price"": 0.0, ""orders"": 0, ""quantity"": 0}]","[{""price"": 29.9, ""orders"": 16, ""quantity"": 280000}, {""price"": 30.0, ""orders"": 2, ""quantity"": 7500}, {""price"": 30.5, ""orders"": 4, ""quantity"": 17500}, {""price"": 30.8, ""orders"": 1, ""quantity"": 5000}, {""price"": 0.0, ""orders"": 0, ""quantity"": 0}]"
"2025-12-17 14:00:44.874533+05:30","2635777","KCK-ST","29.9","2500","Wed Dec 17 13:14:19 IST 2025","2500","29.9","29.9","29.9","30.5",NULL,NULL,"[{""price"": 29.9, ""orders"": 1, ""quantity"": 2500}, {""price"": 0.0, ""orders"": 0, ""quantity"": 0}, {""price"": 0.0, ""orders"": 0, ""quantity"": 0}, {""price"": 0.0, ""orders"": 0, ""quantity"": 0}, {""price"": 0.0, ""orders"": 0, ""quantity"": 0}]","[{""price"": 29.9, ""orders"": 16, ""quantity"": 280000}, {""price"": 30.0, ""orders"": 2, ""quantity"": 7500}, {""price"": 30.5, ""orders"": 4, ""quantity"": 17500}, {""price"": 30.8, ""orders"": 1, ""quantity"": 5000}, {""price"": 0.0, ""orders"": 0, ""quantity"": 0}]"
"2025-12-17 14:00:46.243374+05:30","2635777","KCK-ST","29.9","2500","Wed Dec 17 13:14:19 IST 2025","2500","29.9","29.9","29.9","30.5",NULL,NULL,"[{""price"": 29.9, ""orders"": 1, ""quantity"": 2500}, {""price"": 0.0, ""orders"": 0, ""quantity"": 0}, {""price"": 0.0, ""orders"": 0, ""quantity"": 0}, {""price"": 0.0, ""orders"": 0, ""quantity"": 0}, {""price"": 0.0, ""orders"": 0, ""quantity"": 0}]","[{""price"": 29.9, ""orders"": 16, ""quantity"": 280000}, {""price"": 30.0, ""orders"": 2, ""quantity"": 7500}, {""price"": 30.5, ""orders"": 4, ""quantity"": 17500}, {""price"": 30.8, ""orders"": 1, ""quantity"": 5000}, {""price"": 0.0, ""orders"": 0, ""quantity"": 0}]"
"2025-12-17 14:00:47.464002+05:30","2635777","KCK-ST","29.9","2500","Wed Dec 17 13:14:19 IST 2025","2500","29.9","29.9","29.9","30.5","29.9","31.1","[{""price"": 29.9, ""orders"": 1, ""quantity"": 2500}, {""price"": 0.0, ""orders"": 0, ""quantity"": 0}, {""price"": 0.0, ""orders"": 0, ""quantity"": 0}, {""price"": 0.0, ""orders"": 0, ""quantity"": 0}, {""price"": 0.0, ""orders"": 0, ""quantity"": 0}]","[{""price"": 29.9, ""orders"": 16, ""quantity"": 280000}, {""price"": 30.0, ""orders"": 2, ""quantity"": 7500}, {""price"": 30.5, ""orders"": 4, ""quantity"": 17500}, {""price"": 30.8, ""orders"": 1, ""quantity"": 5000}, {""price"": 0.0, ""orders"": 0, ""quantity"": 0}]"
"2025-12-17 14:00:48.943431+05:30","2635777","KCK-ST","29.9","2500","Wed Dec 17 13:14:19 IST 2025","2500","29.9","29.9","29.9","30.5",NULL,NULL,"[{""price"": 29.9, ""orders"": 1, ""quantity"": 2500}, {""price"": 0.0, ""orders"": 0, ""quantity"": 0}, {""price"": 0.0, ""orders"": 0, ""quantity"": 0}, {""price"": 0.0, ""orders"": 0, ""quantity"": 0}, {""price"": 0.0, ""orders"": 0, ""quantity"": 0}]","[{""price"": 29.9, ""orders"": 16, ""quantity"": 280000}, {""price"": 30.0, ""orders"": 2, ""quantity"": 7500}, {""price"": 30.5, ""orders"": 4, ""quantity"": 17500}, {""price"": 30.8, ""orders"": 1, ""quantity"": 5000}, {""price"": 0.0, ""orders"": 0, ""quantity"": 0}]"
"2025-12-17 14:00:50.383797+05:30","2635777","KCK-ST","29.9","2500","Wed Dec 17 13:14:19 IST 2025","2500","29.9","29.9","29.9","30.5",NULL,NULL,"[{""price"": 29.9, ""orders"": 1, ""quantity"": 2500}, {""price"": 0.0, ""orders"": 0, ""quantity"": 0}, {""price"": 0.0, ""orders"": 0, ""quantity"": 0}, {""price"": 0.0, ""orders"": 0, ""quantity"": 0}, {""price"": 0.0, ""orders"": 0, ""quantity"": 0}]","[{""price"": 29.9, ""orders"": 16, ""quantity"": 280000}, {""price"": 30.0, ""orders"": 2, ""quantity"": 7500}, {""price"": 30.5, ""orders"": 4, ""quantity"": 17500}, {""price"": 30.8, ""orders"": 1, ""quantity"": 5000}, {""price"": 0.0, ""orders"": 0, ""quantity"": 0}]"
"2025-12-17 14:00:51.710291+05:30","2635777","KCK-ST","29.9","2500","Wed Dec 17 13:14:19 IST 2025","2500","29.9","29.9","29.9","30.5",NULL,NULL,"[{""price"": 29.9, ""orders"": 1, ""quantity"": 2500}, {""price"": 0.0, ""orders"": 0, ""quantity"": 0}, {""price"": 0.0, ""orders"": 0, ""quantity"": 0}, {""price"": 0.0, ""orders"": 0, ""quantity"": 0}, {""price"": 0.0, ""orders"": 0, ""quantity"": 0}]","[{""price"": 29.9, ""orders"": 16, ""quantity"": 280000}, {""price"": 30.0, ""orders"": 2, ""quantity"": 7500}, {""price"": 30.5, ""orders"": 4, ""quantity"": 17500}, {""price"": 30.8, ""orders"": 1, ""quantity"": 5000}, {""price"": 0.0, ""orders"": 0, ""quantity"": 0}]"
"2025-12-17 14:00:53.130354+05:30","2635777","KCK-ST","29.9","2500","Wed Dec 17 13:14:19 IST 2025","2500","29.9","29.9","29.9","30.5",NULL,NULL,"[{""price"": 29.9, ""orders"": 1, ""quantity"": 2500}, {""price"": 0.0, ""orders"": 0, ""quantity"": 0}, {""price"": 0.0, ""orders"": 0, ""quantity"": 0}, {""price"": 0.0, ""orders"": 0, ""quantity"": 0}, {""price"": 0.0, ""orders"": 0, ""quantity"": 0}]","[{""price"": 29.9, ""orders"": 16, ""quantity"": 280000}, {""price"": 30.0, ""orders"": 2, ""quantity"": 7500}, {""price"": 30.5, ""orders"": 4, ""quantity"": 17500}, {""price"": 30.8, ""orders"": 1, ""quantity"": 5000}, {""price"": 0.0, ""orders"": 0, ""quantity"": 0}]"
"2025-12-17 14:00:54.609558+05:30","2635777","KCK-ST","29.9","2500","Wed Dec 17 13:14:19 IST 2025","2500","29.9","29.9","29.9","30.5",NULL,NULL,"[{""price"": 29.9, ""orders"": 1, ""quantity"": 2500}, {""price"": 0.0, ""orders"": 0, ""quantity"": 0}, {""price"": 0.0, ""orders"": 0, ""quantity"": 0}, {""price"": 0.0, ""orders"": 0, ""quantity"": 0}, {""price"": 0.0, ""orders"": 0, ""quantity"": 0}]","[{""price"": 29.9, ""orders"": 16, ""quantity"": 280000}, {""price"": 30.0, ""orders"": 2, ""quantity"": 7500}, {""price"": 30.5, ""orders"": 4, ""quantity"": 17500}, {""price"": 30.8, ""orders"": 1, ""quantity"": 5000}, {""price"": 0.0, ""orders"": 0, ""quantity"": 0}]"
"2025-12-17 14:00:55.919396+05:30","2635777","KCK-ST","29.9","2500","Wed Dec 17 13:14:19 IST 2025","2500","29.9","29.9","29.9","30.5","29.9","31.1","[{""price"": 29.9, ""orders"": 1, ""quantity"": 2500}, {""price"": 0.0, ""orders"": 0, ""quantity"": 0}, {""price"": 0.0, ""orders"": 0, ""quantity"": 0}, {""price"": 0.0, ""orders"": 0, ""quantity"": 0}, {""price"": 0.0, ""orders"": 0, ""quantity"": 0}]","[{""price"": 29.9, ""orders"": 16, ""quantity"": 280000}, {""price"": 30.0, ""orders"": 2, ""quantity"": 7500}, {""price"": 30.5, ""orders"": 4, ""quantity"": 17500}, {""price"": 30.8, ""orders"": 1, ""quantity"": 5000}, {""price"": 0.0, ""orders"": 0, ""quantity"": 0}]"
"2025-12-17 14:00:57.360859+05:30","2635777","KCK-ST","29.9","2500","Wed Dec 17 13:14:19 IST 2025","2500","29.9","29.9","29.9","30.5",NULL,NULL,"[{""price"": 29.9, ""orders"": 1, ""quantity"": 2500}, {""price"": 0.0, ""orders"": 0, ""quantity"": 0}, {""price"": 0.0, ""orders"": 0, ""quantity"": 0}, {""price"": 0.0, ""orders"": 0, ""quantity"": 0}, {""price"": 0.0, ""orders"": 0, ""quantity"": 0}]","[{""price"": 29.9, ""orders"": 16, ""quantity"": 280000}, {""price"": 30.0, ""orders"": 2, ""quantity"": 7500}, {""price"": 30.5, ""orders"": 4, ""quantity"": 17500}, {""price"": 30.8, ""orders"": 1, ""quantity"": 5000}, {""price"": 0.0, ""orders"": 0, ""quantity"": 0}]"
"2025-12-17 14:00:58.494757+05:30","2635777","KCK-ST","29.9","2500","Wed Dec 17 13:14:19 IST 2025","2500","29.9","29.9","29.9","30.5","29.9","31.1","[{""price"": 29.9, ""orders"": 1, ""quantity"": 2500}, {""price"": 0.0, ""orders"": 0, ""quantity"": 0}, {""price"": 0.0, ""orders"": 0, ""quantity"": 0}, {""price"": 0.0, ""orders"": 0, ""quantity"": 0}, {""price"": 0.0, ""orders"": 0, ""quantity"": 0}]","[{""price"": 29.9, ""orders"": 16, ""quantity"": 280000}, {""price"": 30.0, ""orders"": 2, ""quantity"": 7500}, {""price"": 30.5, ""orders"": 4, ""quantity"": 17500}, {""price"": 30.8, ""orders"": 1, ""quantity"": 5000}, {""price"": 0.0, ""orders"": 0, ""quantity"": 0}]"
"2025-12-17 14:01:00.061956+05:30","2635777","KCK-ST","29.9","2500","Wed Dec 17 13:14:19 IST 2025","2500","29.9","29.9","29.9","30.5",NULL,NULL,"[{""price"": 29.9, ""orders"": 1, ""quantity"": 2500}, {""price"": 0.0, ""orders"": 0, ""quantity"": 0}, {""price"": 0.0, ""orders"": 0, ""quantity"": 0}, {""price"": 0.0, ""orders"": 0, ""quantity"": 0}, {""price"": 0.0, ""orders"": 0, ""quantity"": 0}]","[{""price"": 29.9, ""orders"": 16, ""quantity"": 280000}, {""price"": 30.0, ""orders"": 2, ""quantity"": 7500}, {""price"": 30.5, ""orders"": 4, ""quantity"": 17500}, {""price"": 30.8, ""orders"": 1, ""quantity"": 5000}, {""price"": 0.0, ""orders"": 0, ""quantity"": 0}]"
"2025-12-17 14:01:01.493935+05:30","2635777","KCK-ST","29.9","2500","Wed Dec 17 13:14:19 IST 2025","2500","29.9","29.9","29.9","30.5",NULL,NULL,"[{""price"": 29.9, ""orders"": 1, ""quantity"": 2500}, {""price"": 0.0, ""orders"": 0, ""quantity"": 0}, {""price"": 0.0, ""orders"": 0, ""quantity"": 0}, {""price"": 0.0, ""orders"": 0, ""quantity"": 0}, {""price"": 0.0, ""orders"": 0, ""quantity"": 0}]","[{""price"": 29.9, ""orders"": 16, ""quantity"": 280000}, {""price"": 30.0, ""orders"": 2, ""quantity"": 7500}, {""price"": 30.5, ""orders"": 4, ""quantity"": 17500}, {""price"": 30.8, ""orders"": 1, ""quantity"": 5000}, {""price"": 0.0, ""orders"": 0, ""quantity"": 0}]"
"2025-12-17 14:02:15.636708+05:30","2635777","KCK-ST","29.9","2500","Wed Dec 17 13:14:19 IST 2025","2500","29.9","29.9","29.9","30.5",NULL,NULL,"[{""price"": 29.9, ""orders"": 1, ""quantity"": 2500}, {""price"": 0.0, ""orders"": 0, ""quantity"": 0}, {""price"": 0.0, ""orders"": 0, ""quantity"": 0}, {""price"": 0.0, ""orders"": 0, ""quantity"": 0}, {""price"": 0.0, ""orders"": 0, ""quantity"": 0}]","[{""price"": 29.9, ""orders"": 16, ""quantity"": 280000}, {""price"": 30.0, ""orders"": 2, ""quantity"": 7500}, {""price"": 30.5, ""orders"": 4, ""quantity"": 17500}, {""price"": 30.8, ""orders"": 1, ""quantity"": 5000}, {""price"": 0.0, ""orders"": 0, ""quantity"": 0}]"
"2025-12-17 14:02:16.971847+05:30","2635777","KCK-ST","29.9","2500","Wed Dec 17 13:14:19 IST 2025","2500","29.9","29.9","29.9","30.5",NULL,NULL,"[{""price"": 29.9, ""orders"": 1, ""quantity"": 2500}, {""price"": 0.0, ""orders"": 0, ""quantity"": 0}, {""price"": 0.0, ""orders"": 0, ""quantity"": 0}, {""price"": 0.0, ""orders"": 0, ""quantity"": 0}, {""price"": 0.0, ""orders"": 0, ""quantity"": 0}]","[{""price"": 29.9, ""orders"": 16, ""quantity"": 280000}, {""price"": 30.0, ""orders"": 2, ""quantity"": 7500}, {""price"": 30.5, ""orders"": 4, ""quantity"": 17500}, {""price"": 30.8, ""orders"": 1, ""quantity"": 5000}, {""price"": 0.0, ""orders"": 0, ""quantity"": 0}]"
"2025-12-17 14:02:18.309984+05:30","2635777","KCK-ST","29.9","2500","Wed Dec 17 13:14:19 IST 2025","2500","29.9","29.9","29.9","30.5",NULL,NULL,"[{""price"": 29.9, ""orders"": 1, ""quantity"": 2500}, {""price"": 0.0, ""orders"": 0, ""quantity"": 0}, {""price"": 0.0, ""orders"": 0, ""quantity"": 0}, {""price"": 0.0, ""orders"": 0, ""quantity"": 0}, {""price"": 0.0, ""orders"": 0, ""quantity"": 0}]","[{""price"": 29.9, ""orders"": 16, ""quantity"": 280000}, {""price"": 30.0, ""orders"": 2, ""quantity"": 7500}, {""price"": 30.5, ""orders"": 4, ""quantity"": 17500}, {""price"": 30.8, ""orders"": 1, ""quantity"": 5000}, {""price"": 0.0, ""orders"": 0, ""quantity"": 0}]"
"2025-12-17 14:02:19.765118+05:30","2635777","KCK-ST","29.9","2500","Wed Dec 17 13:14:19 IST 2025","2500","29.9","29.9","29.9","30.5",NULL,NULL,"[{""price"": 29.9, ""orders"": 1, ""quantity"": 2500}, {""price"": 0.0, ""orders"": 0, ""quantity"": 0}, {""price"": 0.0, ""orders"": 0, ""quantity"": 0}, {""price"": 0.0, ""orders"": 0, ""quantity"": 0}, {""price"": 0.0, ""orders"": 0, ""quantity"": 0}]","[{""price"": 29.9, ""orders"": 16, ""quantity"": 280000}, {""price"": 30.0, ""orders"": 2, ""quantity"": 7500}, {""price"": 30.5, ""orders"": 4, ""quantity"": 17500}, {""price"": 30.8, ""orders"": 1, ""quantity"": 5000}, {""price"": 0.0, ""orders"": 0, ""quantity"": 0}]"
"2025-12-17 14:02:21.112614+05:30","2635777","KCK-ST","29.9","2500","Wed Dec 17 13:14:19 IST 2025","2500","29.9","29.9","29.9","30.5",NULL,NULL,"[{""price"": 29.9, ""orders"": 1, ""quantity"": 2500}, {""price"": 0.0, ""orders"": 0, ""quantity"": 0}, {""price"": 0.0, ""orders"": 0, ""quantity"": 0}, {""price"": 0.0, ""orders"": 0, ""quantity"": 0}, {""price"": 0.0, ""orders"": 0, ""quantity"": 0}]","[{""price"": 29.9, ""orders"": 16, ""quantity"": 280000}, {""price"": 30.0, ""orders"": 2, ""quantity"": 7500}, {""price"": 30.5, ""orders"": 4, ""quantity"": 17500}, {""price"": 30.8, ""orders"": 1, ""quantity"": 5000}, {""price"": 0.0, ""orders"": 0, ""quantity"": 0}]"
"2025-12-17 14:02:22.429497+05:30","2635777","KCK-ST","29.9","2500","Wed Dec 17 13:14:19 IST 2025","2500","29.9","29.9","29.9","30.5",NULL,NULL,"[{""price"": 29.9, ""orders"": 1, ""quantity"": 2500}, {""price"": 0.0, ""orders"": 0, ""quantity"": 0}, {""price"": 0.0, ""orders"": 0, ""quantity"": 0}, {""price"": 0.0, ""orders"": 0, ""quantity"": 0}, {""price"": 0.0, ""orders"": 0, ""quantity"": 0}]","[{""price"": 29.9, ""orders"": 16, ""quantity"": 280000}, {""price"": 30.0, ""orders"": 2, ""quantity"": 7500}, {""price"": 30.5, ""orders"": 4, ""quantity"": 17500}, {""price"": 30.8, ""orders"": 1, ""quantity"": 5000}, {""price"": 0.0, ""orders"": 0, ""quantity"": 0}]"
"2025-12-17 14:02:23.661077+05:30","2635777","KCK-ST","29.9","2500","Wed Dec 17 13:14:19 IST 2025","2500","29.9","29.9","29.9","30.5","29.9","31.1","[{""price"": 29.9, ""orders"": 1, ""quantity"": 2500}, {""price"": 0.0, ""orders"": 0, ""quantity"": 0}, {""price"": 0.0, ""orders"": 0, ""quantity"": 0}, {""price"": 0.0, ""orders"": 0, ""quantity"": 0}, {""price"": 0.0, ""orders"": 0, ""quantity"": 0}]","[{""price"": 29.9, ""orders"": 16, ""quantity"": 280000}, {""price"": 30.0, ""orders"": 2, ""quantity"": 7500}, {""price"": 30.5, ""orders"": 4, ""quantity"": 17500}, {""price"": 30.8, ""orders"": 1, ""quantity"": 5000}, {""price"": 0.0, ""orders"": 0, ""quantity"": 0}]"
"2025-12-17 14:02:25.16471+05:30","2635777","KCK-ST","29.9","2500","Wed Dec 17 13:14:19 IST 2025","2500","29.9","29.9","29.9","30.5",NULL,NULL,"[{""price"": 29.9, ""orders"": 1, ""quantity"": 2500}, {""price"": 0.0, ""orders"": 0, ""quantity"": 0}, {""price"": 0.0, ""orders"": 0, ""quantity"": 0}, {""price"": 0.0, ""orders"": 0, ""quantity"": 0}, {""price"": 0.0, ""orders"": 0, ""quantity"": 0}]","[{""price"": 29.9, ""orders"": 16, ""quantity"": 280000}, {""price"": 30.0, ""orders"": 2, ""quantity"": 7500}, {""price"": 30.5, ""orders"": 4, ""quantity"": 17500}, {""price"": 30.8, ""orders"": 1, ""quantity"": 5000}, {""price"": 0.0, ""orders"": 0, ""quantity"": 0}]"
"2025-12-17 14:02:26.575577+05:30","2635777","KCK-ST","29.9","2500","Wed Dec 17 13:14:19 IST 2025","2500","29.9","29.9","29.9","30.5",NULL,NULL,"[{""price"": 29.9, ""orders"": 1, ""quantity"": 2500}, {""price"": 0.0, ""orders"": 0, ""quantity"": 0}, {""price"": 0.0, ""orders"": 0, ""quantity"": 0}, {""price"": 0.0, ""orders"": 0, ""quantity"": 0}, {""price"": 0.0, ""orders"": 0, ""quantity"": 0}]","[{""price"": 29.9, ""orders"": 16, ""quantity"": 280000}, {""price"": 30.0, ""orders"": 2, ""quantity"": 7500}, {""price"": 30.5, ""orders"": 4, ""quantity"": 17500}, {""price"": 30.8, ""orders"": 1, ""quantity"": 5000}, {""price"": 0.0, ""orders"": 0, ""quantity"": 0}]"
"2025-12-17 14:02:27.869828+05:30","2635777","KCK-ST","29.9","2500","Wed Dec 17 13:14:19 IST 2025","2500","29.9","29.9","29.9","30.5",NULL,NULL,"[{""price"": 29.9, ""orders"": 1, ""quantity"": 2500}, {""price"": 0.0, ""orders"": 0, ""quantity"": 0}, {""price"": 0.0, ""orders"": 0, ""quantity"": 0}, {""price"": 0.0, ""orders"": 0, ""quantity"": 0}, {""price"": 0.0, ""orders"": 0, ""quantity"": 0}]","[{""price"": 29.9, ""orders"": 16, ""quantity"": 280000}, {""price"": 30.0, ""orders"": 2, ""quantity"": 7500}, {""price"": 30.5, ""orders"": 4, ""quantity"": 17500}, {""price"": 30.8, ""orders"": 1, ""quantity"": 5000}, {""price"": 0.0, ""orders"": 0, ""quantity"": 0}]"
"2025-12-17 14:02:29.288178+05:30","2635777","KCK-ST","29.9","2500","Wed Dec 17 13:14:19 IST 2025","2500","29.9","29.9","29.9","30.5",NULL,NULL,"[{""price"": 29.9, ""orders"": 1, ""quantity"": 2500}, {""price"": 0.0, ""orders"": 0, ""quantity"": 0}, {""price"": 0.0, ""orders"": 0, ""quantity"": 0}, {""price"": 0.0, ""orders"": 0, ""quantity"": 0}, {""price"": 0.0, ""orders"": 0, ""quantity"": 0}]","[{""price"": 29.9, ""orders"": 16, ""quantity"": 280000}, {""price"": 30.0, ""orders"": 2, ""quantity"": 7500}, {""price"": 30.5, ""orders"": 4, ""quantity"": 17500}, {""price"": 30.8, ""orders"": 1, ""quantity"": 5000}, {""price"": 0.0, ""orders"": 0, ""quantity"": 0}]"
"2025-12-17 14:02:30.66871+05:30","2635777","KCK-ST","29.9","2500","Wed Dec 17 13:14:19 IST 2025","2500","29.9","29.9","29.9","30.5",NULL,NULL,"[{""price"": 29.9, ""orders"": 1, ""quantity"": 2500}, {""price"": 0.0, ""orders"": 0, ""quantity"": 0}, {""price"": 0.0, ""orders"": 0, ""quantity"": 0}, {""price"": 0.0, ""orders"": 0, ""quantity"": 0}, {""price"": 0.0, ""orders"": 0, ""quantity"": 0}]","[{""price"": 29.9, ""orders"": 16, ""quantity"": 280000}, {""price"": 30.0, ""orders"": 2, ""quantity"": 7500}, {""price"": 30.5, ""orders"": 4, ""quantity"": 17500}, {""price"": 30.8, ""orders"": 1, ""quantity"": 5000}, {""price"": 0.0, ""orders"": 0, ""quantity"": 0}]"
"2025-12-17 14:02:31.999928+05:30","2635777","KCK-ST","29.9","2500","Wed Dec 17 13:14:19 IST 2025","2500","29.9","29.9","29.9","30.5",NULL,NULL,"[{""price"": 29.9, ""orders"": 1, ""quantity"": 2500}, {""price"": 0.0, ""orders"": 0, ""quantity"": 0}, {""price"": 0.0, ""orders"": 0, ""quantity"": 0}, {""price"": 0.0, ""orders"": 0, ""quantity"": 0}, {""price"": 0.0, ""orders"": 0, ""quantity"": 0}]","[{""price"": 29.9, ""orders"": 16, ""quantity"": 280000}, {""price"": 30.0, ""orders"": 2, ""quantity"": 7500}, {""price"": 30.5, ""orders"": 4, ""quantity"": 17500}, {""price"": 30.8, ""orders"": 1, ""quantity"": 5000}, {""price"": 0.0, ""orders"": 0, ""quantity"": 0}]"
"2025-12-17 14:02:33.429352+05:30","2635777","KCK-ST","29.9","2500","Wed Dec 17 13:14:19 IST 2025","2500","29.9","29.9","29.9","30.5",NULL,NULL,"[{""price"": 29.9, ""orders"": 1, ""quantity"": 2500}, {""price"": 0.0, ""orders"": 0, ""quantity"": 0}, {""price"": 0.0, ""orders"": 0, ""quantity"": 0}, {""price"": 0.0, ""orders"": 0, ""quantity"": 0}, {""price"": 0.0, ""orders"": 0, ""quantity"": 0}]","[{""price"": 29.9, ""orders"": 16, ""quantity"": 280000}, {""price"": 30.0, ""orders"": 2, ""quantity"": 7500}, {""price"": 30.5, ""orders"": 4, ""quantity"": 17500}, {""price"": 30.8, ""orders"": 1, ""quantity"": 5000}, {""price"": 0.0, ""orders"": 0, ""quantity"": 0}]"
"2025-12-17 14:02:34.763306+05:30","2635777","KCK-ST","29.9","2500","Wed Dec 17 13:14:19 IST 2025","2500","29.9","29.9","29.9","30.5",NULL,NULL,"[{""price"": 29.9, ""orders"": 1, ""quantity"": 2500}, {""price"": 0.0, ""orders"": 0, ""quantity"": 0}, {""price"": 0.0, ""orders"": 0, ""quantity"": 0}, {""price"": 0.0, ""orders"": 0, ""quantity"": 0}, {""price"": 0.0, ""orders"": 0, ""quantity"": 0}]","[{""price"": 29.9, ""orders"": 16, ""quantity"": 280000}, {""price"": 30.0, ""orders"": 2, ""quantity"": 7500}, {""price"": 30.5, ""orders"": 4, ""quantity"": 17500}, {""price"": 30.8, ""orders"": 1, ""quantity"": 5000}, {""price"": 0.0, ""orders"": 0, ""quantity"": 0}]"
"2025-12-17 14:02:36.030544+05:30","2635777","KCK-ST","29.9","2500","Wed Dec 17 13:14:19 IST 2025","2500","29.9","29.9","29.9","30.5","29.9","31.1","[{""price"": 29.9, ""orders"": 1, ""quantity"": 2500}, {""price"": 0.0, ""orders"": 0, ""quantity"": 0}, {""price"": 0.0, ""orders"": 0, ""quantity"": 0}, {""price"": 0.0, ""orders"": 0, ""quantity"": 0}, {""price"": 0.0, ""orders"": 0, ""quantity"": 0}]","[{""price"": 29.9, ""orders"": 16, ""quantity"": 280000}, {""price"": 30.0, ""orders"": 2, ""quantity"": 7500}, {""price"": 30.5, ""orders"": 4, ""quantity"": 17500}, {""price"": 30.8, ""orders"": 1, ""quantity"": 5000}, {""price"": 0.0, ""orders"": 0, ""quantity"": 0}]"
"2025-12-17 14:02:37.560348+05:30","2635777","KCK-ST","29.9","2500","Wed Dec 17 13:14:19 IST 2025","2500","29.9","29.9","29.9","30.5",NULL,NULL,"[{""price"": 29.9, ""orders"": 1, ""quantity"": 2500}, {""price"": 0.0, ""orders"": 0, ""quantity"": 0}, {""price"": 0.0, ""orders"": 0, ""quantity"": 0}, {""price"": 0.0, ""orders"": 0, ""quantity"": 0}, {""price"": 0.0, ""orders"": 0, ""quantity"": 0}]","[{""price"": 29.9, ""orders"": 16, ""quantity"": 280000}, {""price"": 30.0, ""orders"": 2, ""quantity"": 7500}, {""price"": 30.5, ""orders"": 4, ""quantity"": 17500}, {""price"": 30.8, ""orders"": 1, ""quantity"": 5000}, {""price"": 0.0, ""orders"": 0, ""quantity"": 0}]"
"2025-12-17 14:02:38.842703+05:30","2635777","KCK-ST","29.9","2500","Wed Dec 17 13:14:19 IST 2025","2500","29.9","29.9","29.9","30.5",NULL,NULL,"[{""price"": 29.9, ""orders"": 1, ""quantity"": 2500}, {""price"": 0.0, ""orders"": 0, ""quantity"": 0}, {""price"": 0.0, ""orders"": 0, ""quantity"": 0}, {""price"": 0.0, ""orders"": 0, ""quantity"": 0}, {""price"": 0.0, ""orders"": 0, ""quantity"": 0}]","[{""price"": 29.9, ""orders"": 16, ""quantity"": 280000}, {""price"": 30.0, ""orders"": 2, ""quantity"": 7500}, {""price"": 30.5, ""orders"": 4, ""quantity"": 17500}, {""price"": 30.8, ""orders"": 1, ""quantity"": 5000}, {""price"": 0.0, ""orders"": 0, ""quantity"": 0}]"
"2025-12-17 14:01:42.835092+05:30","2635777","KCK-ST","29.9","2500","Wed Dec 17 13:14:19 IST 2025","2500","29.9","29.9","29.9","30.5",NULL,NULL,"[{""price"": 29.9, ""orders"": 1, ""quantity"": 2500}, {""price"": 0.0, ""orders"": 0, ""quantity"": 0}, {""price"": 0.0, ""orders"": 0, ""quantity"": 0}, {""price"": 0.0, ""orders"": 0, ""quantity"": 0}, {""price"": 0.0, ""orders"": 0, ""quantity"": 0}]","[{""price"": 29.9, ""orders"": 16, ""quantity"": 280000}, {""price"": 30.0, ""orders"": 2, ""quantity"": 7500}, {""price"": 30.5, ""orders"": 4, ""quantity"": 17500}, {""price"": 30.8, ""orders"": 1, ""quantity"": 5000}, {""price"": 0.0, ""orders"": 0, ""quantity"": 0}]"
"2025-12-17 14:01:44.195861+05:30","2635777","KCK-ST","29.9","2500","Wed Dec 17 13:14:19 IST 2025","2500","29.9","29.9","29.9","30.5",NULL,NULL,"[{""price"": 29.9, ""orders"": 1, ""quantity"": 2500}, {""price"": 0.0, ""orders"": 0, ""quantity"": 0}, {""price"": 0.0, ""orders"": 0, ""quantity"": 0}, {""price"": 0.0, ""orders"": 0, ""quantity"": 0}, {""price"": 0.0, ""orders"": 0, ""quantity"": 0}]","[{""price"": 29.9, ""orders"": 16, ""quantity"": 280000}, {""price"": 30.0, ""orders"": 2, ""quantity"": 7500}, {""price"": 30.5, ""orders"": 4, ""quantity"": 17500}, {""price"": 30.8, ""orders"": 1, ""quantity"": 5000}, {""price"": 0.0, ""orders"": 0, ""quantity"": 0}]"
"2025-12-17 14:01:45.459656+05:30","2635777","KCK-ST","29.9","2500","Wed Dec 17 13:14:19 IST 2025","2500","29.9","29.9","29.9","30.5",NULL,NULL,"[{""price"": 29.9, ""orders"": 1, ""quantity"": 2500}, {""price"": 0.0, ""orders"": 0, ""quantity"": 0}, {""price"": 0.0, ""orders"": 0, ""quantity"": 0}, {""price"": 0.0, ""orders"": 0, ""quantity"": 0}, {""price"": 0.0, ""orders"": 0, ""quantity"": 0}]","[{""price"": 29.9, ""orders"": 16, ""quantity"": 280000}, {""price"": 30.0, ""orders"": 2, ""quantity"": 7500}, {""price"": 30.5, ""orders"": 4, ""quantity"": 17500}, {""price"": 30.8, ""orders"": 1, ""quantity"": 5000}, {""price"": 0.0, ""orders"": 0, ""quantity"": 0}]"
"2025-12-17 14:01:46.954562+05:30","2635777","KCK-ST","29.9","2500","Wed Dec 17 13:14:19 IST 2025","2500","29.9","29.9","29.9","30.5",NULL,NULL,"[{""price"": 29.9, ""orders"": 1, ""quantity"": 2500}, {""price"": 0.0, ""orders"": 0, ""quantity"": 0}, {""price"": 0.0, ""orders"": 0, ""quantity"": 0}, {""price"": 0.0, ""orders"": 0, ""quantity"": 0}, {""price"": 0.0, ""orders"": 0, ""quantity"": 0}]","[{""price"": 29.9, ""orders"": 16, ""quantity"": 280000}, {""price"": 30.0, ""orders"": 2, ""quantity"": 7500}, {""price"": 30.5, ""orders"": 4, ""quantity"": 17500}, {""price"": 30.8, ""orders"": 1, ""quantity"": 5000}, {""price"": 0.0, ""orders"": 0, ""quantity"": 0}]"
"2025-12-17 14:01:48.292999+05:30","2635777","KCK-ST","29.9","2500","Wed Dec 17 13:14:19 IST 2025","2500","29.9","29.9","29.9","30.5",NULL,NULL,"[{""price"": 29.9, ""orders"": 1, ""quantity"": 2500}, {""price"": 0.0, ""orders"": 0, ""quantity"": 0}, {""price"": 0.0, ""orders"": 0, ""quantity"": 0}, {""price"": 0.0, ""orders"": 0, ""quantity"": 0}, {""price"": 0.0, ""orders"": 0, ""quantity"": 0}]","[{""price"": 29.9, ""orders"": 16, ""quantity"": 280000}, {""price"": 30.0, ""orders"": 2, ""quantity"": 7500}, {""price"": 30.5, ""orders"": 4, ""quantity"": 17500}, {""price"": 30.8, ""orders"": 1, ""quantity"": 5000}, {""price"": 0.0, ""orders"": 0, ""quantity"": 0}]"
"2025-12-17 14:01:49.6317+05:30","2635777","KCK-ST","29.9","2500","Wed Dec 17 13:14:19 IST 2025","2500","29.9","29.9","29.9","30.5",NULL,NULL,"[{""price"": 29.9, ""orders"": 1, ""quantity"": 2500}, {""price"": 0.0, ""orders"": 0, ""quantity"": 0}, {""price"": 0.0, ""orders"": 0, ""quantity"": 0}, {""price"": 0.0, ""orders"": 0, ""quantity"": 0}, {""price"": 0.0, ""orders"": 0, ""quantity"": 0}]","[{""price"": 29.9, ""orders"": 16, ""quantity"": 280000}, {""price"": 30.0, ""orders"": 2, ""quantity"": 7500}, {""price"": 30.5, ""orders"": 4, ""quantity"": 17500}, {""price"": 30.8, ""orders"": 1, ""quantity"": 5000}, {""price"": 0.0, ""orders"": 0, ""quantity"": 0}]"
"2025-12-17 14:01:51.021008+05:30","2635777","KCK-ST","29.9","2500","Wed Dec 17 13:14:19 IST 2025","2500","29.9","29.9","29.9","30.5",NULL,NULL,"[{""price"": 29.9, ""orders"": 1, ""quantity"": 2500}, {""price"": 0.0, ""orders"": 0, ""quantity"": 0}, {""price"": 0.0, ""orders"": 0, ""quantity"": 0}, {""price"": 0.0, ""orders"": 0, ""quantity"": 0}, {""price"": 0.0, ""orders"": 0, ""quantity"": 0}]","[{""price"": 29.9, ""orders"": 16, ""quantity"": 280000}, {""price"": 30.0, ""orders"": 2, ""quantity"": 7500}, {""price"": 30.5, ""orders"": 4, ""quantity"": 17500}, {""price"": 30.8, ""orders"": 1, ""quantity"": 5000}, {""price"": 0.0, ""orders"": 0, ""quantity"": 0}]"
"2025-12-17 14:01:52.301169+05:30","2635777","KCK-ST","29.9","2500","Wed Dec 17 13:14:19 IST 2025","2500","29.9","29.9","29.9","30.5",NULL,NULL,"[{""price"": 29.9, ""orders"": 1, ""quantity"": 2500}, {""price"": 0.0, ""orders"": 0, ""quantity"": 0}, {""price"": 0.0, ""orders"": 0, ""quantity"": 0}, {""price"": 0.0, ""orders"": 0, ""quantity"": 0}, {""price"": 0.0, ""orders"": 0, ""quantity"": 0}]","[{""price"": 29.9, ""orders"": 16, ""quantity"": 280000}, {""price"": 30.0, ""orders"": 2, ""quantity"": 7500}, {""price"": 30.5, ""orders"": 4, ""quantity"": 17500}, {""price"": 30.8, ""orders"": 1, ""quantity"": 5000}, {""price"": 0.0, ""orders"": 0, ""quantity"": 0}]"
"2025-12-17 14:01:53.7369+05:30","2635777","KCK-ST","29.9","2500","Wed Dec 17 13:14:19 IST 2025","2500","29.9","29.9","29.9","30.5",NULL,NULL,"[{""price"": 29.9, ""orders"": 1, ""quantity"": 2500}, {""price"": 0.0, ""orders"": 0, ""quantity"": 0}, {""price"": 0.0, ""orders"": 0, ""quantity"": 0}, {""price"": 0.0, ""orders"": 0, ""quantity"": 0}, {""price"": 0.0, ""orders"": 0, ""quantity"": 0}]","[{""price"": 29.9, ""orders"": 16, ""quantity"": 280000}, {""price"": 30.0, ""orders"": 2, ""quantity"": 7500}, {""price"": 30.5, ""orders"": 4, ""quantity"": 17500}, {""price"": 30.8, ""orders"": 1, ""quantity"": 5000}, {""price"": 0.0, ""orders"": 0, ""quantity"": 0}]"
"2025-12-17 14:01:55.091919+05:30","2635777","KCK-ST","29.9","2500","Wed Dec 17 13:14:19 IST 2025","2500","29.9","29.9","29.9","30.5",NULL,NULL,"[{""price"": 29.9, ""orders"": 1, ""quantity"": 2500}, {""price"": 0.0, ""orders"": 0, ""quantity"": 0}, {""price"": 0.0, ""orders"": 0, ""quantity"": 0}, {""price"": 0.0, ""orders"": 0, ""quantity"": 0}, {""price"": 0.0, ""orders"": 0, ""quantity"": 0}]","[{""price"": 29.9, ""orders"": 16, ""quantity"": 280000}, {""price"": 30.0, ""orders"": 2, ""quantity"": 7500}, {""price"": 30.5, ""orders"": 4, ""quantity"": 17500}, {""price"": 30.8, ""orders"": 1, ""quantity"": 5000}, {""price"": 0.0, ""orders"": 0, ""quantity"": 0}]"
"2025-12-17 14:01:56.475942+05:30","2635777","KCK-ST","29.9","2500","Wed Dec 17 13:14:19 IST 2025","2500","29.9","29.9","29.9","30.5",NULL,NULL,"[{""price"": 29.9, ""orders"": 1, ""quantity"": 2500}, {""price"": 0.0, ""orders"": 0, ""quantity"": 0}, {""price"": 0.0, ""orders"": 0, ""quantity"": 0}, {""price"": 0.0, ""orders"": 0, ""quantity"": 0}, {""price"": 0.0, ""orders"": 0, ""quantity"": 0}]","[{""price"": 29.9, ""orders"": 16, ""quantity"": 280000}, {""price"": 30.0, ""orders"": 2, ""quantity"": 7500}, {""price"": 30.5, ""orders"": 4, ""quantity"": 17500}, {""price"": 30.8, ""orders"": 1, ""quantity"": 5000}, {""price"": 0.0, ""orders"": 0, ""quantity"": 0}]"
"2025-12-17 14:01:57.813564+05:30","2635777","KCK-ST","29.9","2500","Wed Dec 17 13:14:19 IST 2025","2500","29.9","29.9","29.9","30.5",NULL,NULL,"[{""price"": 29.9, ""orders"": 1, ""quantity"": 2500}, {""price"": 0.0, ""orders"": 0, ""quantity"": 0}, {""price"": 0.0, ""orders"": 0, ""quantity"": 0}, {""price"": 0.0, ""orders"": 0, ""quantity"": 0}, {""price"": 0.0, ""orders"": 0, ""quantity"": 0}]","[{""price"": 29.9, ""orders"": 16, ""quantity"": 280000}, {""price"": 30.0, ""orders"": 2, ""quantity"": 7500}, {""price"": 30.5, ""orders"": 4, ""quantity"": 17500}, {""price"": 30.8, ""orders"": 1, ""quantity"": 5000}, {""price"": 0.0, ""orders"": 0, ""quantity"": 0}]"
"2025-12-17 14:01:59.163785+05:30","2635777","KCK-ST","29.9","2500","Wed Dec 17 13:14:19 IST 2025","2500","29.9","29.9","29.9","30.5",NULL,NULL,"[{""price"": 29.9, ""orders"": 1, ""quantity"": 2500}, {""price"": 0.0, ""orders"": 0, ""quantity"": 0}, {""price"": 0.0, ""orders"": 0, ""quantity"": 0}, {""price"": 0.0, ""orders"": 0, ""quantity"": 0}, {""price"": 0.0, ""orders"": 0, ""quantity"": 0}]","[{""price"": 29.9, ""orders"": 16, ""quantity"": 280000}, {""price"": 30.0, ""orders"": 2, ""quantity"": 7500}, {""price"": 30.5, ""orders"": 4, ""quantity"": 17500}, {""price"": 30.8, ""orders"": 1, ""quantity"": 5000}, {""price"": 0.0, ""orders"": 0, ""quantity"": 0}]"
"2025-12-17 14:02:00.590691+05:30","2635777","KCK-ST","29.9","2500","Wed Dec 17 13:14:19 IST 2025","2500","29.9","29.9","29.9","30.5",NULL,NULL,"[{""price"": 29.9, ""orders"": 1, ""quantity"": 2500}, {""price"": 0.0, ""orders"": 0, ""quantity"": 0}, {""price"": 0.0, ""orders"": 0, ""quantity"": 0}, {""price"": 0.0, ""orders"": 0, ""quantity"": 0}, {""price"": 0.0, ""orders"": 0, ""quantity"": 0}]","[{""price"": 29.9, ""orders"": 16, ""quantity"": 280000}, {""price"": 30.0, ""orders"": 2, ""quantity"": 7500}, {""price"": 30.5, ""orders"": 4, ""quantity"": 17500}, {""price"": 30.8, ""orders"": 1, ""quantity"": 5000}, {""price"": 0.0, ""orders"": 0, ""quantity"": 0}]"
"2025-12-17 14:02:01.858828+05:30","2635777","KCK-ST","29.9","2500","Wed Dec 17 13:14:19 IST 2025","2500","29.9","29.9","29.9","30.5",NULL,NULL,"[{""price"": 29.9, ""orders"": 1, ""quantity"": 2500}, {""price"": 0.0, ""orders"": 0, ""quantity"": 0}, {""price"": 0.0, ""orders"": 0, ""quantity"": 0}, {""price"": 0.0, ""orders"": 0, ""quantity"": 0}, {""price"": 0.0, ""orders"": 0, ""quantity"": 0}]","[{""price"": 29.9, ""orders"": 16, ""quantity"": 280000}, {""price"": 30.0, ""orders"": 2, ""quantity"": 7500}, {""price"": 30.5, ""orders"": 4, ""quantity"": 17500}, {""price"": 30.8, ""orders"": 1, ""quantity"": 5000}, {""price"": 0.0, ""orders"": 0, ""quantity"": 0}]"
"2025-12-17 14:04:52.609055+05:30","2635777","KCK-ST","29.9","2500","Wed Dec 17 13:14:19 IST 2025","2500","29.9","29.9","29.9","30.5",NULL,NULL,"[{""price"": 29.9, ""orders"": 1, ""quantity"": 2500}, {""price"": 0.0, ""orders"": 0, ""quantity"": 0}, {""price"": 0.0, ""orders"": 0, ""quantity"": 0}, {""price"": 0.0, ""orders"": 0, ""quantity"": 0}, {""price"": 0.0, ""orders"": 0, ""quantity"": 0}]","[{""price"": 29.9, ""orders"": 23, ""quantity"": 652500}, {""price"": 30.0, ""orders"": 2, ""quantity"": 7500}, {""price"": 30.5, ""orders"": 4, ""quantity"": 17500}, {""price"": 30.8, ""orders"": 1, ""quantity"": 5000}, {""price"": 0.0, ""orders"": 0, ""quantity"": 0}]"
"2025-12-17 14:05:23.296355+05:30","2635777","KCK-ST","29.9","2500","Wed Dec 17 13:14:19 IST 2025","2500","29.9","29.9","29.9","30.5",NULL,NULL,"[{""price"": 29.9, ""orders"": 1, ""quantity"": 2500}, {""price"": 0.0, ""orders"": 0, ""quantity"": 0}, {""price"": 0.0, ""orders"": 0, ""quantity"": 0}, {""price"": 0.0, ""orders"": 0, ""quantity"": 0}, {""price"": 0.0, ""orders"": 0, ""quantity"": 0}]","[{""price"": 29.9, ""orders"": 23, ""quantity"": 652500}, {""price"": 30.0, ""orders"": 2, ""quantity"": 7500}, {""price"": 30.5, ""orders"": 4, ""quantity"": 17500}, {""price"": 30.8, ""orders"": 1, ""quantity"": 5000}, {""price"": 0.0, ""orders"": 0, ""quantity"": 0}]"
"2025-12-17 14:02:40.25432+05:30","2635777","KCK-ST","29.9","2500","Wed Dec 17 13:14:19 IST 2025","2500","29.9","29.9","29.9","30.5",NULL,NULL,"[{""price"": 29.9, ""orders"": 1, ""quantity"": 2500}, {""price"": 0.0, ""orders"": 0, ""quantity"": 0}, {""price"": 0.0, ""orders"": 0, ""quantity"": 0}, {""price"": 0.0, ""orders"": 0, ""quantity"": 0}, {""price"": 0.0, ""orders"": 0, ""quantity"": 0}]","[{""price"": 29.9, ""orders"": 16, ""quantity"": 280000}, {""price"": 30.0, ""orders"": 2, ""quantity"": 7500}, {""price"": 30.5, ""orders"": 4, ""quantity"": 17500}, {""price"": 30.8, ""orders"": 1, ""quantity"": 5000}, {""price"": 0.0, ""orders"": 0, ""quantity"": 0}]"
"2025-12-17 14:02:41.60022+05:30","2635777","KCK-ST","29.9","2500","Wed Dec 17 13:14:19 IST 2025","2500","29.9","29.9","29.9","30.5",NULL,NULL,"[{""price"": 29.9, ""orders"": 1, ""quantity"": 2500}, {""price"": 0.0, ""orders"": 0, ""quantity"": 0}, {""price"": 0.0, ""orders"": 0, ""quantity"": 0}, {""price"": 0.0, ""orders"": 0, ""quantity"": 0}, {""price"": 0.0, ""orders"": 0, ""quantity"": 0}]","[{""price"": 29.9, ""orders"": 16, ""quantity"": 280000}, {""price"": 30.0, ""orders"": 2, ""quantity"": 7500}, {""price"": 30.5, ""orders"": 4, ""quantity"": 17500}, {""price"": 30.8, ""orders"": 1, ""quantity"": 5000}, {""price"": 0.0, ""orders"": 0, ""quantity"": 0}]"
"2025-12-17 14:02:43.001078+05:30","2635777","KCK-ST","29.9","2500","Wed Dec 17 13:14:19 IST 2025","2500","29.9","29.9","29.9","30.5",NULL,NULL,"[{""price"": 29.9, ""orders"": 1, ""quantity"": 2500}, {""price"": 0.0, ""orders"": 0, ""quantity"": 0}, {""price"": 0.0, ""orders"": 0, ""quantity"": 0}, {""price"": 0.0, ""orders"": 0, ""quantity"": 0}, {""price"": 0.0, ""orders"": 0, ""quantity"": 0}]","[{""price"": 29.9, ""orders"": 16, ""quantity"": 280000}, {""price"": 30.0, ""orders"": 2, ""quantity"": 7500}, {""price"": 30.5, ""orders"": 4, ""quantity"": 17500}, {""price"": 30.8, ""orders"": 1, ""quantity"": 5000}, {""price"": 0.0, ""orders"": 0, ""quantity"": 0}]"
"2025-12-17 14:02:44.399313+05:30","2635777","KCK-ST","29.9","2500","Wed Dec 17 13:14:19 IST 2025","2500","29.9","29.9","29.9","30.5",NULL,NULL,"[{""price"": 29.9, ""orders"": 1, ""quantity"": 2500}, {""price"": 0.0, ""orders"": 0, ""quantity"": 0}, {""price"": 0.0, ""orders"": 0, ""quantity"": 0}, {""price"": 0.0, ""orders"": 0, ""quantity"": 0}, {""price"": 0.0, ""orders"": 0, ""quantity"": 0}]","[{""price"": 29.9, ""orders"": 16, ""quantity"": 280000}, {""price"": 30.0, ""orders"": 2, ""quantity"": 7500}, {""price"": 30.5, ""orders"": 4, ""quantity"": 17500}, {""price"": 30.8, ""orders"": 1, ""quantity"": 5000}, {""price"": 0.0, ""orders"": 0, ""quantity"": 0}]"
"2025-12-17 14:02:45.749975+05:30","2635777","KCK-ST","29.9","2500","Wed Dec 17 13:14:19 IST 2025","2500","29.9","29.9","29.9","30.5",NULL,NULL,"[{""price"": 29.9, ""orders"": 1, ""quantity"": 2500}, {""price"": 0.0, ""orders"": 0, ""quantity"": 0}, {""price"": 0.0, ""orders"": 0, ""quantity"": 0}, {""price"": 0.0, ""orders"": 0, ""quantity"": 0}, {""price"": 0.0, ""orders"": 0, ""quantity"": 0}]","[{""price"": 29.9, ""orders"": 16, ""quantity"": 280000}, {""price"": 30.0, ""orders"": 2, ""quantity"": 7500}, {""price"": 30.5, ""orders"": 4, ""quantity"": 17500}, {""price"": 30.8, ""orders"": 1, ""quantity"": 5000}, {""price"": 0.0, ""orders"": 0, ""quantity"": 0}]"
"2025-12-17 14:02:47.16308+05:30","2635777","KCK-ST","29.9","2500","Wed Dec 17 13:14:19 IST 2025","2500","29.9","29.9","29.9","30.5",NULL,NULL,"[{""price"": 29.9, ""orders"": 1, ""quantity"": 2500}, {""price"": 0.0, ""orders"": 0, ""quantity"": 0}, {""price"": 0.0, ""orders"": 0, ""quantity"": 0}, {""price"": 0.0, ""orders"": 0, ""quantity"": 0}, {""price"": 0.0, ""orders"": 0, ""quantity"": 0}]","[{""price"": 29.9, ""orders"": 16, ""quantity"": 280000}, {""price"": 30.0, ""orders"": 2, ""quantity"": 7500}, {""price"": 30.5, ""orders"": 4, ""quantity"": 17500}, {""price"": 30.8, ""orders"": 1, ""quantity"": 5000}, {""price"": 0.0, ""orders"": 0, ""quantity"": 0}]"
"2025-12-17 14:02:48.504516+05:30","2635777","KCK-ST","29.9","2500","Wed Dec 17 13:14:19 IST 2025","2500","29.9","29.9","29.9","30.5",NULL,NULL,"[{""price"": 29.9, ""orders"": 1, ""quantity"": 2500}, {""price"": 0.0, ""orders"": 0, ""quantity"": 0}, {""price"": 0.0, ""orders"": 0, ""quantity"": 0}, {""price"": 0.0, ""orders"": 0, ""quantity"": 0}, {""price"": 0.0, ""orders"": 0, ""quantity"": 0}]","[{""price"": 29.9, ""orders"": 16, ""quantity"": 280000}, {""price"": 30.0, ""orders"": 2, ""quantity"": 7500}, {""price"": 30.5, ""orders"": 4, ""quantity"": 17500}, {""price"": 30.8, ""orders"": 1, ""quantity"": 5000}, {""price"": 0.0, ""orders"": 0, ""quantity"": 0}]"
"2025-12-17 14:02:49.845294+05:30","2635777","KCK-ST","29.9","2500","Wed Dec 17 13:14:19 IST 2025","2500","29.9","29.9","29.9","30.5",NULL,NULL,"[{""price"": 29.9, ""orders"": 1, ""quantity"": 2500}, {""price"": 0.0, ""orders"": 0, ""quantity"": 0}, {""price"": 0.0, ""orders"": 0, ""quantity"": 0}, {""price"": 0.0, ""orders"": 0, ""quantity"": 0}, {""price"": 0.0, ""orders"": 0, ""quantity"": 0}]","[{""price"": 29.9, ""orders"": 16, ""quantity"": 280000}, {""price"": 30.0, ""orders"": 2, ""quantity"": 7500}, {""price"": 30.5, ""orders"": 4, ""quantity"": 17500}, {""price"": 30.8, ""orders"": 1, ""quantity"": 5000}, {""price"": 0.0, ""orders"": 0, ""quantity"": 0}]"
"2025-12-17 14:02:51.272947+05:30","2635777","KCK-ST","29.9","2500","Wed Dec 17 13:14:19 IST 2025","2500","29.9","29.9","29.9","30.5",NULL,NULL,"[{""price"": 29.9, ""orders"": 1, ""quantity"": 2500}, {""price"": 0.0, ""orders"": 0, ""quantity"": 0}, {""price"": 0.0, ""orders"": 0, ""quantity"": 0}, {""price"": 0.0, ""orders"": 0, ""quantity"": 0}, {""price"": 0.0, ""orders"": 0, ""quantity"": 0}]","[{""price"": 29.9, ""orders"": 16, ""quantity"": 280000}, {""price"": 30.0, ""orders"": 2, ""quantity"": 7500}, {""price"": 30.5, ""orders"": 4, ""quantity"": 17500}, {""price"": 30.8, ""orders"": 1, ""quantity"": 5000}, {""price"": 0.0, ""orders"": 0, ""quantity"": 0}]"
"2025-12-17 14:02:52.581804+05:30","2635777","KCK-ST","29.9","2500","Wed Dec 17 13:14:19 IST 2025","2500","29.9","29.9","29.9","30.5",NULL,NULL,"[{""price"": 29.9, ""orders"": 1, ""quantity"": 2500}, {""price"": 0.0, ""orders"": 0, ""quantity"": 0}, {""price"": 0.0, ""orders"": 0, ""quantity"": 0}, {""price"": 0.0, ""orders"": 0, ""quantity"": 0}, {""price"": 0.0, ""orders"": 0, ""quantity"": 0}]","[{""price"": 29.9, ""orders"": 16, ""quantity"": 280000}, {""price"": 30.0, ""orders"": 2, ""quantity"": 7500}, {""price"": 30.5, ""orders"": 4, ""quantity"": 17500}, {""price"": 30.8, ""orders"": 1, ""quantity"": 5000}, {""price"": 0.0, ""orders"": 0, ""quantity"": 0}]"
"2025-12-17 14:02:53.930369+05:30","2635777","KCK-ST","29.9","2500","Wed Dec 17 13:14:19 IST 2025","2500","29.9","29.9","29.9","30.5",NULL,NULL,"[{""price"": 29.9, ""orders"": 1, ""quantity"": 2500}, {""price"": 0.0, ""orders"": 0, ""quantity"": 0}, {""price"": 0.0, ""orders"": 0, ""quantity"": 0}, {""price"": 0.0, ""orders"": 0, ""quantity"": 0}, {""price"": 0.0, ""orders"": 0, ""quantity"": 0}]","[{""price"": 29.9, ""orders"": 16, ""quantity"": 280000}, {""price"": 30.0, ""orders"": 2, ""quantity"": 7500}, {""price"": 30.5, ""orders"": 4, ""quantity"": 17500}, {""price"": 30.8, ""orders"": 1, ""quantity"": 5000}, {""price"": 0.0, ""orders"": 0, ""quantity"": 0}]"
"2025-12-17 14:02:55.329046+05:30","2635777","KCK-ST","29.9","2500","Wed Dec 17 13:14:19 IST 2025","2500","29.9","29.9","29.9","30.5",NULL,NULL,"[{""price"": 29.9, ""orders"": 1, ""quantity"": 2500}, {""price"": 0.0, ""orders"": 0, ""quantity"": 0}, {""price"": 0.0, ""orders"": 0, ""quantity"": 0}, {""price"": 0.0, ""orders"": 0, ""quantity"": 0}, {""price"": 0.0, ""orders"": 0, ""quantity"": 0}]","[{""price"": 29.9, ""orders"": 16, ""quantity"": 280000}, {""price"": 30.0, ""orders"": 2, ""quantity"": 7500}, {""price"": 30.5, ""orders"": 4, ""quantity"": 17500}, {""price"": 30.8, ""orders"": 1, ""quantity"": 5000}, {""price"": 0.0, ""orders"": 0, ""quantity"": 0}]"
"2025-12-17 14:02:56.727283+05:30","2635777","KCK-ST","29.9","2500","Wed Dec 17 13:14:19 IST 2025","2500","29.9","29.9","29.9","30.5",NULL,NULL,"[{""price"": 29.9, ""orders"": 1, ""quantity"": 2500}, {""price"": 0.0, ""orders"": 0, ""quantity"": 0}, {""price"": 0.0, ""orders"": 0, ""quantity"": 0}, {""price"": 0.0, ""orders"": 0, ""quantity"": 0}, {""price"": 0.0, ""orders"": 0, ""quantity"": 0}]","[{""price"": 29.9, ""orders"": 16, ""quantity"": 280000}, {""price"": 30.0, ""orders"": 2, ""quantity"": 7500}, {""price"": 30.5, ""orders"": 4, ""quantity"": 17500}, {""price"": 30.8, ""orders"": 1, ""quantity"": 5000}, {""price"": 0.0, ""orders"": 0, ""quantity"": 0}]"
"2025-12-17 14:02:58.029345+05:30","2635777","KCK-ST","29.9","2500","Wed Dec 17 13:14:19 IST 2025","2500","29.9","29.9","29.9","30.5",NULL,NULL,"[{""price"": 29.9, ""orders"": 1, ""quantity"": 2500}, {""price"": 0.0, ""orders"": 0, ""quantity"": 0}, {""price"": 0.0, ""orders"": 0, ""quantity"": 0}, {""price"": 0.0, ""orders"": 0, ""quantity"": 0}, {""price"": 0.0, ""orders"": 0, ""quantity"": 0}]","[{""price"": 29.9, ""orders"": 16, ""quantity"": 280000}, {""price"": 30.0, ""orders"": 2, ""quantity"": 7500}, {""price"": 30.5, ""orders"": 4, ""quantity"": 17500}, {""price"": 30.8, ""orders"": 1, ""quantity"": 5000}, {""price"": 0.0, ""orders"": 0, ""quantity"": 0}]"
"2025-12-17 14:02:59.372983+05:30","2635777","KCK-ST","29.9","2500","Wed Dec 17 13:14:19 IST 2025","2500","29.9","29.9","29.9","30.5",NULL,NULL,"[{""price"": 29.9, ""orders"": 1, ""quantity"": 2500}, {""price"": 0.0, ""orders"": 0, ""quantity"": 0}, {""price"": 0.0, ""orders"": 0, ""quantity"": 0}, {""price"": 0.0, ""orders"": 0, ""quantity"": 0}, {""price"": 0.0, ""orders"": 0, ""quantity"": 0}]","[{""price"": 29.9, ""orders"": 16, ""quantity"": 280000}, {""price"": 30.0, ""orders"": 2, ""quantity"": 7500}, {""price"": 30.5, ""orders"": 4, ""quantity"": 17500}, {""price"": 30.8, ""orders"": 1, ""quantity"": 5000}, {""price"": 0.0, ""orders"": 0, ""quantity"": 0}]"
"2025-12-17 14:03:57.404844+05:30","2635777","KCK-ST","29.9","2500","Wed Dec 17 13:14:19 IST 2025","2500","29.9","29.9","29.9","30.5",NULL,NULL,"[{""price"": 29.9, ""orders"": 1, ""quantity"": 2500}, {""price"": 0.0, ""orders"": 0, ""quantity"": 0}, {""price"": 0.0, ""orders"": 0, ""quantity"": 0}, {""price"": 0.0, ""orders"": 0, ""quantity"": 0}, {""price"": 0.0, ""orders"": 0, ""quantity"": 0}]","[{""price"": 29.9, ""orders"": 21, ""quantity"": 530000}, {""price"": 30.0, ""orders"": 2, ""quantity"": 7500}, {""price"": 30.5, ""orders"": 4, ""quantity"": 17500}, {""price"": 30.8, ""orders"": 1, ""quantity"": 5000}, {""price"": 0.0, ""orders"": 0, ""quantity"": 0}]"
"2025-12-17 14:03:57.898049+05:30","2635777","KCK-ST","29.9","2500","Wed Dec 17 13:14:19 IST 2025","2500","29.9","29.9","29.9","30.5",NULL,NULL,"[{""price"": 29.9, ""orders"": 1, ""quantity"": 2500}, {""price"": 0.0, ""orders"": 0, ""quantity"": 0}, {""price"": 0.0, ""orders"": 0, ""quantity"": 0}, {""price"": 0.0, ""orders"": 0, ""quantity"": 0}, {""price"": 0.0, ""orders"": 0, ""quantity"": 0}]","[{""price"": 29.9, ""orders"": 21, ""quantity"": 530000}, {""price"": 30.0, ""orders"": 2, ""quantity"": 7500}, {""price"": 30.5, ""orders"": 4, ""quantity"": 17500}, {""price"": 30.8, ""orders"": 1, ""quantity"": 5000}, {""price"": 0.0, ""orders"": 0, ""quantity"": 0}]"
"2025-12-17 14:04:29.220151+05:30","2635777","KCK-ST","29.9","2500","Wed Dec 17 13:14:19 IST 2025","2500","29.9","29.9","29.9","30.5",NULL,NULL,"[{""price"": 29.9, ""orders"": 1, ""quantity"": 2500}, {""price"": 0.0, ""orders"": 0, ""quantity"": 0}, {""price"": 0.0, ""orders"": 0, ""quantity"": 0}, {""price"": 0.0, ""orders"": 0, ""quantity"": 0}, {""price"": 0.0, ""orders"": 0, ""quantity"": 0}]","[{""price"": 29.9, ""orders"": 21, ""quantity"": 530000}, {""price"": 30.0, ""orders"": 2, ""quantity"": 7500}, {""price"": 30.5, ""orders"": 4, ""quantity"": 17500}, {""price"": 30.8, ""orders"": 1, ""quantity"": 5000}, {""price"": 0.0, ""orders"": 0, ""quantity"": 0}]"
"2025-12-17 14:05:24.692303+05:30","2635777","KCK-ST","29.9","2500","Wed Dec 17 13:14:19 IST 2025","2500","29.9","29.9","29.9","30.5",NULL,NULL,"[{""price"": 29.9, ""orders"": 1, ""quantity"": 2500}, {""price"": 0.0, ""orders"": 0, ""quantity"": 0}, {""price"": 0.0, ""orders"": 0, ""quantity"": 0}, {""price"": 0.0, ""orders"": 0, ""quantity"": 0}, {""price"": 0.0, ""orders"": 0, ""quantity"": 0}]","[{""price"": 29.9, ""orders"": 23, ""quantity"": 652500}, {""price"": 30.0, ""orders"": 2, ""quantity"": 7500}, {""price"": 30.5, ""orders"": 4, ""quantity"": 17500}, {""price"": 30.8, ""orders"": 1, ""quantity"": 5000}, {""price"": 0.0, ""orders"": 0, ""quantity"": 0}]"
"2025-12-17 14:05:26.057044+05:30","2635777","KCK-ST","29.9","2500","Wed Dec 17 13:14:19 IST 2025","2500","29.9","29.9","29.9","30.5",NULL,NULL,"[{""price"": 29.9, ""orders"": 1, ""quantity"": 2500}, {""price"": 0.0, ""orders"": 0, ""quantity"": 0}, {""price"": 0.0, ""orders"": 0, ""quantity"": 0}, {""price"": 0.0, ""orders"": 0, ""quantity"": 0}, {""price"": 0.0, ""orders"": 0, ""quantity"": 0}]","[{""price"": 29.9, ""orders"": 23, ""quantity"": 652500}, {""price"": 30.0, ""orders"": 2, ""quantity"": 7500}, {""price"": 30.5, ""orders"": 4, ""quantity"": 17500}, {""price"": 30.8, ""orders"": 1, ""quantity"": 5000}, {""price"": 0.0, ""orders"": 0, ""quantity"": 0}]"
"2025-12-17 14:05:27.417678+05:30","2635777","KCK-ST","29.9","2500","Wed Dec 17 13:14:19 IST 2025","2500","29.9","29.9","29.9","30.5",NULL,NULL,"[{""price"": 29.9, ""orders"": 1, ""quantity"": 2500}, {""price"": 0.0, ""orders"": 0, ""quantity"": 0}, {""price"": 0.0, ""orders"": 0, ""quantity"": 0}, {""price"": 0.0, ""orders"": 0, ""quantity"": 0}, {""price"": 0.0, ""orders"": 0, ""quantity"": 0}]","[{""price"": 29.9, ""orders"": 23, ""quantity"": 652500}, {""price"": 30.0, ""orders"": 2, ""quantity"": 7500}, {""price"": 30.5, ""orders"": 4, ""quantity"": 17500}, {""price"": 30.8, ""orders"": 1, ""quantity"": 5000}, {""price"": 0.0, ""orders"": 0, ""quantity"": 0}]"
"2025-12-17 14:05:28.782124+05:30","2635777","KCK-ST","29.9","2500","Wed Dec 17 13:14:19 IST 2025","2500","29.9","29.9","29.9","30.5",NULL,NULL,"[{""price"": 29.9, ""orders"": 1, ""quantity"": 2500}, {""price"": 0.0, ""orders"": 0, ""quantity"": 0}, {""price"": 0.0, ""orders"": 0, ""quantity"": 0}, {""price"": 0.0, ""orders"": 0, ""quantity"": 0}, {""price"": 0.0, ""orders"": 0, ""quantity"": 0}]","[{""price"": 29.9, ""orders"": 23, ""quantity"": 652500}, {""price"": 30.0, ""orders"": 2, ""quantity"": 7500}, {""price"": 30.5, ""orders"": 4, ""quantity"": 17500}, {""price"": 30.8, ""orders"": 1, ""quantity"": 5000}, {""price"": 0.0, ""orders"": 0, ""quantity"": 0}]"
"2025-12-17 14:05:30.110398+05:30","2635777","KCK-ST","29.9","2500","Wed Dec 17 13:14:19 IST 2025","2500","29.9","29.9","29.9","30.5",NULL,NULL,"[{""price"": 29.9, ""orders"": 1, ""quantity"": 2500}, {""price"": 0.0, ""orders"": 0, ""quantity"": 0}, {""price"": 0.0, ""orders"": 0, ""quantity"": 0}, {""price"": 0.0, ""orders"": 0, ""quantity"": 0}, {""price"": 0.0, ""orders"": 0, ""quantity"": 0}]","[{""price"": 29.9, ""orders"": 23, ""quantity"": 652500}, {""price"": 30.0, ""orders"": 2, ""quantity"": 7500}, {""price"": 30.5, ""orders"": 4, ""quantity"": 17500}, {""price"": 30.8, ""orders"": 1, ""quantity"": 5000}, {""price"": 0.0, ""orders"": 0, ""quantity"": 0}]"
"2025-12-17 14:05:31.446768+05:30","2635777","KCK-ST","29.9","2500","Wed Dec 17 13:14:19 IST 2025","2500","29.9","29.9","29.9","30.5",NULL,NULL,"[{""price"": 29.9, ""orders"": 1, ""quantity"": 2500}, {""price"": 0.0, ""orders"": 0, ""quantity"": 0}, {""price"": 0.0, ""orders"": 0, ""quantity"": 0}, {""price"": 0.0, ""orders"": 0, ""quantity"": 0}, {""price"": 0.0, ""orders"": 0, ""quantity"": 0}]","[{""price"": 29.9, ""orders"": 23, ""quantity"": 652500}, {""price"": 30.0, ""orders"": 2, ""quantity"": 7500}, {""price"": 30.5, ""orders"": 4, ""quantity"": 17500}, {""price"": 30.8, ""orders"": 1, ""quantity"": 5000}, {""price"": 0.0, ""orders"": 0, ""quantity"": 0}]"
"2025-12-17 14:05:32.842018+05:30","2635777","KCK-ST","29.9","2500","Wed Dec 17 13:14:19 IST 2025","2500","29.9","29.9","29.9","30.5",NULL,NULL,"[{""price"": 29.9, ""orders"": 1, ""quantity"": 2500}, {""price"": 0.0, ""orders"": 0, ""quantity"": 0}, {""price"": 0.0, ""orders"": 0, ""quantity"": 0}, {""price"": 0.0, ""orders"": 0, ""quantity"": 0}, {""price"": 0.0, ""orders"": 0, ""quantity"": 0}]","[{""price"": 29.9, ""orders"": 23, ""quantity"": 652500}, {""price"": 30.0, ""orders"": 2, ""quantity"": 7500}, {""price"": 30.5, ""orders"": 4, ""quantity"": 17500}, {""price"": 30.8, ""orders"": 1, ""quantity"": 5000}, {""price"": 0.0, ""orders"": 0, ""quantity"": 0}]"
"2025-12-17 14:05:34.28364+05:30","2635777","KCK-ST","29.9","2500","Wed Dec 17 13:14:19 IST 2025","2500","29.9","29.9","29.9","30.5",NULL,NULL,"[{""price"": 29.9, ""orders"": 1, ""quantity"": 2500}, {""price"": 0.0, ""orders"": 0, ""quantity"": 0}, {""price"": 0.0, ""orders"": 0, ""quantity"": 0}, {""price"": 0.0, ""orders"": 0, ""quantity"": 0}, {""price"": 0.0, ""orders"": 0, ""quantity"": 0}]","[{""price"": 29.9, ""orders"": 24, ""quantity"": 677500}, {""price"": 30.0, ""orders"": 2, ""quantity"": 7500}, {""price"": 30.5, ""orders"": 4, ""quantity"": 17500}, {""price"": 30.8, ""orders"": 1, ""quantity"": 5000}, {""price"": 0.0, ""orders"": 0, ""quantity"": 0}]"
"2025-12-17 14:05:45.354416+05:30","2635777","KCK-ST","29.9","2500","Wed Dec 17 13:14:19 IST 2025","2500","29.9","29.9","29.9","30.5",NULL,NULL,"[{""price"": 29.9, ""orders"": 1, ""quantity"": 2500}, {""price"": 0.0, ""orders"": 0, ""quantity"": 0}, {""price"": 0.0, ""orders"": 0, ""quantity"": 0}, {""price"": 0.0, ""orders"": 0, ""quantity"": 0}, {""price"": 0.0, ""orders"": 0, ""quantity"": 0}]","[{""price"": 29.9, ""orders"": 25, ""quantity"": 727500}, {""price"": 30.0, ""orders"": 2, ""quantity"": 7500}, {""price"": 30.5, ""orders"": 4, ""quantity"": 17500}, {""price"": 30.8, ""orders"": 1, ""quantity"": 5000}, {""price"": 0.0, ""orders"": 0, ""quantity"": 0}]"
"2025-12-17 14:01:02.899465+05:30","2635777","KCK-ST","29.9","2500","Wed Dec 17 13:14:19 IST 2025","2500","29.9","29.9","29.9","30.5",NULL,NULL,"[{""price"": 29.9, ""orders"": 1, ""quantity"": 2500}, {""price"": 0.0, ""orders"": 0, ""quantity"": 0}, {""price"": 0.0, ""orders"": 0, ""quantity"": 0}, {""price"": 0.0, ""orders"": 0, ""quantity"": 0}, {""price"": 0.0, ""orders"": 0, ""quantity"": 0}]","[{""price"": 29.9, ""orders"": 16, ""quantity"": 280000}, {""price"": 30.0, ""orders"": 2, ""quantity"": 7500}, {""price"": 30.5, ""orders"": 4, ""quantity"": 17500}, {""price"": 30.8, ""orders"": 1, ""quantity"": 5000}, {""price"": 0.0, ""orders"": 0, ""quantity"": 0}]"
"2025-12-17 14:01:04.20877+05:30","2635777","KCK-ST","29.9","2500","Wed Dec 17 13:14:19 IST 2025","2500","29.9","29.9","29.9","30.5",NULL,NULL,"[{""price"": 29.9, ""orders"": 1, ""quantity"": 2500}, {""price"": 0.0, ""orders"": 0, ""quantity"": 0}, {""price"": 0.0, ""orders"": 0, ""quantity"": 0}, {""price"": 0.0, ""orders"": 0, ""quantity"": 0}, {""price"": 0.0, ""orders"": 0, ""quantity"": 0}]","[{""price"": 29.9, ""orders"": 16, ""quantity"": 280000}, {""price"": 30.0, ""orders"": 2, ""quantity"": 7500}, {""price"": 30.5, ""orders"": 4, ""quantity"": 17500}, {""price"": 30.8, ""orders"": 1, ""quantity"": 5000}, {""price"": 0.0, ""orders"": 0, ""quantity"": 0}]"
"2025-12-17 14:01:05.619704+05:30","2635777","KCK-ST","29.9","2500","Wed Dec 17 13:14:19 IST 2025","2500","29.9","29.9","29.9","30.5",NULL,NULL,"[{""price"": 29.9, ""orders"": 1, ""quantity"": 2500}, {""price"": 0.0, ""orders"": 0, ""quantity"": 0}, {""price"": 0.0, ""orders"": 0, ""quantity"": 0}, {""price"": 0.0, ""orders"": 0, ""quantity"": 0}, {""price"": 0.0, ""orders"": 0, ""quantity"": 0}]","[{""price"": 29.9, ""orders"": 16, ""quantity"": 280000}, {""price"": 30.0, ""orders"": 2, ""quantity"": 7500}, {""price"": 30.5, ""orders"": 4, ""quantity"": 17500}, {""price"": 30.8, ""orders"": 1, ""quantity"": 5000}, {""price"": 0.0, ""orders"": 0, ""quantity"": 0}]"
"2025-12-17 14:01:06.952615+05:30","2635777","KCK-ST","29.9","2500","Wed Dec 17 13:14:19 IST 2025","2500","29.9","29.9","29.9","30.5",NULL,NULL,"[{""price"": 29.9, ""orders"": 1, ""quantity"": 2500}, {""price"": 0.0, ""orders"": 0, ""quantity"": 0}, {""price"": 0.0, ""orders"": 0, ""quantity"": 0}, {""price"": 0.0, ""orders"": 0, ""quantity"": 0}, {""price"": 0.0, ""orders"": 0, ""quantity"": 0}]","[{""price"": 29.9, ""orders"": 16, ""quantity"": 280000}, {""price"": 30.0, ""orders"": 2, ""quantity"": 7500}, {""price"": 30.5, ""orders"": 4, ""quantity"": 17500}, {""price"": 30.8, ""orders"": 1, ""quantity"": 5000}, {""price"": 0.0, ""orders"": 0, ""quantity"": 0}]"
"2025-12-17 14:03:00.685062+05:30","2635777","KCK-ST","29.9","2500","Wed Dec 17 13:14:19 IST 2025","2500","29.9","29.9","29.9","30.5",NULL,NULL,"[{""price"": 29.9, ""orders"": 1, ""quantity"": 2500}, {""price"": 0.0, ""orders"": 0, ""quantity"": 0}, {""price"": 0.0, ""orders"": 0, ""quantity"": 0}, {""price"": 0.0, ""orders"": 0, ""quantity"": 0}, {""price"": 0.0, ""orders"": 0, ""quantity"": 0}]","[{""price"": 29.9, ""orders"": 16, ""quantity"": 280000}, {""price"": 30.0, ""orders"": 2, ""quantity"": 7500}, {""price"": 30.5, ""orders"": 4, ""quantity"": 17500}, {""price"": 30.8, ""orders"": 1, ""quantity"": 5000}, {""price"": 0.0, ""orders"": 0, ""quantity"": 0}]"
"2025-12-17 14:03:02.120058+05:30","2635777","KCK-ST","29.9","2500","Wed Dec 17 13:14:19 IST 2025","2500","29.9","29.9","29.9","30.5",NULL,NULL,"[{""price"": 29.9, ""orders"": 1, ""quantity"": 2500}, {""price"": 0.0, ""orders"": 0, ""quantity"": 0}, {""price"": 0.0, ""orders"": 0, ""quantity"": 0}, {""price"": 0.0, ""orders"": 0, ""quantity"": 0}, {""price"": 0.0, ""orders"": 0, ""quantity"": 0}]","[{""price"": 29.9, ""orders"": 16, ""quantity"": 280000}, {""price"": 30.0, ""orders"": 2, ""quantity"": 7500}, {""price"": 30.5, ""orders"": 4, ""quantity"": 17500}, {""price"": 30.8, ""orders"": 1, ""quantity"": 5000}, {""price"": 0.0, ""orders"": 0, ""quantity"": 0}]"
"2025-12-17 14:03:03.50806+05:30","2635777","KCK-ST","29.9","2500","Wed Dec 17 13:14:19 IST 2025","2500","29.9","29.9","29.9","30.5",NULL,NULL,"[{""price"": 29.9, ""orders"": 1, ""quantity"": 2500}, {""price"": 0.0, ""orders"": 0, ""quantity"": 0}, {""price"": 0.0, ""orders"": 0, ""quantity"": 0}, {""price"": 0.0, ""orders"": 0, ""quantity"": 0}, {""price"": 0.0, ""orders"": 0, ""quantity"": 0}]","[{""price"": 29.9, ""orders"": 16, ""quantity"": 280000}, {""price"": 30.0, ""orders"": 2, ""quantity"": 7500}, {""price"": 30.5, ""orders"": 4, ""quantity"": 17500}, {""price"": 30.8, ""orders"": 1, ""quantity"": 5000}, {""price"": 0.0, ""orders"": 0, ""quantity"": 0}]"
"2025-12-17 14:03:04.856376+05:30","2635777","KCK-ST","29.9","2500","Wed Dec 17 13:14:19 IST 2025","2500","29.9","29.9","29.9","30.5",NULL,NULL,"[{""price"": 29.9, ""orders"": 1, ""quantity"": 2500}, {""price"": 0.0, ""orders"": 0, ""quantity"": 0}, {""price"": 0.0, ""orders"": 0, ""quantity"": 0}, {""price"": 0.0, ""orders"": 0, ""quantity"": 0}, {""price"": 0.0, ""orders"": 0, ""quantity"": 0}]","[{""price"": 29.9, ""orders"": 16, ""quantity"": 280000}, {""price"": 30.0, ""orders"": 2, ""quantity"": 7500}, {""price"": 30.5, ""orders"": 4, ""quantity"": 17500}, {""price"": 30.8, ""orders"": 1, ""quantity"": 5000}, {""price"": 0.0, ""orders"": 0, ""quantity"": 0}]"
"2025-12-17 14:03:06.295194+05:30","2635777","KCK-ST","29.9","2500","Wed Dec 17 13:14:19 IST 2025","2500","29.9","29.9","29.9","30.5",NULL,NULL,"[{""price"": 29.9, ""orders"": 1, ""quantity"": 2500}, {""price"": 0.0, ""orders"": 0, ""quantity"": 0}, {""price"": 0.0, ""orders"": 0, ""quantity"": 0}, {""price"": 0.0, ""orders"": 0, ""quantity"": 0}, {""price"": 0.0, ""orders"": 0, ""quantity"": 0}]","[{""price"": 29.9, ""orders"": 16, ""quantity"": 280000}, {""price"": 30.0, ""orders"": 2, ""quantity"": 7500}, {""price"": 30.5, ""orders"": 4, ""quantity"": 17500}, {""price"": 30.8, ""orders"": 1, ""quantity"": 5000}, {""price"": 0.0, ""orders"": 0, ""quantity"": 0}]"
"2025-12-17 14:03:07.726922+05:30","2635777","KCK-ST","29.9","2500","Wed Dec 17 13:14:19 IST 2025","2500","29.9","29.9","29.9","30.5",NULL,NULL,"[{""price"": 29.9, ""orders"": 1, ""quantity"": 2500}, {""price"": 0.0, ""orders"": 0, ""quantity"": 0}, {""price"": 0.0, ""orders"": 0, ""quantity"": 0}, {""price"": 0.0, ""orders"": 0, ""quantity"": 0}, {""price"": 0.0, ""orders"": 0, ""quantity"": 0}]","[{""price"": 29.9, ""orders"": 16, ""quantity"": 280000}, {""price"": 30.0, ""orders"": 2, ""quantity"": 7500}, {""price"": 30.5, ""orders"": 4, ""quantity"": 17500}, {""price"": 30.8, ""orders"": 1, ""quantity"": 5000}, {""price"": 0.0, ""orders"": 0, ""quantity"": 0}]"
"2025-12-17 14:03:09.015098+05:30","2635777","KCK-ST","29.9","2500","Wed Dec 17 13:14:19 IST 2025","2500","29.9","29.9","29.9","30.5",NULL,NULL,"[{""price"": 29.9, ""orders"": 1, ""quantity"": 2500}, {""price"": 0.0, ""orders"": 0, ""quantity"": 0}, {""price"": 0.0, ""orders"": 0, ""quantity"": 0}, {""price"": 0.0, ""orders"": 0, ""quantity"": 0}, {""price"": 0.0, ""orders"": 0, ""quantity"": 0}]","[{""price"": 29.9, ""orders"": 16, ""quantity"": 280000}, {""price"": 30.0, ""orders"": 2, ""quantity"": 7500}, {""price"": 30.5, ""orders"": 4, ""quantity"": 17500}, {""price"": 30.8, ""orders"": 1, ""quantity"": 5000}, {""price"": 0.0, ""orders"": 0, ""quantity"": 0}]"
"2025-12-17 14:03:10.446537+05:30","2635777","KCK-ST","29.9","2500","Wed Dec 17 13:14:19 IST 2025","2500","29.9","29.9","29.9","30.5",NULL,NULL,"[{""price"": 29.9, ""orders"": 1, ""quantity"": 2500}, {""price"": 0.0, ""orders"": 0, ""quantity"": 0}, {""price"": 0.0, ""orders"": 0, ""quantity"": 0}, {""price"": 0.0, ""orders"": 0, ""quantity"": 0}, {""price"": 0.0, ""orders"": 0, ""quantity"": 0}]","[{""price"": 29.9, ""orders"": 16, ""quantity"": 280000}, {""price"": 30.0, ""orders"": 2, ""quantity"": 7500}, {""price"": 30.5, ""orders"": 4, ""quantity"": 17500}, {""price"": 30.8, ""orders"": 1, ""quantity"": 5000}, {""price"": 0.0, ""orders"": 0, ""quantity"": 0}]"
"2025-12-17 14:03:11.827348+05:30","2635777","KCK-ST","29.9","2500","Wed Dec 17 13:14:19 IST 2025","2500","29.9","29.9","29.9","30.5",NULL,NULL,"[{""price"": 29.9, ""orders"": 1, ""quantity"": 2500}, {""price"": 0.0, ""orders"": 0, ""quantity"": 0}, {""price"": 0.0, ""orders"": 0, ""quantity"": 0}, {""price"": 0.0, ""orders"": 0, ""quantity"": 0}, {""price"": 0.0, ""orders"": 0, ""quantity"": 0}]","[{""price"": 29.9, ""orders"": 16, ""quantity"": 280000}, {""price"": 30.0, ""orders"": 2, ""quantity"": 7500}, {""price"": 30.5, ""orders"": 4, ""quantity"": 17500}, {""price"": 30.8, ""orders"": 1, ""quantity"": 5000}, {""price"": 0.0, ""orders"": 0, ""quantity"": 0}]"
"2025-12-17 14:03:12.149772+05:30","2635777","KCK-ST","29.9","2500","Wed Dec 17 13:14:19 IST 2025","2500","29.9","29.9","29.9","30.5",NULL,NULL,"[{""price"": 29.9, ""orders"": 1, ""quantity"": 2500}, {""price"": 0.0, ""orders"": 0, ""quantity"": 0}, {""price"": 0.0, ""orders"": 0, ""quantity"": 0}, {""price"": 0.0, ""orders"": 0, ""quantity"": 0}, {""price"": 0.0, ""orders"": 0, ""quantity"": 0}]","[{""price"": 29.9, ""orders"": 17, ""quantity"": 310000}, {""price"": 30.0, ""orders"": 2, ""quantity"": 7500}, {""price"": 30.5, ""orders"": 4, ""quantity"": 17500}, {""price"": 30.8, ""orders"": 1, ""quantity"": 5000}, {""price"": 0.0, ""orders"": 0, ""quantity"": 0}]"
"2025-12-17 14:03:20.183691+05:30","2635777","KCK-ST","29.9","2500","Wed Dec 17 13:14:19 IST 2025","2500","29.9","29.9","29.9","30.5",NULL,NULL,"[{""price"": 29.9, ""orders"": 1, ""quantity"": 2500}, {""price"": 0.0, ""orders"": 0, ""quantity"": 0}, {""price"": 0.0, ""orders"": 0, ""quantity"": 0}, {""price"": 0.0, ""orders"": 0, ""quantity"": 0}, {""price"": 0.0, ""orders"": 0, ""quantity"": 0}]","[{""price"": 29.9, ""orders"": 18, ""quantity"": 365000}, {""price"": 30.0, ""orders"": 2, ""quantity"": 7500}, {""price"": 30.5, ""orders"": 4, ""quantity"": 17500}, {""price"": 30.8, ""orders"": 1, ""quantity"": 5000}, {""price"": 0.0, ""orders"": 0, ""quantity"": 0}]"
"2025-12-17 14:03:34.148484+05:30","2635777","KCK-ST","29.9","2500","Wed Dec 17 13:14:19 IST 2025","2500","29.9","29.9","29.9","30.5",NULL,NULL,"[{""price"": 29.9, ""orders"": 1, ""quantity"": 2500}, {""price"": 0.0, ""orders"": 0, ""quantity"": 0}, {""price"": 0.0, ""orders"": 0, ""quantity"": 0}, {""price"": 0.0, ""orders"": 0, ""quantity"": 0}, {""price"": 0.0, ""orders"": 0, ""quantity"": 0}]","[{""price"": 29.9, ""orders"": 19, ""quantity"": 445000}, {""price"": 30.0, ""orders"": 2, ""quantity"": 7500}, {""price"": 30.5, ""orders"": 4, ""quantity"": 17500}, {""price"": 30.8, ""orders"": 1, ""quantity"": 5000}, {""price"": 0.0, ""orders"": 0, ""quantity"": 0}]"
"2025-12-17 14:03:44.973137+05:30","2635777","KCK-ST","29.9","2500","Wed Dec 17 13:14:19 IST 2025","2500","29.9","29.9","29.9","30.5",NULL,NULL,"[{""price"": 29.9, ""orders"": 1, ""quantity"": 2500}, {""price"": 0.0, ""orders"": 0, ""quantity"": 0}, {""price"": 0.0, ""orders"": 0, ""quantity"": 0}, {""price"": 0.0, ""orders"": 0, ""quantity"": 0}, {""price"": 0.0, ""orders"": 0, ""quantity"": 0}]","[{""price"": 29.9, ""orders"": 20, ""quantity"": 490000}, {""price"": 30.0, ""orders"": 2, ""quantity"": 7500}, {""price"": 30.5, ""orders"": 4, ""quantity"": 17500}, {""price"": 30.8, ""orders"": 1, ""quantity"": 5000}, {""price"": 0.0, ""orders"": 0, ""quantity"": 0}]"
"2025-12-17 14:06:12.149261+05:30","2635777","KCK-ST","29.9","2500","Wed Dec 17 13:14:19 IST 2025","2500","29.9","29.9","29.9","30.5",NULL,NULL,"[{""price"": 29.9, ""orders"": 1, ""quantity"": 2500}, {""price"": 0.0, ""orders"": 0, ""quantity"": 0}, {""price"": 0.0, ""orders"": 0, ""quantity"": 0}, {""price"": 0.0, ""orders"": 0, ""quantity"": 0}, {""price"": 0.0, ""orders"": 0, ""quantity"": 0}]","[{""price"": 29.9, ""orders"": 26, ""quantity"": 765000}, {""price"": 30.0, ""orders"": 2, ""quantity"": 7500}, {""price"": 30.5, ""orders"": 4, ""quantity"": 17500}, {""price"": 30.8, ""orders"": 1, ""quantity"": 5000}, {""price"": 0.0, ""orders"": 0, ""quantity"": 0}]"
"2025-12-17 14:07:40.448017+05:30","2635777","KCK-ST","29.9","2500","Wed Dec 17 13:14:19 IST 2025","2500","29.9","29.9","29.9","30.5",NULL,NULL,"[{""price"": 29.9, ""orders"": 1, ""quantity"": 2500}, {""price"": 0.0, ""orders"": 0, ""quantity"": 0}, {""price"": 0.0, ""orders"": 0, ""quantity"": 0}, {""price"": 0.0, ""orders"": 0, ""quantity"": 0}, {""price"": 0.0, ""orders"": 0, ""quantity"": 0}]","[{""price"": 29.9, ""orders"": 33, ""quantity"": 997500}, {""price"": 30.0, ""orders"": 2, ""quantity"": 7500}, {""price"": 30.5, ""orders"": 4, ""quantity"": 17500}, {""price"": 30.8, ""orders"": 1, ""quantity"": 5000}, {""price"": 0.0, ""orders"": 0, ""quantity"": 0}]"
"2025-12-17 14:07:41.940566+05:30","2635777","KCK-ST","29.9","2500","Wed Dec 17 13:14:19 IST 2025","2500","29.9","29.9","29.9","30.5",NULL,NULL,"[{""price"": 29.9, ""orders"": 1, ""quantity"": 2500}, {""price"": 0.0, ""orders"": 0, ""quantity"": 0}, {""price"": 0.0, ""orders"": 0, ""quantity"": 0}, {""price"": 0.0, ""orders"": 0, ""quantity"": 0}, {""price"": 0.0, ""orders"": 0, ""quantity"": 0}]","[{""price"": 29.9, ""orders"": 33, ""quantity"": 997500}, {""price"": 30.0, ""orders"": 2, ""quantity"": 7500}, {""price"": 30.5, ""orders"": 4, ""quantity"": 17500}, {""price"": 30.8, ""orders"": 1, ""quantity"": 5000}, {""price"": 0.0, ""orders"": 0, ""quantity"": 0}]"
"2025-12-17 14:07:43.202232+05:30","2635777","KCK-ST","29.9","2500","Wed Dec 17 13:14:19 IST 2025","2500","29.9","29.9","29.9","30.5",NULL,NULL,"[{""price"": 29.9, ""orders"": 1, ""quantity"": 2500}, {""price"": 0.0, ""orders"": 0, ""quantity"": 0}, {""price"": 0.0, ""orders"": 0, ""quantity"": 0}, {""price"": 0.0, ""orders"": 0, ""quantity"": 0}, {""price"": 0.0, ""orders"": 0, ""quantity"": 0}]","[{""price"": 29.9, ""orders"": 33, ""quantity"": 997500}, {""price"": 30.0, ""orders"": 2, ""quantity"": 7500}, {""price"": 30.5, ""orders"": 4, ""quantity"": 17500}, {""price"": 30.8, ""orders"": 1, ""quantity"": 5000}, {""price"": 0.0, ""orders"": 0, ""quantity"": 0}]"
"2025-12-17 14:07:44.627133+05:30","2635777","KCK-ST","29.9","2500","Wed Dec 17 13:14:19 IST 2025","2500","29.9","29.9","29.9","30.5",NULL,NULL,"[{""price"": 29.9, ""orders"": 1, ""quantity"": 2500}, {""price"": 0.0, ""orders"": 0, ""quantity"": 0}, {""price"": 0.0, ""orders"": 0, ""quantity"": 0}, {""price"": 0.0, ""orders"": 0, ""quantity"": 0}, {""price"": 0.0, ""orders"": 0, ""quantity"": 0}]","[{""price"": 29.9, ""orders"": 33, ""quantity"": 997500}, {""price"": 30.0, ""orders"": 2, ""quantity"": 7500}, {""price"": 30.5, ""orders"": 4, ""quantity"": 17500}, {""price"": 30.8, ""orders"": 1, ""quantity"": 5000}, {""price"": 0.0, ""orders"": 0, ""quantity"": 0}]"
"2025-12-17 14:07:45.996321+05:30","2635777","KCK-ST","29.9","2500","Wed Dec 17 13:14:19 IST 2025","2500","29.9","29.9","29.9","30.5",NULL,NULL,"[{""price"": 29.9, ""orders"": 1, ""quantity"": 2500}, {""price"": 0.0, ""orders"": 0, ""quantity"": 0}, {""price"": 0.0, ""orders"": 0, ""quantity"": 0}, {""price"": 0.0, ""orders"": 0, ""quantity"": 0}, {""price"": 0.0, ""orders"": 0, ""quantity"": 0}]","[{""price"": 29.9, ""orders"": 33, ""quantity"": 997500}, {""price"": 30.0, ""orders"": 2, ""quantity"": 7500}, {""price"": 30.5, ""orders"": 4, ""quantity"": 17500}, {""price"": 30.8, ""orders"": 1, ""quantity"": 5000}, {""price"": 0.0, ""orders"": 0, ""quantity"": 0}]"
"2025-12-17 14:07:47.349522+05:30","2635777","KCK-ST","29.9","2500","Wed Dec 17 13:14:19 IST 2025","2500","29.9","29.9","29.9","30.5","29.9","31.1","[{""price"": 29.9, ""orders"": 1, ""quantity"": 2500}, {""price"": 0.0, ""orders"": 0, ""quantity"": 0}, {""price"": 0.0, ""orders"": 0, ""quantity"": 0}, {""price"": 0.0, ""orders"": 0, ""quantity"": 0}, {""price"": 0.0, ""orders"": 0, ""quantity"": 0}]","[{""price"": 29.9, ""orders"": 33, ""quantity"": 997500}, {""price"": 30.0, ""orders"": 2, ""quantity"": 7500}, {""price"": 30.5, ""orders"": 4, ""quantity"": 17500}, {""price"": 30.8, ""orders"": 1, ""quantity"": 5000}, {""price"": 0.0, ""orders"": 0, ""quantity"": 0}]"
"2025-12-17 14:07:47.899759+05:30","2635777","KCK-ST","29.9","2500","Wed Dec 17 13:14:19 IST 2025","2500","29.9","29.9","29.9","30.5",NULL,NULL,"[{""price"": 29.9, ""orders"": 1, ""quantity"": 2500}, {""price"": 0.0, ""orders"": 0, ""quantity"": 0}, {""price"": 0.0, ""orders"": 0, ""quantity"": 0}, {""price"": 0.0, ""orders"": 0, ""quantity"": 0}, {""price"": 0.0, ""orders"": 0, ""quantity"": 0}]","[{""price"": 29.9, ""orders"": 34, ""quantity"": 1030000}, {""price"": 30.0, ""orders"": 2, ""quantity"": 7500}, {""price"": 30.5, ""orders"": 4, ""quantity"": 17500}, {""price"": 30.8, ""orders"": 1, ""quantity"": 5000}, {""price"": 0.0, ""orders"": 0, ""quantity"": 0}]"
"2025-12-17 14:08:09.649704+05:30","2635777","KCK-ST","29.9","2500","Wed Dec 17 13:14:19 IST 2025","2500","29.9","29.9","29.9","30.5",NULL,NULL,"[{""price"": 29.9, ""orders"": 1, ""quantity"": 2500}, {""price"": 0.0, ""orders"": 0, ""quantity"": 0}, {""price"": 0.0, ""orders"": 0, ""quantity"": 0}, {""price"": 0.0, ""orders"": 0, ""quantity"": 0}, {""price"": 0.0, ""orders"": 0, ""quantity"": 0}]","[{""price"": 29.9, ""orders"": 36, ""quantity"": 1067500}, {""price"": 30.0, ""orders"": 2, ""quantity"": 7500}, {""price"": 30.5, ""orders"": 4, ""quantity"": 17500}, {""price"": 30.8, ""orders"": 1, ""quantity"": 5000}, {""price"": 0.0, ""orders"": 0, ""quantity"": 0}]"
"2025-12-17 14:08:34.476883+05:30","2635777","KCK-ST","29.9","2500","Wed Dec 17 13:14:19 IST 2025","2500","29.9","29.9","29.9","30.5",NULL,NULL,"[{""price"": 29.9, ""orders"": 1, ""quantity"": 2500}, {""price"": 0.0, ""orders"": 0, ""quantity"": 0}, {""price"": 0.0, ""orders"": 0, ""quantity"": 0}, {""price"": 0.0, ""orders"": 0, ""quantity"": 0}, {""price"": 0.0, ""orders"": 0, ""quantity"": 0}]","[{""price"": 29.9, ""orders"": 36, ""quantity"": 1067500}, {""price"": 30.0, ""orders"": 2, ""quantity"": 7500}, {""price"": 30.5, ""orders"": 4, ""quantity"": 17500}, {""price"": 30.8, ""orders"": 1, ""quantity"": 5000}, {""price"": 0.0, ""orders"": 0, ""quantity"": 0}]"
"2025-12-17 14:06:16.14992+05:30","2635777","KCK-ST","29.9","2500","Wed Dec 17 13:14:19 IST 2025","2500","29.9","29.9","29.9","30.5",NULL,NULL,"[{""price"": 29.9, ""orders"": 1, ""quantity"": 2500}, {""price"": 0.0, ""orders"": 0, ""quantity"": 0}, {""price"": 0.0, ""orders"": 0, ""quantity"": 0}, {""price"": 0.0, ""orders"": 0, ""quantity"": 0}, {""price"": 0.0, ""orders"": 0, ""quantity"": 0}]","[{""price"": 29.9, ""orders"": 27, ""quantity"": 795000}, {""price"": 30.0, ""orders"": 2, ""quantity"": 7500}, {""price"": 30.5, ""orders"": 4, ""quantity"": 17500}, {""price"": 30.8, ""orders"": 1, ""quantity"": 5000}, {""price"": 0.0, ""orders"": 0, ""quantity"": 0}]"
"2025-12-17 14:06:33.150001+05:30","2635777","KCK-ST","29.9","2500","Wed Dec 17 13:14:19 IST 2025","2500","29.9","29.9","29.9","30.5",NULL,NULL,"[{""price"": 29.9, ""orders"": 1, ""quantity"": 2500}, {""price"": 0.0, ""orders"": 0, ""quantity"": 0}, {""price"": 0.0, ""orders"": 0, ""quantity"": 0}, {""price"": 0.0, ""orders"": 0, ""quantity"": 0}, {""price"": 0.0, ""orders"": 0, ""quantity"": 0}]","[{""price"": 29.9, ""orders"": 29, ""quantity"": 892500}, {""price"": 30.0, ""orders"": 2, ""quantity"": 7500}, {""price"": 30.5, ""orders"": 4, ""quantity"": 17500}, {""price"": 30.8, ""orders"": 1, ""quantity"": 5000}, {""price"": 0.0, ""orders"": 0, ""quantity"": 0}]"
"2025-12-17 14:09:04.599713+05:30","2635777","KCK-ST","29.9","2500","Wed Dec 17 13:14:19 IST 2025","2500","29.9","29.9","29.9","30.5",NULL,NULL,"[{""price"": 29.9, ""orders"": 1, ""quantity"": 2500}, {""price"": 0.0, ""orders"": 0, ""quantity"": 0}, {""price"": 0.0, ""orders"": 0, ""quantity"": 0}, {""price"": 0.0, ""orders"": 0, ""quantity"": 0}, {""price"": 0.0, ""orders"": 0, ""quantity"": 0}]","[{""price"": 29.9, ""orders"": 36, ""quantity"": 1067500}, {""price"": 30.0, ""orders"": 2, ""quantity"": 7500}, {""price"": 30.5, ""orders"": 4, ""quantity"": 17500}, {""price"": 30.8, ""orders"": 1, ""quantity"": 5000}, {""price"": 0.0, ""orders"": 0, ""quantity"": 0}]"
"2025-12-17 14:09:05.919951+05:30","2635777","KCK-ST","29.9","2500","Wed Dec 17 13:14:19 IST 2025","2500","29.9","29.9","29.9","30.5",NULL,NULL,"[{""price"": 29.9, ""orders"": 1, ""quantity"": 2500}, {""price"": 0.0, ""orders"": 0, ""quantity"": 0}, {""price"": 0.0, ""orders"": 0, ""quantity"": 0}, {""price"": 0.0, ""orders"": 0, ""quantity"": 0}, {""price"": 0.0, ""orders"": 0, ""quantity"": 0}]","[{""price"": 29.9, ""orders"": 36, ""quantity"": 1067500}, {""price"": 30.0, ""orders"": 2, ""quantity"": 7500}, {""price"": 30.5, ""orders"": 4, ""quantity"": 17500}, {""price"": 30.8, ""orders"": 1, ""quantity"": 5000}, {""price"": 0.0, ""orders"": 0, ""quantity"": 0}]"
"2025-12-17 14:09:07.287401+05:30","2635777","KCK-ST","29.9","2500","Wed Dec 17 13:14:19 IST 2025","2500","29.9","29.9","29.9","30.5",NULL,NULL,"[{""price"": 29.9, ""orders"": 1, ""quantity"": 2500}, {""price"": 0.0, ""orders"": 0, ""quantity"": 0}, {""price"": 0.0, ""orders"": 0, ""quantity"": 0}, {""price"": 0.0, ""orders"": 0, ""quantity"": 0}, {""price"": 0.0, ""orders"": 0, ""quantity"": 0}]","[{""price"": 29.9, ""orders"": 36, ""quantity"": 1067500}, {""price"": 30.0, ""orders"": 2, ""quantity"": 7500}, {""price"": 30.5, ""orders"": 4, ""quantity"": 17500}, {""price"": 30.8, ""orders"": 1, ""quantity"": 5000}, {""price"": 0.0, ""orders"": 0, ""quantity"": 0}]"
"2025-12-17 14:09:08.696114+05:30","2635777","KCK-ST","29.9","2500","Wed Dec 17 13:14:19 IST 2025","2500","29.9","29.9","29.9","30.5",NULL,NULL,"[{""price"": 29.9, ""orders"": 1, ""quantity"": 2500}, {""price"": 0.0, ""orders"": 0, ""quantity"": 0}, {""price"": 0.0, ""orders"": 0, ""quantity"": 0}, {""price"": 0.0, ""orders"": 0, ""quantity"": 0}, {""price"": 0.0, ""orders"": 0, ""quantity"": 0}]","[{""price"": 29.9, ""orders"": 36, ""quantity"": 1067500}, {""price"": 30.0, ""orders"": 2, ""quantity"": 7500}, {""price"": 30.5, ""orders"": 4, ""quantity"": 17500}, {""price"": 30.8, ""orders"": 1, ""quantity"": 5000}, {""price"": 0.0, ""orders"": 0, ""quantity"": 0}]"
"2025-12-17 14:09:09.810081+05:30","2635777","KCK-ST","29.9","2500","Wed Dec 17 13:14:19 IST 2025","2500","29.9","29.9","29.9","30.5","29.9","31.1","[{""price"": 29.9, ""orders"": 1, ""quantity"": 2500}, {""price"": 0.0, ""orders"": 0, ""quantity"": 0}, {""price"": 0.0, ""orders"": 0, ""quantity"": 0}, {""price"": 0.0, ""orders"": 0, ""quantity"": 0}, {""price"": 0.0, ""orders"": 0, ""quantity"": 0}]","[{""price"": 29.9, ""orders"": 36, ""quantity"": 1067500}, {""price"": 30.0, ""orders"": 2, ""quantity"": 7500}, {""price"": 30.5, ""orders"": 4, ""quantity"": 17500}, {""price"": 30.8, ""orders"": 1, ""quantity"": 5000}, {""price"": 0.0, ""orders"": 0, ""quantity"": 0}]"
"2025-12-17 14:09:11.454093+05:30","2635777","KCK-ST","29.9","2500","Wed Dec 17 13:14:19 IST 2025","2500","29.9","29.9","29.9","30.5",NULL,NULL,"[{""price"": 29.9, ""orders"": 1, ""quantity"": 2500}, {""price"": 0.0, ""orders"": 0, ""quantity"": 0}, {""price"": 0.0, ""orders"": 0, ""quantity"": 0}, {""price"": 0.0, ""orders"": 0, ""quantity"": 0}, {""price"": 0.0, ""orders"": 0, ""quantity"": 0}]","[{""price"": 29.9, ""orders"": 36, ""quantity"": 1067500}, {""price"": 30.0, ""orders"": 2, ""quantity"": 7500}, {""price"": 30.5, ""orders"": 4, ""quantity"": 17500}, {""price"": 30.8, ""orders"": 1, ""quantity"": 5000}, {""price"": 0.0, ""orders"": 0, ""quantity"": 0}]"
"2025-12-17 14:09:12.786352+05:30","2635777","KCK-ST","29.9","2500","Wed Dec 17 13:14:19 IST 2025","2500","29.9","29.9","29.9","30.5",NULL,NULL,"[{""price"": 29.9, ""orders"": 1, ""quantity"": 2500}, {""price"": 0.0, ""orders"": 0, ""quantity"": 0}, {""price"": 0.0, ""orders"": 0, ""quantity"": 0}, {""price"": 0.0, ""orders"": 0, ""quantity"": 0}, {""price"": 0.0, ""orders"": 0, ""quantity"": 0}]","[{""price"": 29.9, ""orders"": 36, ""quantity"": 1067500}, {""price"": 30.0, ""orders"": 2, ""quantity"": 7500}, {""price"": 30.5, ""orders"": 4, ""quantity"": 17500}, {""price"": 30.8, ""orders"": 1, ""quantity"": 5000}, {""price"": 0.0, ""orders"": 0, ""quantity"": 0}]"
"2025-12-17 14:09:14.193856+05:30","2635777","KCK-ST","29.9","2500","Wed Dec 17 13:14:19 IST 2025","2500","29.9","29.9","29.9","30.5",NULL,NULL,"[{""price"": 29.9, ""orders"": 1, ""quantity"": 2500}, {""price"": 0.0, ""orders"": 0, ""quantity"": 0}, {""price"": 0.0, ""orders"": 0, ""quantity"": 0}, {""price"": 0.0, ""orders"": 0, ""quantity"": 0}, {""price"": 0.0, ""orders"": 0, ""quantity"": 0}]","[{""price"": 29.9, ""orders"": 36, ""quantity"": 1067500}, {""price"": 30.0, ""orders"": 2, ""quantity"": 7500}, {""price"": 30.5, ""orders"": 4, ""quantity"": 17500}, {""price"": 30.8, ""orders"": 1, ""quantity"": 5000}, {""price"": 0.0, ""orders"": 0, ""quantity"": 0}]"
"2025-12-17 14:09:15.543628+05:30","2635777","KCK-ST","29.9","2500","Wed Dec 17 13:14:19 IST 2025","2500","29.9","29.9","29.9","30.5",NULL,NULL,"[{""price"": 29.9, ""orders"": 1, ""quantity"": 2500}, {""price"": 0.0, ""orders"": 0, ""quantity"": 0}, {""price"": 0.0, ""orders"": 0, ""quantity"": 0}, {""price"": 0.0, ""orders"": 0, ""quantity"": 0}, {""price"": 0.0, ""orders"": 0, ""quantity"": 0}]","[{""price"": 29.9, ""orders"": 36, ""quantity"": 1067500}, {""price"": 30.0, ""orders"": 2, ""quantity"": 7500}, {""price"": 30.5, ""orders"": 4, ""quantity"": 17500}, {""price"": 30.8, ""orders"": 1, ""quantity"": 5000}, {""price"": 0.0, ""orders"": 0, ""quantity"": 0}]"
"2025-12-17 14:09:17.043181+05:30","2635777","KCK-ST","29.9","2500","Wed Dec 17 13:14:19 IST 2025","2500","29.9","29.9","29.9","30.5",NULL,NULL,"[{""price"": 29.9, ""orders"": 1, ""quantity"": 2500}, {""price"": 0.0, ""orders"": 0, ""quantity"": 0}, {""price"": 0.0, ""orders"": 0, ""quantity"": 0}, {""price"": 0.0, ""orders"": 0, ""quantity"": 0}, {""price"": 0.0, ""orders"": 0, ""quantity"": 0}]","[{""price"": 29.9, ""orders"": 36, ""quantity"": 1067500}, {""price"": 30.0, ""orders"": 2, ""quantity"": 7500}, {""price"": 30.5, ""orders"": 4, ""quantity"": 17500}, {""price"": 30.8, ""orders"": 1, ""quantity"": 5000}, {""price"": 0.0, ""orders"": 0, ""quantity"": 0}]"
"2025-12-17 14:09:18.425612+05:30","2635777","KCK-ST","29.9","2500","Wed Dec 17 13:14:19 IST 2025","2500","29.9","29.9","29.9","30.5",NULL,NULL,"[{""price"": 29.9, ""orders"": 1, ""quantity"": 2500}, {""price"": 0.0, ""orders"": 0, ""quantity"": 0}, {""price"": 0.0, ""orders"": 0, ""quantity"": 0}, {""price"": 0.0, ""orders"": 0, ""quantity"": 0}, {""price"": 0.0, ""orders"": 0, ""quantity"": 0}]","[{""price"": 29.9, ""orders"": 36, ""quantity"": 1067500}, {""price"": 30.0, ""orders"": 2, ""quantity"": 7500}, {""price"": 30.5, ""orders"": 4, ""quantity"": 17500}, {""price"": 30.8, ""orders"": 1, ""quantity"": 5000}, {""price"": 0.0, ""orders"": 0, ""quantity"": 0}]"
"2025-12-17 14:09:19.853895+05:30","2635777","KCK-ST","29.9","2500","Wed Dec 17 13:14:19 IST 2025","2500","29.9","29.9","29.9","30.5",NULL,NULL,"[{""price"": 29.9, ""orders"": 1, ""quantity"": 2500}, {""price"": 0.0, ""orders"": 0, ""quantity"": 0}, {""price"": 0.0, ""orders"": 0, ""quantity"": 0}, {""price"": 0.0, ""orders"": 0, ""quantity"": 0}, {""price"": 0.0, ""orders"": 0, ""quantity"": 0}]","[{""price"": 29.9, ""orders"": 36, ""quantity"": 1067500}, {""price"": 30.0, ""orders"": 2, ""quantity"": 7500}, {""price"": 30.5, ""orders"": 4, ""quantity"": 17500}, {""price"": 30.8, ""orders"": 1, ""quantity"": 5000}, {""price"": 0.0, ""orders"": 0, ""quantity"": 0}]"
"2025-12-17 14:09:21.209287+05:30","2635777","KCK-ST","29.9","2500","Wed Dec 17 13:14:19 IST 2025","2500","29.9","29.9","29.9","30.5",NULL,NULL,"[{""price"": 29.9, ""orders"": 1, ""quantity"": 2500}, {""price"": 0.0, ""orders"": 0, ""quantity"": 0}, {""price"": 0.0, ""orders"": 0, ""quantity"": 0}, {""price"": 0.0, ""orders"": 0, ""quantity"": 0}, {""price"": 0.0, ""orders"": 0, ""quantity"": 0}]","[{""price"": 29.9, ""orders"": 36, ""quantity"": 1067500}, {""price"": 30.0, ""orders"": 2, ""quantity"": 7500}, {""price"": 30.5, ""orders"": 4, ""quantity"": 17500}, {""price"": 30.8, ""orders"": 1, ""quantity"": 5000}, {""price"": 0.0, ""orders"": 0, ""quantity"": 0}]"
"2025-12-17 14:09:22.545701+05:30","2635777","KCK-ST","29.9","2500","Wed Dec 17 13:14:19 IST 2025","2500","29.9","29.9","29.9","30.5",NULL,NULL,"[{""price"": 29.9, ""orders"": 1, ""quantity"": 2500}, {""price"": 0.0, ""orders"": 0, ""quantity"": 0}, {""price"": 0.0, ""orders"": 0, ""quantity"": 0}, {""price"": 0.0, ""orders"": 0, ""quantity"": 0}, {""price"": 0.0, ""orders"": 0, ""quantity"": 0}]","[{""price"": 29.9, ""orders"": 36, ""quantity"": 1067500}, {""price"": 30.0, ""orders"": 2, ""quantity"": 7500}, {""price"": 30.5, ""orders"": 4, ""quantity"": 17500}, {""price"": 30.8, ""orders"": 1, ""quantity"": 5000}, {""price"": 0.0, ""orders"": 0, ""quantity"": 0}]"
"2025-12-17 14:09:23.889028+05:30","2635777","KCK-ST","29.9","2500","Wed Dec 17 13:14:19 IST 2025","2500","29.9","29.9","29.9","30.5",NULL,NULL,"[{""price"": 29.9, ""orders"": 1, ""quantity"": 2500}, {""price"": 0.0, ""orders"": 0, ""quantity"": 0}, {""price"": 0.0, ""orders"": 0, ""quantity"": 0}, {""price"": 0.0, ""orders"": 0, ""quantity"": 0}, {""price"": 0.0, ""orders"": 0, ""quantity"": 0}]","[{""price"": 29.9, ""orders"": 36, ""quantity"": 1067500}, {""price"": 30.0, ""orders"": 2, ""quantity"": 7500}, {""price"": 30.5, ""orders"": 4, ""quantity"": 17500}, {""price"": 30.8, ""orders"": 1, ""quantity"": 5000}, {""price"": 0.0, ""orders"": 0, ""quantity"": 0}]"
"2025-12-17 14:09:25.362621+05:30","2635777","KCK-ST","29.9","2500","Wed Dec 17 13:14:19 IST 2025","2500","29.9","29.9","29.9","30.5",NULL,NULL,"[{""price"": 29.9, ""orders"": 1, ""quantity"": 2500}, {""price"": 0.0, ""orders"": 0, ""quantity"": 0}, {""price"": 0.0, ""orders"": 0, ""quantity"": 0}, {""price"": 0.0, ""orders"": 0, ""quantity"": 0}, {""price"": 0.0, ""orders"": 0, ""quantity"": 0}]","[{""price"": 29.9, ""orders"": 36, ""quantity"": 1067500}, {""price"": 30.0, ""orders"": 2, ""quantity"": 7500}, {""price"": 30.5, ""orders"": 4, ""quantity"": 17500}, {""price"": 30.8, ""orders"": 1, ""quantity"": 5000}, {""price"": 0.0, ""orders"": 0, ""quantity"": 0}]"
"2025-12-17 14:10:36.409183+05:30","2635777","KCK-ST","29.9","2500","Wed Dec 17 13:14:19 IST 2025","2500","29.9","29.9","29.9","30.5",NULL,NULL,"[{""price"": 29.9, ""orders"": 1, ""quantity"": 2500}, {""price"": 0.0, ""orders"": 0, ""quantity"": 0}, {""price"": 0.0, ""orders"": 0, ""quantity"": 0}, {""price"": 0.0, ""orders"": 0, ""quantity"": 0}, {""price"": 0.0, ""orders"": 0, ""quantity"": 0}]","[{""price"": 29.9, ""orders"": 37, ""quantity"": 1132500}, {""price"": 30.0, ""orders"": 2, ""quantity"": 7500}, {""price"": 30.5, ""orders"": 4, ""quantity"": 17500}, {""price"": 30.8, ""orders"": 1, ""quantity"": 5000}, {""price"": 0.0, ""orders"": 0, ""quantity"": 0}]"
"2025-12-17 14:10:37.728829+05:30","2635777","KCK-ST","29.9","2500","Wed Dec 17 13:14:19 IST 2025","2500","29.9","29.9","29.9","30.5","29.9","31.1","[{""price"": 29.9, ""orders"": 1, ""quantity"": 2500}, {""price"": 0.0, ""orders"": 0, ""quantity"": 0}, {""price"": 0.0, ""orders"": 0, ""quantity"": 0}, {""price"": 0.0, ""orders"": 0, ""quantity"": 0}, {""price"": 0.0, ""orders"": 0, ""quantity"": 0}]","[{""price"": 29.9, ""orders"": 37, ""quantity"": 1132500}, {""price"": 30.0, ""orders"": 2, ""quantity"": 7500}, {""price"": 30.5, ""orders"": 4, ""quantity"": 17500}, {""price"": 30.8, ""orders"": 1, ""quantity"": 5000}, {""price"": 0.0, ""orders"": 0, ""quantity"": 0}]"
"2025-12-17 14:10:39.154634+05:30","2635777","KCK-ST","29.9","2500","Wed Dec 17 13:14:19 IST 2025","2500","29.9","29.9","29.9","30.5",NULL,NULL,"[{""price"": 29.9, ""orders"": 1, ""quantity"": 2500}, {""price"": 0.0, ""orders"": 0, ""quantity"": 0}, {""price"": 0.0, ""orders"": 0, ""quantity"": 0}, {""price"": 0.0, ""orders"": 0, ""quantity"": 0}, {""price"": 0.0, ""orders"": 0, ""quantity"": 0}]","[{""price"": 29.9, ""orders"": 37, ""quantity"": 1132500}, {""price"": 30.0, ""orders"": 2, ""quantity"": 7500}, {""price"": 30.5, ""orders"": 4, ""quantity"": 17500}, {""price"": 30.8, ""orders"": 1, ""quantity"": 5000}, {""price"": 0.0, ""orders"": 0, ""quantity"": 0}]"
"2025-12-17 14:10:40.560636+05:30","2635777","KCK-ST","29.9","2500","Wed Dec 17 13:14:19 IST 2025","2500","29.9","29.9","29.9","30.5",NULL,NULL,"[{""price"": 29.9, ""orders"": 1, ""quantity"": 2500}, {""price"": 0.0, ""orders"": 0, ""quantity"": 0}, {""price"": 0.0, ""orders"": 0, ""quantity"": 0}, {""price"": 0.0, ""orders"": 0, ""quantity"": 0}, {""price"": 0.0, ""orders"": 0, ""quantity"": 0}]","[{""price"": 29.9, ""orders"": 37, ""quantity"": 1132500}, {""price"": 30.0, ""orders"": 2, ""quantity"": 7500}, {""price"": 30.5, ""orders"": 4, ""quantity"": 17500}, {""price"": 30.8, ""orders"": 1, ""quantity"": 5000}, {""price"": 0.0, ""orders"": 0, ""quantity"": 0}]"
"2025-12-17 14:04:30.537416+05:30","2635777","KCK-ST","29.9","2500","Wed Dec 17 13:14:19 IST 2025","2500","29.9","29.9","29.9","30.5",NULL,NULL,"[{""price"": 29.9, ""orders"": 1, ""quantity"": 2500}, {""price"": 0.0, ""orders"": 0, ""quantity"": 0}, {""price"": 0.0, ""orders"": 0, ""quantity"": 0}, {""price"": 0.0, ""orders"": 0, ""quantity"": 0}, {""price"": 0.0, ""orders"": 0, ""quantity"": 0}]","[{""price"": 29.9, ""orders"": 21, ""quantity"": 530000}, {""price"": 30.0, ""orders"": 2, ""quantity"": 7500}, {""price"": 30.5, ""orders"": 4, ""quantity"": 17500}, {""price"": 30.8, ""orders"": 1, ""quantity"": 5000}, {""price"": 0.0, ""orders"": 0, ""quantity"": 0}]"
"2025-12-17 14:04:31.959474+05:30","2635777","KCK-ST","29.9","2500","Wed Dec 17 13:14:19 IST 2025","2500","29.9","29.9","29.9","30.5",NULL,NULL,"[{""price"": 29.9, ""orders"": 1, ""quantity"": 2500}, {""price"": 0.0, ""orders"": 0, ""quantity"": 0}, {""price"": 0.0, ""orders"": 0, ""quantity"": 0}, {""price"": 0.0, ""orders"": 0, ""quantity"": 0}, {""price"": 0.0, ""orders"": 0, ""quantity"": 0}]","[{""price"": 29.9, ""orders"": 21, ""quantity"": 530000}, {""price"": 30.0, ""orders"": 2, ""quantity"": 7500}, {""price"": 30.5, ""orders"": 4, ""quantity"": 17500}, {""price"": 30.8, ""orders"": 1, ""quantity"": 5000}, {""price"": 0.0, ""orders"": 0, ""quantity"": 0}]"
"2025-12-17 14:04:33.372195+05:30","2635777","KCK-ST","29.9","2500","Wed Dec 17 13:14:19 IST 2025","2500","29.9","29.9","29.9","30.5",NULL,NULL,"[{""price"": 29.9, ""orders"": 1, ""quantity"": 2500}, {""price"": 0.0, ""orders"": 0, ""quantity"": 0}, {""price"": 0.0, ""orders"": 0, ""quantity"": 0}, {""price"": 0.0, ""orders"": 0, ""quantity"": 0}, {""price"": 0.0, ""orders"": 0, ""quantity"": 0}]","[{""price"": 29.9, ""orders"": 21, ""quantity"": 530000}, {""price"": 30.0, ""orders"": 2, ""quantity"": 7500}, {""price"": 30.5, ""orders"": 4, ""quantity"": 17500}, {""price"": 30.8, ""orders"": 1, ""quantity"": 5000}, {""price"": 0.0, ""orders"": 0, ""quantity"": 0}]"
"2025-12-17 14:04:34.779426+05:30","2635777","KCK-ST","29.9","2500","Wed Dec 17 13:14:19 IST 2025","2500","29.9","29.9","29.9","30.5",NULL,NULL,"[{""price"": 29.9, ""orders"": 1, ""quantity"": 2500}, {""price"": 0.0, ""orders"": 0, ""quantity"": 0}, {""price"": 0.0, ""orders"": 0, ""quantity"": 0}, {""price"": 0.0, ""orders"": 0, ""quantity"": 0}, {""price"": 0.0, ""orders"": 0, ""quantity"": 0}]","[{""price"": 29.9, ""orders"": 21, ""quantity"": 530000}, {""price"": 30.0, ""orders"": 2, ""quantity"": 7500}, {""price"": 30.5, ""orders"": 4, ""quantity"": 17500}, {""price"": 30.8, ""orders"": 1, ""quantity"": 5000}, {""price"": 0.0, ""orders"": 0, ""quantity"": 0}]"
"2025-12-17 14:04:34.899324+05:30","2635777","KCK-ST","29.9","2500","Wed Dec 17 13:14:19 IST 2025","2500","29.9","29.9","29.9","30.5",NULL,NULL,"[{""price"": 29.9, ""orders"": 1, ""quantity"": 2500}, {""price"": 0.0, ""orders"": 0, ""quantity"": 0}, {""price"": 0.0, ""orders"": 0, ""quantity"": 0}, {""price"": 0.0, ""orders"": 0, ""quantity"": 0}, {""price"": 0.0, ""orders"": 0, ""quantity"": 0}]","[{""price"": 29.9, ""orders"": 22, ""quantity"": 620000}, {""price"": 30.0, ""orders"": 2, ""quantity"": 7500}, {""price"": 30.5, ""orders"": 4, ""quantity"": 17500}, {""price"": 30.8, ""orders"": 1, ""quantity"": 5000}, {""price"": 0.0, ""orders"": 0, ""quantity"": 0}]"
"2025-12-17 14:06:48.149184+05:30","2635777","KCK-ST","29.9","2500","Wed Dec 17 13:14:19 IST 2025","2500","29.9","29.9","29.9","30.5",NULL,NULL,"[{""price"": 29.9, ""orders"": 1, ""quantity"": 2500}, {""price"": 0.0, ""orders"": 0, ""quantity"": 0}, {""price"": 0.0, ""orders"": 0, ""quantity"": 0}, {""price"": 0.0, ""orders"": 0, ""quantity"": 0}, {""price"": 0.0, ""orders"": 0, ""quantity"": 0}]","[{""price"": 29.9, ""orders"": 30, ""quantity"": 902500}, {""price"": 30.0, ""orders"": 2, ""quantity"": 7500}, {""price"": 30.5, ""orders"": 4, ""quantity"": 17500}, {""price"": 30.8, ""orders"": 1, ""quantity"": 5000}, {""price"": 0.0, ""orders"": 0, ""quantity"": 0}]"
"2025-12-17 14:06:56.493492+05:30","2635777","KCK-ST","29.9","2500","Wed Dec 17 13:14:19 IST 2025","2500","29.9","29.9","29.9","30.5",NULL,NULL,"[{""price"": 29.9, ""orders"": 1, ""quantity"": 2500}, {""price"": 0.0, ""orders"": 0, ""quantity"": 0}, {""price"": 0.0, ""orders"": 0, ""quantity"": 0}, {""price"": 0.0, ""orders"": 0, ""quantity"": 0}, {""price"": 0.0, ""orders"": 0, ""quantity"": 0}]","[{""price"": 29.9, ""orders"": 31, ""quantity"": 962500}, {""price"": 30.0, ""orders"": 2, ""quantity"": 7500}, {""price"": 30.5, ""orders"": 4, ""quantity"": 17500}, {""price"": 30.8, ""orders"": 1, ""quantity"": 5000}, {""price"": 0.0, ""orders"": 0, ""quantity"": 0}]"
"2025-12-17 14:07:05.649697+05:30","2635777","KCK-ST","29.9","2500","Wed Dec 17 13:14:19 IST 2025","2500","29.9","29.9","29.9","30.5",NULL,NULL,"[{""price"": 29.9, ""orders"": 1, ""quantity"": 2500}, {""price"": 0.0, ""orders"": 0, ""quantity"": 0}, {""price"": 0.0, ""orders"": 0, ""quantity"": 0}, {""price"": 0.0, ""orders"": 0, ""quantity"": 0}, {""price"": 0.0, ""orders"": 0, ""quantity"": 0}]","[{""price"": 29.9, ""orders"": 32, ""quantity"": 990000}, {""price"": 30.0, ""orders"": 2, ""quantity"": 7500}, {""price"": 30.5, ""orders"": 4, ""quantity"": 17500}, {""price"": 30.8, ""orders"": 1, ""quantity"": 5000}, {""price"": 0.0, ""orders"": 0, ""quantity"": 0}]"
"2025-12-17 14:07:09.443385+05:30","2635777","KCK-ST","29.9","2500","Wed Dec 17 13:14:19 IST 2025","2500","29.9","29.9","29.9","30.5",NULL,NULL,"[{""price"": 29.9, ""orders"": 1, ""quantity"": 2500}, {""price"": 0.0, ""orders"": 0, ""quantity"": 0}, {""price"": 0.0, ""orders"": 0, ""quantity"": 0}, {""price"": 0.0, ""orders"": 0, ""quantity"": 0}, {""price"": 0.0, ""orders"": 0, ""quantity"": 0}]","[{""price"": 29.9, ""orders"": 33, ""quantity"": 997500}, {""price"": 30.0, ""orders"": 2, ""quantity"": 7500}, {""price"": 30.5, ""orders"": 4, ""quantity"": 17500}, {""price"": 30.8, ""orders"": 1, ""quantity"": 5000}, {""price"": 0.0, ""orders"": 0, ""quantity"": 0}]"
"2025-12-17 14:10:06.993664+05:30","2635777","KCK-ST","29.9","2500","Wed Dec 17 13:14:19 IST 2025","2500","29.9","29.9","29.9","30.5",NULL,NULL,"[{""price"": 29.9, ""orders"": 1, ""quantity"": 2500}, {""price"": 0.0, ""orders"": 0, ""quantity"": 0}, {""price"": 0.0, ""orders"": 0, ""quantity"": 0}, {""price"": 0.0, ""orders"": 0, ""quantity"": 0}, {""price"": 0.0, ""orders"": 0, ""quantity"": 0}]","[{""price"": 29.9, ""orders"": 37, ""quantity"": 1132500}, {""price"": 30.0, ""orders"": 2, ""quantity"": 7500}, {""price"": 30.5, ""orders"": 4, ""quantity"": 17500}, {""price"": 30.8, ""orders"": 1, ""quantity"": 5000}, {""price"": 0.0, ""orders"": 0, ""quantity"": 0}]"
"2025-12-17 14:10:08.408865+05:30","2635777","KCK-ST","29.9","2500","Wed Dec 17 13:14:19 IST 2025","2500","29.9","29.9","29.9","30.5",NULL,NULL,"[{""price"": 29.9, ""orders"": 1, ""quantity"": 2500}, {""price"": 0.0, ""orders"": 0, ""quantity"": 0}, {""price"": 0.0, ""orders"": 0, ""quantity"": 0}, {""price"": 0.0, ""orders"": 0, ""quantity"": 0}, {""price"": 0.0, ""orders"": 0, ""quantity"": 0}]","[{""price"": 29.9, ""orders"": 37, ""quantity"": 1132500}, {""price"": 30.0, ""orders"": 2, ""quantity"": 7500}, {""price"": 30.5, ""orders"": 4, ""quantity"": 17500}, {""price"": 30.8, ""orders"": 1, ""quantity"": 5000}, {""price"": 0.0, ""orders"": 0, ""quantity"": 0}]"
"2025-12-17 14:10:09.751678+05:30","2635777","KCK-ST","29.9","2500","Wed Dec 17 13:14:19 IST 2025","2500","29.9","29.9","29.9","30.5",NULL,NULL,"[{""price"": 29.9, ""orders"": 1, ""quantity"": 2500}, {""price"": 0.0, ""orders"": 0, ""quantity"": 0}, {""price"": 0.0, ""orders"": 0, ""quantity"": 0}, {""price"": 0.0, ""orders"": 0, ""quantity"": 0}, {""price"": 0.0, ""orders"": 0, ""quantity"": 0}]","[{""price"": 29.9, ""orders"": 37, ""quantity"": 1132500}, {""price"": 30.0, ""orders"": 2, ""quantity"": 7500}, {""price"": 30.5, ""orders"": 4, ""quantity"": 17500}, {""price"": 30.8, ""orders"": 1, ""quantity"": 5000}, {""price"": 0.0, ""orders"": 0, ""quantity"": 0}]"
"2025-12-17 14:10:11.287747+05:30","2635777","KCK-ST","29.9","2500","Wed Dec 17 13:14:19 IST 2025","2500","29.9","29.9","29.9","30.5",NULL,NULL,"[{""price"": 29.9, ""orders"": 1, ""quantity"": 2500}, {""price"": 0.0, ""orders"": 0, ""quantity"": 0}, {""price"": 0.0, ""orders"": 0, ""quantity"": 0}, {""price"": 0.0, ""orders"": 0, ""quantity"": 0}, {""price"": 0.0, ""orders"": 0, ""quantity"": 0}]","[{""price"": 29.9, ""orders"": 37, ""quantity"": 1132500}, {""price"": 30.0, ""orders"": 2, ""quantity"": 7500}, {""price"": 30.5, ""orders"": 4, ""quantity"": 17500}, {""price"": 30.8, ""orders"": 1, ""quantity"": 5000}, {""price"": 0.0, ""orders"": 0, ""quantity"": 0}]"
"2025-12-17 14:10:12.627092+05:30","2635777","KCK-ST","29.9","2500","Wed Dec 17 13:14:19 IST 2025","2500","29.9","29.9","29.9","30.5",NULL,NULL,"[{""price"": 29.9, ""orders"": 1, ""quantity"": 2500}, {""price"": 0.0, ""orders"": 0, ""quantity"": 0}, {""price"": 0.0, ""orders"": 0, ""quantity"": 0}, {""price"": 0.0, ""orders"": 0, ""quantity"": 0}, {""price"": 0.0, ""orders"": 0, ""quantity"": 0}]","[{""price"": 29.9, ""orders"": 37, ""quantity"": 1132500}, {""price"": 30.0, ""orders"": 2, ""quantity"": 7500}, {""price"": 30.5, ""orders"": 4, ""quantity"": 17500}, {""price"": 30.8, ""orders"": 1, ""quantity"": 5000}, {""price"": 0.0, ""orders"": 0, ""quantity"": 0}]"
"2025-12-17 14:10:13.943455+05:30","2635777","KCK-ST","29.9","2500","Wed Dec 17 13:14:19 IST 2025","2500","29.9","29.9","29.9","30.5",NULL,NULL,"[{""price"": 29.9, ""orders"": 1, ""quantity"": 2500}, {""price"": 0.0, ""orders"": 0, ""quantity"": 0}, {""price"": 0.0, ""orders"": 0, ""quantity"": 0}, {""price"": 0.0, ""orders"": 0, ""quantity"": 0}, {""price"": 0.0, ""orders"": 0, ""quantity"": 0}]","[{""price"": 29.9, ""orders"": 37, ""quantity"": 1132500}, {""price"": 30.0, ""orders"": 2, ""quantity"": 7500}, {""price"": 30.5, ""orders"": 4, ""quantity"": 17500}, {""price"": 30.8, ""orders"": 1, ""quantity"": 5000}, {""price"": 0.0, ""orders"": 0, ""quantity"": 0}]"
"2025-12-17 14:10:15.377653+05:30","2635777","KCK-ST","29.9","2500","Wed Dec 17 13:14:19 IST 2025","2500","29.9","29.9","29.9","30.5",NULL,NULL,"[{""price"": 29.9, ""orders"": 1, ""quantity"": 2500}, {""price"": 0.0, ""orders"": 0, ""quantity"": 0}, {""price"": 0.0, ""orders"": 0, ""quantity"": 0}, {""price"": 0.0, ""orders"": 0, ""quantity"": 0}, {""price"": 0.0, ""orders"": 0, ""quantity"": 0}]","[{""price"": 29.9, ""orders"": 37, ""quantity"": 1132500}, {""price"": 30.0, ""orders"": 2, ""quantity"": 7500}, {""price"": 30.5, ""orders"": 4, ""quantity"": 17500}, {""price"": 30.8, ""orders"": 1, ""quantity"": 5000}, {""price"": 0.0, ""orders"": 0, ""quantity"": 0}]"
"2025-12-17 14:10:16.826991+05:30","2635777","KCK-ST","29.9","2500","Wed Dec 17 13:14:19 IST 2025","2500","29.9","29.9","29.9","30.5",NULL,NULL,"[{""price"": 29.9, ""orders"": 1, ""quantity"": 2500}, {""price"": 0.0, ""orders"": 0, ""quantity"": 0}, {""price"": 0.0, ""orders"": 0, ""quantity"": 0}, {""price"": 0.0, ""orders"": 0, ""quantity"": 0}, {""price"": 0.0, ""orders"": 0, ""quantity"": 0}]","[{""price"": 29.9, ""orders"": 37, ""quantity"": 1132500}, {""price"": 30.0, ""orders"": 2, ""quantity"": 7500}, {""price"": 30.5, ""orders"": 4, ""quantity"": 17500}, {""price"": 30.8, ""orders"": 1, ""quantity"": 5000}, {""price"": 0.0, ""orders"": 0, ""quantity"": 0}]"
"2025-12-17 14:10:18.258944+05:30","2635777","KCK-ST","29.9","2500","Wed Dec 17 13:14:19 IST 2025","2500","29.9","29.9","29.9","30.5",NULL,NULL,"[{""price"": 29.9, ""orders"": 1, ""quantity"": 2500}, {""price"": 0.0, ""orders"": 0, ""quantity"": 0}, {""price"": 0.0, ""orders"": 0, ""quantity"": 0}, {""price"": 0.0, ""orders"": 0, ""quantity"": 0}, {""price"": 0.0, ""orders"": 0, ""quantity"": 0}]","[{""price"": 29.9, ""orders"": 37, ""quantity"": 1132500}, {""price"": 30.0, ""orders"": 2, ""quantity"": 7500}, {""price"": 30.5, ""orders"": 4, ""quantity"": 17500}, {""price"": 30.8, ""orders"": 1, ""quantity"": 5000}, {""price"": 0.0, ""orders"": 0, ""quantity"": 0}]"
"2025-12-17 14:10:41.985309+05:30","2635777","KCK-ST","29.9","2500","Wed Dec 17 13:14:19 IST 2025","2500","29.9","29.9","29.9","30.5",NULL,NULL,"[{""price"": 29.9, ""orders"": 1, ""quantity"": 2500}, {""price"": 0.0, ""orders"": 0, ""quantity"": 0}, {""price"": 0.0, ""orders"": 0, ""quantity"": 0}, {""price"": 0.0, ""orders"": 0, ""quantity"": 0}, {""price"": 0.0, ""orders"": 0, ""quantity"": 0}]","[{""price"": 29.9, ""orders"": 37, ""quantity"": 1132500}, {""price"": 30.0, ""orders"": 2, ""quantity"": 7500}, {""price"": 30.5, ""orders"": 4, ""quantity"": 17500}, {""price"": 30.8, ""orders"": 1, ""quantity"": 5000}, {""price"": 0.0, ""orders"": 0, ""quantity"": 0}]"
"2025-12-17 14:10:43.442499+05:30","2635777","KCK-ST","29.9","2500","Wed Dec 17 13:14:19 IST 2025","2500","29.9","29.9","29.9","30.5",NULL,NULL,"[{""price"": 29.9, ""orders"": 1, ""quantity"": 2500}, {""price"": 0.0, ""orders"": 0, ""quantity"": 0}, {""price"": 0.0, ""orders"": 0, ""quantity"": 0}, {""price"": 0.0, ""orders"": 0, ""quantity"": 0}, {""price"": 0.0, ""orders"": 0, ""quantity"": 0}]","[{""price"": 29.9, ""orders"": 37, ""quantity"": 1132500}, {""price"": 30.0, ""orders"": 2, ""quantity"": 7500}, {""price"": 30.5, ""orders"": 4, ""quantity"": 17500}, {""price"": 30.8, ""orders"": 1, ""quantity"": 5000}, {""price"": 0.0, ""orders"": 0, ""quantity"": 0}]"
"2025-12-17 14:10:44.857355+05:30","2635777","KCK-ST","29.9","2500","Wed Dec 17 13:14:19 IST 2025","2500","29.9","29.9","29.9","30.5",NULL,NULL,"[{""price"": 29.9, ""orders"": 1, ""quantity"": 2500}, {""price"": 0.0, ""orders"": 0, ""quantity"": 0}, {""price"": 0.0, ""orders"": 0, ""quantity"": 0}, {""price"": 0.0, ""orders"": 0, ""quantity"": 0}, {""price"": 0.0, ""orders"": 0, ""quantity"": 0}]","[{""price"": 29.9, ""orders"": 37, ""quantity"": 1132500}, {""price"": 30.0, ""orders"": 2, ""quantity"": 7500}, {""price"": 30.5, ""orders"": 4, ""quantity"": 17500}, {""price"": 30.8, ""orders"": 1, ""quantity"": 5000}, {""price"": 0.0, ""orders"": 0, ""quantity"": 0}]"
"2025-12-17 14:10:46.209766+05:30","2635777","KCK-ST","29.9","2500","Wed Dec 17 13:14:19 IST 2025","2500","29.9","29.9","29.9","30.5",NULL,NULL,"[{""price"": 29.9, ""orders"": 1, ""quantity"": 2500}, {""price"": 0.0, ""orders"": 0, ""quantity"": 0}, {""price"": 0.0, ""orders"": 0, ""quantity"": 0}, {""price"": 0.0, ""orders"": 0, ""quantity"": 0}, {""price"": 0.0, ""orders"": 0, ""quantity"": 0}]","[{""price"": 29.9, ""orders"": 37, ""quantity"": 1132500}, {""price"": 30.0, ""orders"": 2, ""quantity"": 7500}, {""price"": 30.5, ""orders"": 4, ""quantity"": 17500}, {""price"": 30.8, ""orders"": 1, ""quantity"": 5000}, {""price"": 0.0, ""orders"": 0, ""quantity"": 0}]"
"2025-12-17 14:10:47.537726+05:30","2635777","KCK-ST","29.9","2500","Wed Dec 17 13:14:19 IST 2025","2500","29.9","29.9","29.9","30.5",NULL,NULL,"[{""price"": 29.9, ""orders"": 1, ""quantity"": 2500}, {""price"": 0.0, ""orders"": 0, ""quantity"": 0}, {""price"": 0.0, ""orders"": 0, ""quantity"": 0}, {""price"": 0.0, ""orders"": 0, ""quantity"": 0}, {""price"": 0.0, ""orders"": 0, ""quantity"": 0}]","[{""price"": 29.9, ""orders"": 37, ""quantity"": 1132500}, {""price"": 30.0, ""orders"": 2, ""quantity"": 7500}, {""price"": 30.5, ""orders"": 4, ""quantity"": 17500}, {""price"": 30.8, ""orders"": 1, ""quantity"": 5000}, {""price"": 0.0, ""orders"": 0, ""quantity"": 0}]"
"2025-12-17 14:10:49.027194+05:30","2635777","KCK-ST","29.9","2500","Wed Dec 17 13:14:19 IST 2025","2500","29.9","29.9","29.9","30.5",NULL,NULL,"[{""price"": 29.9, ""orders"": 1, ""quantity"": 2500}, {""price"": 0.0, ""orders"": 0, ""quantity"": 0}, {""price"": 0.0, ""orders"": 0, ""quantity"": 0}, {""price"": 0.0, ""orders"": 0, ""quantity"": 0}, {""price"": 0.0, ""orders"": 0, ""quantity"": 0}]","[{""price"": 29.9, ""orders"": 37, ""quantity"": 1132500}, {""price"": 30.0, ""orders"": 2, ""quantity"": 7500}, {""price"": 30.5, ""orders"": 4, ""quantity"": 17500}, {""price"": 30.8, ""orders"": 1, ""quantity"": 5000}, {""price"": 0.0, ""orders"": 0, ""quantity"": 0}]"
"2025-12-17 14:10:50.484012+05:30","2635777","KCK-ST","29.9","2500","Wed Dec 17 13:14:19 IST 2025","2500","29.9","29.9","29.9","30.5",NULL,NULL,"[{""price"": 29.9, ""orders"": 1, ""quantity"": 2500}, {""price"": 0.0, ""orders"": 0, ""quantity"": 0}, {""price"": 0.0, ""orders"": 0, ""quantity"": 0}, {""price"": 0.0, ""orders"": 0, ""quantity"": 0}, {""price"": 0.0, ""orders"": 0, ""quantity"": 0}]","[{""price"": 29.9, ""orders"": 37, ""quantity"": 1132500}, {""price"": 30.0, ""orders"": 2, ""quantity"": 7500}, {""price"": 30.5, ""orders"": 4, ""quantity"": 17500}, {""price"": 30.8, ""orders"": 1, ""quantity"": 5000}, {""price"": 0.0, ""orders"": 0, ""quantity"": 0}]"
"2025-12-17 14:10:51.774358+05:30","2635777","KCK-ST","29.9","2500","Wed Dec 17 13:14:19 IST 2025","2500","29.9","29.9","29.9","30.5",NULL,NULL,"[{""price"": 29.9, ""orders"": 1, ""quantity"": 2500}, {""price"": 0.0, ""orders"": 0, ""quantity"": 0}, {""price"": 0.0, ""orders"": 0, ""quantity"": 0}, {""price"": 0.0, ""orders"": 0, ""quantity"": 0}, {""price"": 0.0, ""orders"": 0, ""quantity"": 0}]","[{""price"": 29.9, ""orders"": 37, ""quantity"": 1132500}, {""price"": 30.0, ""orders"": 2, ""quantity"": 7500}, {""price"": 30.5, ""orders"": 4, ""quantity"": 17500}, {""price"": 30.8, ""orders"": 1, ""quantity"": 5000}, {""price"": 0.0, ""orders"": 0, ""quantity"": 0}]"
"2025-12-17 14:10:53.143622+05:30","2635777","KCK-ST","29.9","2500","Wed Dec 17 13:14:19 IST 2025","2500","29.9","29.9","29.9","30.5",NULL,NULL,"[{""price"": 29.9, ""orders"": 1, ""quantity"": 2500}, {""price"": 0.0, ""orders"": 0, ""quantity"": 0}, {""price"": 0.0, ""orders"": 0, ""quantity"": 0}, {""price"": 0.0, ""orders"": 0, ""quantity"": 0}, {""price"": 0.0, ""orders"": 0, ""quantity"": 0}]","[{""price"": 29.9, ""orders"": 37, ""quantity"": 1132500}, {""price"": 30.0, ""orders"": 2, ""quantity"": 7500}, {""price"": 30.5, ""orders"": 4, ""quantity"": 17500}, {""price"": 30.8, ""orders"": 1, ""quantity"": 5000}, {""price"": 0.0, ""orders"": 0, ""quantity"": 0}]"
"2025-12-17 14:10:54.604454+05:30","2635777","KCK-ST","29.9","2500","Wed Dec 17 13:14:19 IST 2025","2500","29.9","29.9","29.9","30.5",NULL,NULL,"[{""price"": 29.9, ""orders"": 1, ""quantity"": 2500}, {""price"": 0.0, ""orders"": 0, ""quantity"": 0}, {""price"": 0.0, ""orders"": 0, ""quantity"": 0}, {""price"": 0.0, ""orders"": 0, ""quantity"": 0}, {""price"": 0.0, ""orders"": 0, ""quantity"": 0}]","[{""price"": 29.9, ""orders"": 37, ""quantity"": 1132500}, {""price"": 30.0, ""orders"": 2, ""quantity"": 7500}, {""price"": 30.5, ""orders"": 4, ""quantity"": 17500}, {""price"": 30.8, ""orders"": 1, ""quantity"": 5000}, {""price"": 0.0, ""orders"": 0, ""quantity"": 0}]"
"2025-12-17 14:10:55.93617+05:30","2635777","KCK-ST","29.9","2500","Wed Dec 17 13:14:19 IST 2025","2500","29.9","29.9","29.9","30.5",NULL,NULL,"[{""price"": 29.9, ""orders"": 1, ""quantity"": 2500}, {""price"": 0.0, ""orders"": 0, ""quantity"": 0}, {""price"": 0.0, ""orders"": 0, ""quantity"": 0}, {""price"": 0.0, ""orders"": 0, ""quantity"": 0}, {""price"": 0.0, ""orders"": 0, ""quantity"": 0}]","[{""price"": 29.9, ""orders"": 37, ""quantity"": 1132500}, {""price"": 30.0, ""orders"": 2, ""quantity"": 7500}, {""price"": 30.5, ""orders"": 4, ""quantity"": 17500}, {""price"": 30.8, ""orders"": 1, ""quantity"": 5000}, {""price"": 0.0, ""orders"": 0, ""quantity"": 0}]"
"2025-12-17 14:10:57.300185+05:30","2635777","KCK-ST","29.9","2500","Wed Dec 17 13:14:19 IST 2025","2500","29.9","29.9","29.9","30.5",NULL,NULL,"[{""price"": 29.9, ""orders"": 1, ""quantity"": 2500}, {""price"": 0.0, ""orders"": 0, ""quantity"": 0}, {""price"": 0.0, ""orders"": 0, ""quantity"": 0}, {""price"": 0.0, ""orders"": 0, ""quantity"": 0}, {""price"": 0.0, ""orders"": 0, ""quantity"": 0}]","[{""price"": 29.9, ""orders"": 37, ""quantity"": 1132500}, {""price"": 30.0, ""orders"": 2, ""quantity"": 7500}, {""price"": 30.5, ""orders"": 4, ""quantity"": 17500}, {""price"": 30.8, ""orders"": 1, ""quantity"": 5000}, {""price"": 0.0, ""orders"": 0, ""quantity"": 0}]"
"2025-12-17 14:10:19.788348+05:30","2635777","KCK-ST","29.9","2500","Wed Dec 17 13:14:19 IST 2025","2500","29.9","29.9","29.9","30.5",NULL,NULL,"[{""price"": 29.9, ""orders"": 1, ""quantity"": 2500}, {""price"": 0.0, ""orders"": 0, ""quantity"": 0}, {""price"": 0.0, ""orders"": 0, ""quantity"": 0}, {""price"": 0.0, ""orders"": 0, ""quantity"": 0}, {""price"": 0.0, ""orders"": 0, ""quantity"": 0}]","[{""price"": 29.9, ""orders"": 37, ""quantity"": 1132500}, {""price"": 30.0, ""orders"": 2, ""quantity"": 7500}, {""price"": 30.5, ""orders"": 4, ""quantity"": 17500}, {""price"": 30.8, ""orders"": 1, ""quantity"": 5000}, {""price"": 0.0, ""orders"": 0, ""quantity"": 0}]"
"2025-12-17 14:10:21.170251+05:30","2635777","KCK-ST","29.9","2500","Wed Dec 17 13:14:19 IST 2025","2500","29.9","29.9","29.9","30.5",NULL,NULL,"[{""price"": 29.9, ""orders"": 1, ""quantity"": 2500}, {""price"": 0.0, ""orders"": 0, ""quantity"": 0}, {""price"": 0.0, ""orders"": 0, ""quantity"": 0}, {""price"": 0.0, ""orders"": 0, ""quantity"": 0}, {""price"": 0.0, ""orders"": 0, ""quantity"": 0}]","[{""price"": 29.9, ""orders"": 37, ""quantity"": 1132500}, {""price"": 30.0, ""orders"": 2, ""quantity"": 7500}, {""price"": 30.5, ""orders"": 4, ""quantity"": 17500}, {""price"": 30.8, ""orders"": 1, ""quantity"": 5000}, {""price"": 0.0, ""orders"": 0, ""quantity"": 0}]"
"2025-12-17 14:10:22.547221+05:30","2635777","KCK-ST","29.9","2500","Wed Dec 17 13:14:19 IST 2025","2500","29.9","29.9","29.9","30.5",NULL,NULL,"[{""price"": 29.9, ""orders"": 1, ""quantity"": 2500}, {""price"": 0.0, ""orders"": 0, ""quantity"": 0}, {""price"": 0.0, ""orders"": 0, ""quantity"": 0}, {""price"": 0.0, ""orders"": 0, ""quantity"": 0}, {""price"": 0.0, ""orders"": 0, ""quantity"": 0}]","[{""price"": 29.9, ""orders"": 37, ""quantity"": 1132500}, {""price"": 30.0, ""orders"": 2, ""quantity"": 7500}, {""price"": 30.5, ""orders"": 4, ""quantity"": 17500}, {""price"": 30.8, ""orders"": 1, ""quantity"": 5000}, {""price"": 0.0, ""orders"": 0, ""quantity"": 0}]"
"2025-12-17 14:10:23.877648+05:30","2635777","KCK-ST","29.9","2500","Wed Dec 17 13:14:19 IST 2025","2500","29.9","29.9","29.9","30.5",NULL,NULL,"[{""price"": 29.9, ""orders"": 1, ""quantity"": 2500}, {""price"": 0.0, ""orders"": 0, ""quantity"": 0}, {""price"": 0.0, ""orders"": 0, ""quantity"": 0}, {""price"": 0.0, ""orders"": 0, ""quantity"": 0}, {""price"": 0.0, ""orders"": 0, ""quantity"": 0}]","[{""price"": 29.9, ""orders"": 37, ""quantity"": 1132500}, {""price"": 30.0, ""orders"": 2, ""quantity"": 7500}, {""price"": 30.5, ""orders"": 4, ""quantity"": 17500}, {""price"": 30.8, ""orders"": 1, ""quantity"": 5000}, {""price"": 0.0, ""orders"": 0, ""quantity"": 0}]"
"2025-12-17 14:10:25.248613+05:30","2635777","KCK-ST","29.9","2500","Wed Dec 17 13:14:19 IST 2025","2500","29.9","29.9","29.9","30.5",NULL,NULL,"[{""price"": 29.9, ""orders"": 1, ""quantity"": 2500}, {""price"": 0.0, ""orders"": 0, ""quantity"": 0}, {""price"": 0.0, ""orders"": 0, ""quantity"": 0}, {""price"": 0.0, ""orders"": 0, ""quantity"": 0}, {""price"": 0.0, ""orders"": 0, ""quantity"": 0}]","[{""price"": 29.9, ""orders"": 37, ""quantity"": 1132500}, {""price"": 30.0, ""orders"": 2, ""quantity"": 7500}, {""price"": 30.5, ""orders"": 4, ""quantity"": 17500}, {""price"": 30.8, ""orders"": 1, ""quantity"": 5000}, {""price"": 0.0, ""orders"": 0, ""quantity"": 0}]"
"2025-12-17 14:10:26.699646+05:30","2635777","KCK-ST","29.9","2500","Wed Dec 17 13:14:19 IST 2025","2500","29.9","29.9","29.9","30.5",NULL,NULL,"[{""price"": 29.9, ""orders"": 1, ""quantity"": 2500}, {""price"": 0.0, ""orders"": 0, ""quantity"": 0}, {""price"": 0.0, ""orders"": 0, ""quantity"": 0}, {""price"": 0.0, ""orders"": 0, ""quantity"": 0}, {""price"": 0.0, ""orders"": 0, ""quantity"": 0}]","[{""price"": 29.9, ""orders"": 37, ""quantity"": 1132500}, {""price"": 30.0, ""orders"": 2, ""quantity"": 7500}, {""price"": 30.5, ""orders"": 4, ""quantity"": 17500}, {""price"": 30.8, ""orders"": 1, ""quantity"": 5000}, {""price"": 0.0, ""orders"": 0, ""quantity"": 0}]"
"2025-12-17 14:10:28.086561+05:30","2635777","KCK-ST","29.9","2500","Wed Dec 17 13:14:19 IST 2025","2500","29.9","29.9","29.9","30.5",NULL,NULL,"[{""price"": 29.9, ""orders"": 1, ""quantity"": 2500}, {""price"": 0.0, ""orders"": 0, ""quantity"": 0}, {""price"": 0.0, ""orders"": 0, ""quantity"": 0}, {""price"": 0.0, ""orders"": 0, ""quantity"": 0}, {""price"": 0.0, ""orders"": 0, ""quantity"": 0}]","[{""price"": 29.9, ""orders"": 37, ""quantity"": 1132500}, {""price"": 30.0, ""orders"": 2, ""quantity"": 7500}, {""price"": 30.5, ""orders"": 4, ""quantity"": 17500}, {""price"": 30.8, ""orders"": 1, ""quantity"": 5000}, {""price"": 0.0, ""orders"": 0, ""quantity"": 0}]"
"2025-12-17 14:10:29.444034+05:30","2635777","KCK-ST","29.9","2500","Wed Dec 17 13:14:19 IST 2025","2500","29.9","29.9","29.9","30.5",NULL,NULL,"[{""price"": 29.9, ""orders"": 1, ""quantity"": 2500}, {""price"": 0.0, ""orders"": 0, ""quantity"": 0}, {""price"": 0.0, ""orders"": 0, ""quantity"": 0}, {""price"": 0.0, ""orders"": 0, ""quantity"": 0}, {""price"": 0.0, ""orders"": 0, ""quantity"": 0}]","[{""price"": 29.9, ""orders"": 37, ""quantity"": 1132500}, {""price"": 30.0, ""orders"": 2, ""quantity"": 7500}, {""price"": 30.5, ""orders"": 4, ""quantity"": 17500}, {""price"": 30.8, ""orders"": 1, ""quantity"": 5000}, {""price"": 0.0, ""orders"": 0, ""quantity"": 0}]"
"2025-12-17 14:10:30.863716+05:30","2635777","KCK-ST","29.9","2500","Wed Dec 17 13:14:19 IST 2025","2500","29.9","29.9","29.9","30.5",NULL,NULL,"[{""price"": 29.9, ""orders"": 1, ""quantity"": 2500}, {""price"": 0.0, ""orders"": 0, ""quantity"": 0}, {""price"": 0.0, ""orders"": 0, ""quantity"": 0}, {""price"": 0.0, ""orders"": 0, ""quantity"": 0}, {""price"": 0.0, ""orders"": 0, ""quantity"": 0}]","[{""price"": 29.9, ""orders"": 37, ""quantity"": 1132500}, {""price"": 30.0, ""orders"": 2, ""quantity"": 7500}, {""price"": 30.5, ""orders"": 4, ""quantity"": 17500}, {""price"": 30.8, ""orders"": 1, ""quantity"": 5000}, {""price"": 0.0, ""orders"": 0, ""quantity"": 0}]"
"2025-12-17 14:10:32.204552+05:30","2635777","KCK-ST","29.9","2500","Wed Dec 17 13:14:19 IST 2025","2500","29.9","29.9","29.9","30.5",NULL,NULL,"[{""price"": 29.9, ""orders"": 1, ""quantity"": 2500}, {""price"": 0.0, ""orders"": 0, ""quantity"": 0}, {""price"": 0.0, ""orders"": 0, ""quantity"": 0}, {""price"": 0.0, ""orders"": 0, ""quantity"": 0}, {""price"": 0.0, ""orders"": 0, ""quantity"": 0}]","[{""price"": 29.9, ""orders"": 37, ""quantity"": 1132500}, {""price"": 30.0, ""orders"": 2, ""quantity"": 7500}, {""price"": 30.5, ""orders"": 4, ""quantity"": 17500}, {""price"": 30.8, ""orders"": 1, ""quantity"": 5000}, {""price"": 0.0, ""orders"": 0, ""quantity"": 0}]"
"2025-12-17 14:10:33.627286+05:30","2635777","KCK-ST","29.9","2500","Wed Dec 17 13:14:19 IST 2025","2500","29.9","29.9","29.9","30.5",NULL,NULL,"[{""price"": 29.9, ""orders"": 1, ""quantity"": 2500}, {""price"": 0.0, ""orders"": 0, ""quantity"": 0}, {""price"": 0.0, ""orders"": 0, ""quantity"": 0}, {""price"": 0.0, ""orders"": 0, ""quantity"": 0}, {""price"": 0.0, ""orders"": 0, ""quantity"": 0}]","[{""price"": 29.9, ""orders"": 37, ""quantity"": 1132500}, {""price"": 30.0, ""orders"": 2, ""quantity"": 7500}, {""price"": 30.5, ""orders"": 4, ""quantity"": 17500}, {""price"": 30.8, ""orders"": 1, ""quantity"": 5000}, {""price"": 0.0, ""orders"": 0, ""quantity"": 0}]"
"2025-12-17 14:10:34.936768+05:30","2635777","KCK-ST","29.9","2500","Wed Dec 17 13:14:19 IST 2025","2500","29.9","29.9","29.9","30.5",NULL,NULL,"[{""price"": 29.9, ""orders"": 1, ""quantity"": 2500}, {""price"": 0.0, ""orders"": 0, ""quantity"": 0}, {""price"": 0.0, ""orders"": 0, ""quantity"": 0}, {""price"": 0.0, ""orders"": 0, ""quantity"": 0}, {""price"": 0.0, ""orders"": 0, ""quantity"": 0}]","[{""price"": 29.9, ""orders"": 37, ""quantity"": 1132500}, {""price"": 30.0, ""orders"": 2, ""quantity"": 7500}, {""price"": 30.5, ""orders"": 4, ""quantity"": 17500}, {""price"": 30.8, ""orders"": 1, ""quantity"": 5000}, {""price"": 0.0, ""orders"": 0, ""quantity"": 0}]"
"2025-12-17 14:12:32.127691+05:30","2635777","KCK-ST","29.9","2500","Wed Dec 17 13:14:19 IST 2025","2500","29.9","29.9","29.9","30.5",NULL,NULL,"[{""price"": 29.9, ""orders"": 1, ""quantity"": 2500}, {""price"": 0.0, ""orders"": 0, ""quantity"": 0}, {""price"": 0.0, ""orders"": 0, ""quantity"": 0}, {""price"": 0.0, ""orders"": 0, ""quantity"": 0}, {""price"": 0.0, ""orders"": 0, ""quantity"": 0}]","[{""price"": 29.9, ""orders"": 38, ""quantity"": 1152500}, {""price"": 30.0, ""orders"": 2, ""quantity"": 7500}, {""price"": 30.5, ""orders"": 4, ""quantity"": 17500}, {""price"": 30.8, ""orders"": 1, ""quantity"": 5000}, {""price"": 0.0, ""orders"": 0, ""quantity"": 0}]"
"2025-12-17 14:12:33.577132+05:30","2635777","KCK-ST","29.9","2500","Wed Dec 17 13:14:19 IST 2025","2500","29.9","29.9","29.9","30.5",NULL,NULL,"[{""price"": 29.9, ""orders"": 1, ""quantity"": 2500}, {""price"": 0.0, ""orders"": 0, ""quantity"": 0}, {""price"": 0.0, ""orders"": 0, ""quantity"": 0}, {""price"": 0.0, ""orders"": 0, ""quantity"": 0}, {""price"": 0.0, ""orders"": 0, ""quantity"": 0}]","[{""price"": 29.9, ""orders"": 38, ""quantity"": 1152500}, {""price"": 30.0, ""orders"": 2, ""quantity"": 7500}, {""price"": 30.5, ""orders"": 4, ""quantity"": 17500}, {""price"": 30.8, ""orders"": 1, ""quantity"": 5000}, {""price"": 0.0, ""orders"": 0, ""quantity"": 0}]"
"2025-12-17 14:12:34.815521+05:30","2635777","KCK-ST","29.9","2500","Wed Dec 17 13:14:19 IST 2025","2500","29.9","29.9","29.9","30.5","29.9","31.1","[{""price"": 29.9, ""orders"": 1, ""quantity"": 2500}, {""price"": 0.0, ""orders"": 0, ""quantity"": 0}, {""price"": 0.0, ""orders"": 0, ""quantity"": 0}, {""price"": 0.0, ""orders"": 0, ""quantity"": 0}, {""price"": 0.0, ""orders"": 0, ""quantity"": 0}]","[{""price"": 29.9, ""orders"": 38, ""quantity"": 1152500}, {""price"": 30.0, ""orders"": 2, ""quantity"": 7500}, {""price"": 30.5, ""orders"": 4, ""quantity"": 17500}, {""price"": 30.8, ""orders"": 1, ""quantity"": 5000}, {""price"": 0.0, ""orders"": 0, ""quantity"": 0}]"
"2025-12-17 14:12:36.355112+05:30","2635777","KCK-ST","29.9","2500","Wed Dec 17 13:14:19 IST 2025","2500","29.9","29.9","29.9","30.5",NULL,NULL,"[{""price"": 29.9, ""orders"": 1, ""quantity"": 2500}, {""price"": 0.0, ""orders"": 0, ""quantity"": 0}, {""price"": 0.0, ""orders"": 0, ""quantity"": 0}, {""price"": 0.0, ""orders"": 0, ""quantity"": 0}, {""price"": 0.0, ""orders"": 0, ""quantity"": 0}]","[{""price"": 29.9, ""orders"": 38, ""quantity"": 1152500}, {""price"": 30.0, ""orders"": 2, ""quantity"": 7500}, {""price"": 30.5, ""orders"": 4, ""quantity"": 17500}, {""price"": 30.8, ""orders"": 1, ""quantity"": 5000}, {""price"": 0.0, ""orders"": 0, ""quantity"": 0}]"
"2025-12-17 14:12:37.717259+05:30","2635777","KCK-ST","29.9","2500","Wed Dec 17 13:14:19 IST 2025","2500","29.9","29.9","29.9","30.5",NULL,NULL,"[{""price"": 29.9, ""orders"": 1, ""quantity"": 2500}, {""price"": 0.0, ""orders"": 0, ""quantity"": 0}, {""price"": 0.0, ""orders"": 0, ""quantity"": 0}, {""price"": 0.0, ""orders"": 0, ""quantity"": 0}, {""price"": 0.0, ""orders"": 0, ""quantity"": 0}]","[{""price"": 29.9, ""orders"": 38, ""quantity"": 1152500}, {""price"": 30.0, ""orders"": 2, ""quantity"": 7500}, {""price"": 30.5, ""orders"": 4, ""quantity"": 17500}, {""price"": 30.8, ""orders"": 1, ""quantity"": 5000}, {""price"": 0.0, ""orders"": 0, ""quantity"": 0}]"
"2025-12-17 14:12:39.054247+05:30","2635777","KCK-ST","29.9","2500","Wed Dec 17 13:14:19 IST 2025","2500","29.9","29.9","29.9","30.5",NULL,NULL,"[{""price"": 29.9, ""orders"": 1, ""quantity"": 2500}, {""price"": 0.0, ""orders"": 0, ""quantity"": 0}, {""price"": 0.0, ""orders"": 0, ""quantity"": 0}, {""price"": 0.0, ""orders"": 0, ""quantity"": 0}, {""price"": 0.0, ""orders"": 0, ""quantity"": 0}]","[{""price"": 29.9, ""orders"": 38, ""quantity"": 1152500}, {""price"": 30.0, ""orders"": 2, ""quantity"": 7500}, {""price"": 30.5, ""orders"": 4, ""quantity"": 17500}, {""price"": 30.8, ""orders"": 1, ""quantity"": 5000}, {""price"": 0.0, ""orders"": 0, ""quantity"": 0}]"
"2025-12-17 14:10:58.60015+05:30","2635777","KCK-ST","29.9","2500","Wed Dec 17 13:14:19 IST 2025","2500","29.9","29.9","29.9","30.5",NULL,NULL,"[{""price"": 29.9, ""orders"": 1, ""quantity"": 2500}, {""price"": 0.0, ""orders"": 0, ""quantity"": 0}, {""price"": 0.0, ""orders"": 0, ""quantity"": 0}, {""price"": 0.0, ""orders"": 0, ""quantity"": 0}, {""price"": 0.0, ""orders"": 0, ""quantity"": 0}]","[{""price"": 29.9, ""orders"": 37, ""quantity"": 1132500}, {""price"": 30.0, ""orders"": 2, ""quantity"": 7500}, {""price"": 30.5, ""orders"": 4, ""quantity"": 17500}, {""price"": 30.8, ""orders"": 1, ""quantity"": 5000}, {""price"": 0.0, ""orders"": 0, ""quantity"": 0}]"
"2025-12-17 14:09:26.766882+05:30","2635777","KCK-ST","29.9","2500","Wed Dec 17 13:14:19 IST 2025","2500","29.9","29.9","29.9","30.5",NULL,NULL,"[{""price"": 29.9, ""orders"": 1, ""quantity"": 2500}, {""price"": 0.0, ""orders"": 0, ""quantity"": 0}, {""price"": 0.0, ""orders"": 0, ""quantity"": 0}, {""price"": 0.0, ""orders"": 0, ""quantity"": 0}, {""price"": 0.0, ""orders"": 0, ""quantity"": 0}]","[{""price"": 29.9, ""orders"": 36, ""quantity"": 1067500}, {""price"": 30.0, ""orders"": 2, ""quantity"": 7500}, {""price"": 30.5, ""orders"": 4, ""quantity"": 17500}, {""price"": 30.8, ""orders"": 1, ""quantity"": 5000}, {""price"": 0.0, ""orders"": 0, ""quantity"": 0}]"
"2025-12-17 14:09:28.194244+05:30","2635777","KCK-ST","29.9","2500","Wed Dec 17 13:14:19 IST 2025","2500","29.9","29.9","29.9","30.5",NULL,NULL,"[{""price"": 29.9, ""orders"": 1, ""quantity"": 2500}, {""price"": 0.0, ""orders"": 0, ""quantity"": 0}, {""price"": 0.0, ""orders"": 0, ""quantity"": 0}, {""price"": 0.0, ""orders"": 0, ""quantity"": 0}, {""price"": 0.0, ""orders"": 0, ""quantity"": 0}]","[{""price"": 29.9, ""orders"": 36, ""quantity"": 1067500}, {""price"": 30.0, ""orders"": 2, ""quantity"": 7500}, {""price"": 30.5, ""orders"": 4, ""quantity"": 17500}, {""price"": 30.8, ""orders"": 1, ""quantity"": 5000}, {""price"": 0.0, ""orders"": 0, ""quantity"": 0}]"
"2025-12-17 14:09:29.635171+05:30","2635777","KCK-ST","29.9","2500","Wed Dec 17 13:14:19 IST 2025","2500","29.9","29.9","29.9","30.5",NULL,NULL,"[{""price"": 29.9, ""orders"": 1, ""quantity"": 2500}, {""price"": 0.0, ""orders"": 0, ""quantity"": 0}, {""price"": 0.0, ""orders"": 0, ""quantity"": 0}, {""price"": 0.0, ""orders"": 0, ""quantity"": 0}, {""price"": 0.0, ""orders"": 0, ""quantity"": 0}]","[{""price"": 29.9, ""orders"": 36, ""quantity"": 1067500}, {""price"": 30.0, ""orders"": 2, ""quantity"": 7500}, {""price"": 30.5, ""orders"": 4, ""quantity"": 17500}, {""price"": 30.8, ""orders"": 1, ""quantity"": 5000}, {""price"": 0.0, ""orders"": 0, ""quantity"": 0}]"
"2025-12-17 14:09:30.933484+05:30","2635777","KCK-ST","29.9","2500","Wed Dec 17 13:14:19 IST 2025","2500","29.9","29.9","29.9","30.5",NULL,NULL,"[{""price"": 29.9, ""orders"": 1, ""quantity"": 2500}, {""price"": 0.0, ""orders"": 0, ""quantity"": 0}, {""price"": 0.0, ""orders"": 0, ""quantity"": 0}, {""price"": 0.0, ""orders"": 0, ""quantity"": 0}, {""price"": 0.0, ""orders"": 0, ""quantity"": 0}]","[{""price"": 29.9, ""orders"": 36, ""quantity"": 1067500}, {""price"": 30.0, ""orders"": 2, ""quantity"": 7500}, {""price"": 30.5, ""orders"": 4, ""quantity"": 17500}, {""price"": 30.8, ""orders"": 1, ""quantity"": 5000}, {""price"": 0.0, ""orders"": 0, ""quantity"": 0}]"
"2025-12-17 14:09:32.43169+05:30","2635777","KCK-ST","29.9","2500","Wed Dec 17 13:14:19 IST 2025","2500","29.9","29.9","29.9","30.5",NULL,NULL,"[{""price"": 29.9, ""orders"": 1, ""quantity"": 2500}, {""price"": 0.0, ""orders"": 0, ""quantity"": 0}, {""price"": 0.0, ""orders"": 0, ""quantity"": 0}, {""price"": 0.0, ""orders"": 0, ""quantity"": 0}, {""price"": 0.0, ""orders"": 0, ""quantity"": 0}]","[{""price"": 29.9, ""orders"": 36, ""quantity"": 1067500}, {""price"": 30.0, ""orders"": 2, ""quantity"": 7500}, {""price"": 30.5, ""orders"": 4, ""quantity"": 17500}, {""price"": 30.8, ""orders"": 1, ""quantity"": 5000}, {""price"": 0.0, ""orders"": 0, ""quantity"": 0}]"
"2025-12-17 14:09:33.776656+05:30","2635777","KCK-ST","29.9","2500","Wed Dec 17 13:14:19 IST 2025","2500","29.9","29.9","29.9","30.5",NULL,NULL,"[{""price"": 29.9, ""orders"": 1, ""quantity"": 2500}, {""price"": 0.0, ""orders"": 0, ""quantity"": 0}, {""price"": 0.0, ""orders"": 0, ""quantity"": 0}, {""price"": 0.0, ""orders"": 0, ""quantity"": 0}, {""price"": 0.0, ""orders"": 0, ""quantity"": 0}]","[{""price"": 29.9, ""orders"": 36, ""quantity"": 1067500}, {""price"": 30.0, ""orders"": 2, ""quantity"": 7500}, {""price"": 30.5, ""orders"": 4, ""quantity"": 17500}, {""price"": 30.8, ""orders"": 1, ""quantity"": 5000}, {""price"": 0.0, ""orders"": 0, ""quantity"": 0}]"
"2025-12-17 14:09:35.06315+05:30","2635777","KCK-ST","29.9","2500","Wed Dec 17 13:14:19 IST 2025","2500","29.9","29.9","29.9","30.5",NULL,NULL,"[{""price"": 29.9, ""orders"": 1, ""quantity"": 2500}, {""price"": 0.0, ""orders"": 0, ""quantity"": 0}, {""price"": 0.0, ""orders"": 0, ""quantity"": 0}, {""price"": 0.0, ""orders"": 0, ""quantity"": 0}, {""price"": 0.0, ""orders"": 0, ""quantity"": 0}]","[{""price"": 29.9, ""orders"": 36, ""quantity"": 1067500}, {""price"": 30.0, ""orders"": 2, ""quantity"": 7500}, {""price"": 30.5, ""orders"": 4, ""quantity"": 17500}, {""price"": 30.8, ""orders"": 1, ""quantity"": 5000}, {""price"": 0.0, ""orders"": 0, ""quantity"": 0}]"
"2025-12-17 14:09:36.480768+05:30","2635777","KCK-ST","29.9","2500","Wed Dec 17 13:14:19 IST 2025","2500","29.9","29.9","29.9","30.5",NULL,NULL,"[{""price"": 29.9, ""orders"": 1, ""quantity"": 2500}, {""price"": 0.0, ""orders"": 0, ""quantity"": 0}, {""price"": 0.0, ""orders"": 0, ""quantity"": 0}, {""price"": 0.0, ""orders"": 0, ""quantity"": 0}, {""price"": 0.0, ""orders"": 0, ""quantity"": 0}]","[{""price"": 29.9, ""orders"": 37, ""quantity"": 1132500}, {""price"": 30.0, ""orders"": 2, ""quantity"": 7500}, {""price"": 30.5, ""orders"": 4, ""quantity"": 17500}, {""price"": 30.8, ""orders"": 1, ""quantity"": 5000}, {""price"": 0.0, ""orders"": 0, ""quantity"": 0}]"
"2025-12-17 14:12:01.676728+05:30","2635777","KCK-ST","29.9","2500","Wed Dec 17 13:14:19 IST 2025","2500","29.9","29.9","29.9","30.5",NULL,NULL,"[{""price"": 29.9, ""orders"": 1, ""quantity"": 2500}, {""price"": 0.0, ""orders"": 0, ""quantity"": 0}, {""price"": 0.0, ""orders"": 0, ""quantity"": 0}, {""price"": 0.0, ""orders"": 0, ""quantity"": 0}, {""price"": 0.0, ""orders"": 0, ""quantity"": 0}]","[{""price"": 29.9, ""orders"": 38, ""quantity"": 1152500}, {""price"": 30.0, ""orders"": 2, ""quantity"": 7500}, {""price"": 30.5, ""orders"": 4, ""quantity"": 17500}, {""price"": 30.8, ""orders"": 1, ""quantity"": 5000}, {""price"": 0.0, ""orders"": 0, ""quantity"": 0}]"
"2025-12-17 14:12:03.044759+05:30","2635777","KCK-ST","29.9","2500","Wed Dec 17 13:14:19 IST 2025","2500","29.9","29.9","29.9","30.5",NULL,NULL,"[{""price"": 29.9, ""orders"": 1, ""quantity"": 2500}, {""price"": 0.0, ""orders"": 0, ""quantity"": 0}, {""price"": 0.0, ""orders"": 0, ""quantity"": 0}, {""price"": 0.0, ""orders"": 0, ""quantity"": 0}, {""price"": 0.0, ""orders"": 0, ""quantity"": 0}]","[{""price"": 29.9, ""orders"": 38, ""quantity"": 1152500}, {""price"": 30.0, ""orders"": 2, ""quantity"": 7500}, {""price"": 30.5, ""orders"": 4, ""quantity"": 17500}, {""price"": 30.8, ""orders"": 1, ""quantity"": 5000}, {""price"": 0.0, ""orders"": 0, ""quantity"": 0}]"
"2025-12-17 14:12:04.536975+05:30","2635777","KCK-ST","29.9","2500","Wed Dec 17 13:14:19 IST 2025","2500","29.9","29.9","29.9","30.5",NULL,NULL,"[{""price"": 29.9, ""orders"": 1, ""quantity"": 2500}, {""price"": 0.0, ""orders"": 0, ""quantity"": 0}, {""price"": 0.0, ""orders"": 0, ""quantity"": 0}, {""price"": 0.0, ""orders"": 0, ""quantity"": 0}, {""price"": 0.0, ""orders"": 0, ""quantity"": 0}]","[{""price"": 29.9, ""orders"": 38, ""quantity"": 1152500}, {""price"": 30.0, ""orders"": 2, ""quantity"": 7500}, {""price"": 30.5, ""orders"": 4, ""quantity"": 17500}, {""price"": 30.8, ""orders"": 1, ""quantity"": 5000}, {""price"": 0.0, ""orders"": 0, ""quantity"": 0}]"
"2025-12-17 14:12:05.930924+05:30","2635777","KCK-ST","29.9","2500","Wed Dec 17 13:14:19 IST 2025","2500","29.9","29.9","29.9","30.5",NULL,NULL,"[{""price"": 29.9, ""orders"": 1, ""quantity"": 2500}, {""price"": 0.0, ""orders"": 0, ""quantity"": 0}, {""price"": 0.0, ""orders"": 0, ""quantity"": 0}, {""price"": 0.0, ""orders"": 0, ""quantity"": 0}, {""price"": 0.0, ""orders"": 0, ""quantity"": 0}]","[{""price"": 29.9, ""orders"": 38, ""quantity"": 1152500}, {""price"": 30.0, ""orders"": 2, ""quantity"": 7500}, {""price"": 30.5, ""orders"": 4, ""quantity"": 17500}, {""price"": 30.8, ""orders"": 1, ""quantity"": 5000}, {""price"": 0.0, ""orders"": 0, ""quantity"": 0}]"
"2025-12-17 14:12:07.384969+05:30","2635777","KCK-ST","29.9","2500","Wed Dec 17 13:14:19 IST 2025","2500","29.9","29.9","29.9","30.5",NULL,NULL,"[{""price"": 29.9, ""orders"": 1, ""quantity"": 2500}, {""price"": 0.0, ""orders"": 0, ""quantity"": 0}, {""price"": 0.0, ""orders"": 0, ""quantity"": 0}, {""price"": 0.0, ""orders"": 0, ""quantity"": 0}, {""price"": 0.0, ""orders"": 0, ""quantity"": 0}]","[{""price"": 29.9, ""orders"": 38, ""quantity"": 1152500}, {""price"": 30.0, ""orders"": 2, ""quantity"": 7500}, {""price"": 30.5, ""orders"": 4, ""quantity"": 17500}, {""price"": 30.8, ""orders"": 1, ""quantity"": 5000}, {""price"": 0.0, ""orders"": 0, ""quantity"": 0}]"
"2025-12-17 14:12:08.654768+05:30","2635777","KCK-ST","29.9","2500","Wed Dec 17 13:14:19 IST 2025","2500","29.9","29.9","29.9","30.5","29.9","31.1","[{""price"": 29.9, ""orders"": 1, ""quantity"": 2500}, {""price"": 0.0, ""orders"": 0, ""quantity"": 0}, {""price"": 0.0, ""orders"": 0, ""quantity"": 0}, {""price"": 0.0, ""orders"": 0, ""quantity"": 0}, {""price"": 0.0, ""orders"": 0, ""quantity"": 0}]","[{""price"": 29.9, ""orders"": 38, ""quantity"": 1152500}, {""price"": 30.0, ""orders"": 2, ""quantity"": 7500}, {""price"": 30.5, ""orders"": 4, ""quantity"": 17500}, {""price"": 30.8, ""orders"": 1, ""quantity"": 5000}, {""price"": 0.0, ""orders"": 0, ""quantity"": 0}]"
"2025-12-17 14:12:10.142179+05:30","2635777","KCK-ST","29.9","2500","Wed Dec 17 13:14:19 IST 2025","2500","29.9","29.9","29.9","30.5",NULL,NULL,"[{""price"": 29.9, ""orders"": 1, ""quantity"": 2500}, {""price"": 0.0, ""orders"": 0, ""quantity"": 0}, {""price"": 0.0, ""orders"": 0, ""quantity"": 0}, {""price"": 0.0, ""orders"": 0, ""quantity"": 0}, {""price"": 0.0, ""orders"": 0, ""quantity"": 0}]","[{""price"": 29.9, ""orders"": 38, ""quantity"": 1152500}, {""price"": 30.0, ""orders"": 2, ""quantity"": 7500}, {""price"": 30.5, ""orders"": 4, ""quantity"": 17500}, {""price"": 30.8, ""orders"": 1, ""quantity"": 5000}, {""price"": 0.0, ""orders"": 0, ""quantity"": 0}]"
"2025-12-17 14:12:11.593361+05:30","2635777","KCK-ST","29.9","2500","Wed Dec 17 13:14:19 IST 2025","2500","29.9","29.9","29.9","30.5",NULL,NULL,"[{""price"": 29.9, ""orders"": 1, ""quantity"": 2500}, {""price"": 0.0, ""orders"": 0, ""quantity"": 0}, {""price"": 0.0, ""orders"": 0, ""quantity"": 0}, {""price"": 0.0, ""orders"": 0, ""quantity"": 0}, {""price"": 0.0, ""orders"": 0, ""quantity"": 0}]","[{""price"": 29.9, ""orders"": 38, ""quantity"": 1152500}, {""price"": 30.0, ""orders"": 2, ""quantity"": 7500}, {""price"": 30.5, ""orders"": 4, ""quantity"": 17500}, {""price"": 30.8, ""orders"": 1, ""quantity"": 5000}, {""price"": 0.0, ""orders"": 0, ""quantity"": 0}]"
"2025-12-17 14:12:12.980331+05:30","2635777","KCK-ST","29.9","2500","Wed Dec 17 13:14:19 IST 2025","2500","29.9","29.9","29.9","30.5",NULL,NULL,"[{""price"": 29.9, ""orders"": 1, ""quantity"": 2500}, {""price"": 0.0, ""orders"": 0, ""quantity"": 0}, {""price"": 0.0, ""orders"": 0, ""quantity"": 0}, {""price"": 0.0, ""orders"": 0, ""quantity"": 0}, {""price"": 0.0, ""orders"": 0, ""quantity"": 0}]","[{""price"": 29.9, ""orders"": 38, ""quantity"": 1152500}, {""price"": 30.0, ""orders"": 2, ""quantity"": 7500}, {""price"": 30.5, ""orders"": 4, ""quantity"": 17500}, {""price"": 30.8, ""orders"": 1, ""quantity"": 5000}, {""price"": 0.0, ""orders"": 0, ""quantity"": 0}]"
"2025-12-17 14:12:14.395888+05:30","2635777","KCK-ST","29.9","2500","Wed Dec 17 13:14:19 IST 2025","2500","29.9","29.9","29.9","30.5",NULL,NULL,"[{""price"": 29.9, ""orders"": 1, ""quantity"": 2500}, {""price"": 0.0, ""orders"": 0, ""quantity"": 0}, {""price"": 0.0, ""orders"": 0, ""quantity"": 0}, {""price"": 0.0, ""orders"": 0, ""quantity"": 0}, {""price"": 0.0, ""orders"": 0, ""quantity"": 0}]","[{""price"": 29.9, ""orders"": 38, ""quantity"": 1152500}, {""price"": 30.0, ""orders"": 2, ""quantity"": 7500}, {""price"": 30.5, ""orders"": 4, ""quantity"": 17500}, {""price"": 30.8, ""orders"": 1, ""quantity"": 5000}, {""price"": 0.0, ""orders"": 0, ""quantity"": 0}]"
"2025-12-17 14:11:00.035226+05:30","2635777","KCK-ST","29.9","2500","Wed Dec 17 13:14:19 IST 2025","2500","29.9","29.9","29.9","30.5",NULL,NULL,"[{""price"": 29.9, ""orders"": 1, ""quantity"": 2500}, {""price"": 0.0, ""orders"": 0, ""quantity"": 0}, {""price"": 0.0, ""orders"": 0, ""quantity"": 0}, {""price"": 0.0, ""orders"": 0, ""quantity"": 0}, {""price"": 0.0, ""orders"": 0, ""quantity"": 0}]","[{""price"": 29.9, ""orders"": 37, ""quantity"": 1132500}, {""price"": 30.0, ""orders"": 2, ""quantity"": 7500}, {""price"": 30.5, ""orders"": 4, ""quantity"": 17500}, {""price"": 30.8, ""orders"": 1, ""quantity"": 5000}, {""price"": 0.0, ""orders"": 0, ""quantity"": 0}]"
"2025-12-17 14:11:01.405441+05:30","2635777","KCK-ST","29.9","2500","Wed Dec 17 13:14:19 IST 2025","2500","29.9","29.9","29.9","30.5",NULL,NULL,"[{""price"": 29.9, ""orders"": 1, ""quantity"": 2500}, {""price"": 0.0, ""orders"": 0, ""quantity"": 0}, {""price"": 0.0, ""orders"": 0, ""quantity"": 0}, {""price"": 0.0, ""orders"": 0, ""quantity"": 0}, {""price"": 0.0, ""orders"": 0, ""quantity"": 0}]","[{""price"": 29.9, ""orders"": 37, ""quantity"": 1132500}, {""price"": 30.0, ""orders"": 2, ""quantity"": 7500}, {""price"": 30.5, ""orders"": 4, ""quantity"": 17500}, {""price"": 30.8, ""orders"": 1, ""quantity"": 5000}, {""price"": 0.0, ""orders"": 0, ""quantity"": 0}]"
"2025-12-17 14:11:02.75929+05:30","2635777","KCK-ST","29.9","2500","Wed Dec 17 13:14:19 IST 2025","2500","29.9","29.9","29.9","30.5",NULL,NULL,"[{""price"": 29.9, ""orders"": 1, ""quantity"": 2500}, {""price"": 0.0, ""orders"": 0, ""quantity"": 0}, {""price"": 0.0, ""orders"": 0, ""quantity"": 0}, {""price"": 0.0, ""orders"": 0, ""quantity"": 0}, {""price"": 0.0, ""orders"": 0, ""quantity"": 0}]","[{""price"": 29.9, ""orders"": 37, ""quantity"": 1132500}, {""price"": 30.0, ""orders"": 2, ""quantity"": 7500}, {""price"": 30.5, ""orders"": 4, ""quantity"": 17500}, {""price"": 30.8, ""orders"": 1, ""quantity"": 5000}, {""price"": 0.0, ""orders"": 0, ""quantity"": 0}]"
"2025-12-17 14:11:04.175095+05:30","2635777","KCK-ST","29.9","2500","Wed Dec 17 13:14:19 IST 2025","2500","29.9","29.9","29.9","30.5",NULL,NULL,"[{""price"": 29.9, ""orders"": 1, ""quantity"": 2500}, {""price"": 0.0, ""orders"": 0, ""quantity"": 0}, {""price"": 0.0, ""orders"": 0, ""quantity"": 0}, {""price"": 0.0, ""orders"": 0, ""quantity"": 0}, {""price"": 0.0, ""orders"": 0, ""quantity"": 0}]","[{""price"": 29.9, ""orders"": 37, ""quantity"": 1132500}, {""price"": 30.0, ""orders"": 2, ""quantity"": 7500}, {""price"": 30.5, ""orders"": 4, ""quantity"": 17500}, {""price"": 30.8, ""orders"": 1, ""quantity"": 5000}, {""price"": 0.0, ""orders"": 0, ""quantity"": 0}]"
"2025-12-17 14:11:05.582039+05:30","2635777","KCK-ST","29.9","2500","Wed Dec 17 13:14:19 IST 2025","2500","29.9","29.9","29.9","30.5",NULL,NULL,"[{""price"": 29.9, ""orders"": 1, ""quantity"": 2500}, {""price"": 0.0, ""orders"": 0, ""quantity"": 0}, {""price"": 0.0, ""orders"": 0, ""quantity"": 0}, {""price"": 0.0, ""orders"": 0, ""quantity"": 0}, {""price"": 0.0, ""orders"": 0, ""quantity"": 0}]","[{""price"": 29.9, ""orders"": 37, ""quantity"": 1132500}, {""price"": 30.0, ""orders"": 2, ""quantity"": 7500}, {""price"": 30.5, ""orders"": 4, ""quantity"": 17500}, {""price"": 30.8, ""orders"": 1, ""quantity"": 5000}, {""price"": 0.0, ""orders"": 0, ""quantity"": 0}]"
"2025-12-17 14:11:07.053614+05:30","2635777","KCK-ST","29.9","2500","Wed Dec 17 13:14:19 IST 2025","2500","29.9","29.9","29.9","30.5",NULL,NULL,"[{""price"": 29.9, ""orders"": 1, ""quantity"": 2500}, {""price"": 0.0, ""orders"": 0, ""quantity"": 0}, {""price"": 0.0, ""orders"": 0, ""quantity"": 0}, {""price"": 0.0, ""orders"": 0, ""quantity"": 0}, {""price"": 0.0, ""orders"": 0, ""quantity"": 0}]","[{""price"": 29.9, ""orders"": 37, ""quantity"": 1132500}, {""price"": 30.0, ""orders"": 2, ""quantity"": 7500}, {""price"": 30.5, ""orders"": 4, ""quantity"": 17500}, {""price"": 30.8, ""orders"": 1, ""quantity"": 5000}, {""price"": 0.0, ""orders"": 0, ""quantity"": 0}]"
"2025-12-17 14:11:08.360151+05:30","2635777","KCK-ST","29.9","2500","Wed Dec 17 13:14:19 IST 2025","2500","29.9","29.9","29.9","30.5",NULL,NULL,"[{""price"": 29.9, ""orders"": 1, ""quantity"": 2500}, {""price"": 0.0, ""orders"": 0, ""quantity"": 0}, {""price"": 0.0, ""orders"": 0, ""quantity"": 0}, {""price"": 0.0, ""orders"": 0, ""quantity"": 0}, {""price"": 0.0, ""orders"": 0, ""quantity"": 0}]","[{""price"": 29.9, ""orders"": 37, ""quantity"": 1132500}, {""price"": 30.0, ""orders"": 2, ""quantity"": 7500}, {""price"": 30.5, ""orders"": 4, ""quantity"": 17500}, {""price"": 30.8, ""orders"": 1, ""quantity"": 5000}, {""price"": 0.0, ""orders"": 0, ""quantity"": 0}]"
"2025-12-17 14:11:09.783757+05:30","2635777","KCK-ST","29.9","2500","Wed Dec 17 13:14:19 IST 2025","2500","29.9","29.9","29.9","30.5",NULL,NULL,"[{""price"": 29.9, ""orders"": 1, ""quantity"": 2500}, {""price"": 0.0, ""orders"": 0, ""quantity"": 0}, {""price"": 0.0, ""orders"": 0, ""quantity"": 0}, {""price"": 0.0, ""orders"": 0, ""quantity"": 0}, {""price"": 0.0, ""orders"": 0, ""quantity"": 0}]","[{""price"": 29.9, ""orders"": 37, ""quantity"": 1132500}, {""price"": 30.0, ""orders"": 2, ""quantity"": 7500}, {""price"": 30.5, ""orders"": 4, ""quantity"": 17500}, {""price"": 30.8, ""orders"": 1, ""quantity"": 5000}, {""price"": 0.0, ""orders"": 0, ""quantity"": 0}]"
"2025-12-17 14:12:15.799612+05:30","2635777","KCK-ST","29.9","2500","Wed Dec 17 13:14:19 IST 2025","2500","29.9","29.9","29.9","30.5",NULL,NULL,"[{""price"": 29.9, ""orders"": 1, ""quantity"": 2500}, {""price"": 0.0, ""orders"": 0, ""quantity"": 0}, {""price"": 0.0, ""orders"": 0, ""quantity"": 0}, {""price"": 0.0, ""orders"": 0, ""quantity"": 0}, {""price"": 0.0, ""orders"": 0, ""quantity"": 0}]","[{""price"": 29.9, ""orders"": 38, ""quantity"": 1152500}, {""price"": 30.0, ""orders"": 2, ""quantity"": 7500}, {""price"": 30.5, ""orders"": 4, ""quantity"": 17500}, {""price"": 30.8, ""orders"": 1, ""quantity"": 5000}, {""price"": 0.0, ""orders"": 0, ""quantity"": 0}]"
"2025-12-17 14:12:17.159382+05:30","2635777","KCK-ST","29.9","2500","Wed Dec 17 13:14:19 IST 2025","2500","29.9","29.9","29.9","30.5",NULL,NULL,"[{""price"": 29.9, ""orders"": 1, ""quantity"": 2500}, {""price"": 0.0, ""orders"": 0, ""quantity"": 0}, {""price"": 0.0, ""orders"": 0, ""quantity"": 0}, {""price"": 0.0, ""orders"": 0, ""quantity"": 0}, {""price"": 0.0, ""orders"": 0, ""quantity"": 0}]","[{""price"": 29.9, ""orders"": 38, ""quantity"": 1152500}, {""price"": 30.0, ""orders"": 2, ""quantity"": 7500}, {""price"": 30.5, ""orders"": 4, ""quantity"": 17500}, {""price"": 30.8, ""orders"": 1, ""quantity"": 5000}, {""price"": 0.0, ""orders"": 0, ""quantity"": 0}]"
"2025-12-17 14:12:18.565183+05:30","2635777","KCK-ST","29.9","2500","Wed Dec 17 13:14:19 IST 2025","2500","29.9","29.9","29.9","30.5",NULL,NULL,"[{""price"": 29.9, ""orders"": 1, ""quantity"": 2500}, {""price"": 0.0, ""orders"": 0, ""quantity"": 0}, {""price"": 0.0, ""orders"": 0, ""quantity"": 0}, {""price"": 0.0, ""orders"": 0, ""quantity"": 0}, {""price"": 0.0, ""orders"": 0, ""quantity"": 0}]","[{""price"": 29.9, ""orders"": 38, ""quantity"": 1152500}, {""price"": 30.0, ""orders"": 2, ""quantity"": 7500}, {""price"": 30.5, ""orders"": 4, ""quantity"": 17500}, {""price"": 30.8, ""orders"": 1, ""quantity"": 5000}, {""price"": 0.0, ""orders"": 0, ""quantity"": 0}]"
"2025-12-17 14:12:19.927143+05:30","2635777","KCK-ST","29.9","2500","Wed Dec 17 13:14:19 IST 2025","2500","29.9","29.9","29.9","30.5",NULL,NULL,"[{""price"": 29.9, ""orders"": 1, ""quantity"": 2500}, {""price"": 0.0, ""orders"": 0, ""quantity"": 0}, {""price"": 0.0, ""orders"": 0, ""quantity"": 0}, {""price"": 0.0, ""orders"": 0, ""quantity"": 0}, {""price"": 0.0, ""orders"": 0, ""quantity"": 0}]","[{""price"": 29.9, ""orders"": 38, ""quantity"": 1152500}, {""price"": 30.0, ""orders"": 2, ""quantity"": 7500}, {""price"": 30.5, ""orders"": 4, ""quantity"": 17500}, {""price"": 30.8, ""orders"": 1, ""quantity"": 5000}, {""price"": 0.0, ""orders"": 0, ""quantity"": 0}]"
"2025-12-17 14:12:21.324828+05:30","2635777","KCK-ST","29.9","2500","Wed Dec 17 13:14:19 IST 2025","2500","29.9","29.9","29.9","30.5",NULL,NULL,"[{""price"": 29.9, ""orders"": 1, ""quantity"": 2500}, {""price"": 0.0, ""orders"": 0, ""quantity"": 0}, {""price"": 0.0, ""orders"": 0, ""quantity"": 0}, {""price"": 0.0, ""orders"": 0, ""quantity"": 0}, {""price"": 0.0, ""orders"": 0, ""quantity"": 0}]","[{""price"": 29.9, ""orders"": 38, ""quantity"": 1152500}, {""price"": 30.0, ""orders"": 2, ""quantity"": 7500}, {""price"": 30.5, ""orders"": 4, ""quantity"": 17500}, {""price"": 30.8, ""orders"": 1, ""quantity"": 5000}, {""price"": 0.0, ""orders"": 0, ""quantity"": 0}]"
"2025-12-17 14:12:22.426638+05:30","2635777","KCK-ST","29.9","2500","Wed Dec 17 13:14:19 IST 2025","2500","29.9","29.9","29.9","30.5","29.9","31.1","[{""price"": 29.9, ""orders"": 1, ""quantity"": 2500}, {""price"": 0.0, ""orders"": 0, ""quantity"": 0}, {""price"": 0.0, ""orders"": 0, ""quantity"": 0}, {""price"": 0.0, ""orders"": 0, ""quantity"": 0}, {""price"": 0.0, ""orders"": 0, ""quantity"": 0}]","[{""price"": 29.9, ""orders"": 38, ""quantity"": 1152500}, {""price"": 30.0, ""orders"": 2, ""quantity"": 7500}, {""price"": 30.5, ""orders"": 4, ""quantity"": 17500}, {""price"": 30.8, ""orders"": 1, ""quantity"": 5000}, {""price"": 0.0, ""orders"": 0, ""quantity"": 0}]"
"2025-12-17 14:12:24.019142+05:30","2635777","KCK-ST","29.9","2500","Wed Dec 17 13:14:19 IST 2025","2500","29.9","29.9","29.9","30.5",NULL,NULL,"[{""price"": 29.9, ""orders"": 1, ""quantity"": 2500}, {""price"": 0.0, ""orders"": 0, ""quantity"": 0}, {""price"": 0.0, ""orders"": 0, ""quantity"": 0}, {""price"": 0.0, ""orders"": 0, ""quantity"": 0}, {""price"": 0.0, ""orders"": 0, ""quantity"": 0}]","[{""price"": 29.9, ""orders"": 38, ""quantity"": 1152500}, {""price"": 30.0, ""orders"": 2, ""quantity"": 7500}, {""price"": 30.5, ""orders"": 4, ""quantity"": 17500}, {""price"": 30.8, ""orders"": 1, ""quantity"": 5000}, {""price"": 0.0, ""orders"": 0, ""quantity"": 0}]"
"2025-12-17 14:12:25.40434+05:30","2635777","KCK-ST","29.9","2500","Wed Dec 17 13:14:19 IST 2025","2500","29.9","29.9","29.9","30.5",NULL,NULL,"[{""price"": 29.9, ""orders"": 1, ""quantity"": 2500}, {""price"": 0.0, ""orders"": 0, ""quantity"": 0}, {""price"": 0.0, ""orders"": 0, ""quantity"": 0}, {""price"": 0.0, ""orders"": 0, ""quantity"": 0}, {""price"": 0.0, ""orders"": 0, ""quantity"": 0}]","[{""price"": 29.9, ""orders"": 38, ""quantity"": 1152500}, {""price"": 30.0, ""orders"": 2, ""quantity"": 7500}, {""price"": 30.5, ""orders"": 4, ""quantity"": 17500}, {""price"": 30.8, ""orders"": 1, ""quantity"": 5000}, {""price"": 0.0, ""orders"": 0, ""quantity"": 0}]"
"2025-12-17 14:12:26.727089+05:30","2635777","KCK-ST","29.9","2500","Wed Dec 17 13:14:19 IST 2025","2500","29.9","29.9","29.9","30.5",NULL,NULL,"[{""price"": 29.9, ""orders"": 1, ""quantity"": 2500}, {""price"": 0.0, ""orders"": 0, ""quantity"": 0}, {""price"": 0.0, ""orders"": 0, ""quantity"": 0}, {""price"": 0.0, ""orders"": 0, ""quantity"": 0}, {""price"": 0.0, ""orders"": 0, ""quantity"": 0}]","[{""price"": 29.9, ""orders"": 38, ""quantity"": 1152500}, {""price"": 30.0, ""orders"": 2, ""quantity"": 7500}, {""price"": 30.5, ""orders"": 4, ""quantity"": 17500}, {""price"": 30.8, ""orders"": 1, ""quantity"": 5000}, {""price"": 0.0, ""orders"": 0, ""quantity"": 0}]"
"2025-12-17 14:12:28.036921+05:30","2635777","KCK-ST","29.9","2500","Wed Dec 17 13:14:19 IST 2025","2500","29.9","29.9","29.9","30.5",NULL,NULL,"[{""price"": 29.9, ""orders"": 1, ""quantity"": 2500}, {""price"": 0.0, ""orders"": 0, ""quantity"": 0}, {""price"": 0.0, ""orders"": 0, ""quantity"": 0}, {""price"": 0.0, ""orders"": 0, ""quantity"": 0}, {""price"": 0.0, ""orders"": 0, ""quantity"": 0}]","[{""price"": 29.9, ""orders"": 38, ""quantity"": 1152500}, {""price"": 30.0, ""orders"": 2, ""quantity"": 7500}, {""price"": 30.5, ""orders"": 4, ""quantity"": 17500}, {""price"": 30.8, ""orders"": 1, ""quantity"": 5000}, {""price"": 0.0, ""orders"": 0, ""quantity"": 0}]"
"2025-12-17 14:12:29.427945+05:30","2635777","KCK-ST","29.9","2500","Wed Dec 17 13:14:19 IST 2025","2500","29.9","29.9","29.9","30.5",NULL,NULL,"[{""price"": 29.9, ""orders"": 1, ""quantity"": 2500}, {""price"": 0.0, ""orders"": 0, ""quantity"": 0}, {""price"": 0.0, ""orders"": 0, ""quantity"": 0}, {""price"": 0.0, ""orders"": 0, ""quantity"": 0}, {""price"": 0.0, ""orders"": 0, ""quantity"": 0}]","[{""price"": 29.9, ""orders"": 38, ""quantity"": 1152500}, {""price"": 30.0, ""orders"": 2, ""quantity"": 7500}, {""price"": 30.5, ""orders"": 4, ""quantity"": 17500}, {""price"": 30.8, ""orders"": 1, ""quantity"": 5000}, {""price"": 0.0, ""orders"": 0, ""quantity"": 0}]"
"2025-12-17 14:12:30.787977+05:30","2635777","KCK-ST","29.9","2500","Wed Dec 17 13:14:19 IST 2025","2500","29.9","29.9","29.9","30.5",NULL,NULL,"[{""price"": 29.9, ""orders"": 1, ""quantity"": 2500}, {""price"": 0.0, ""orders"": 0, ""quantity"": 0}, {""price"": 0.0, ""orders"": 0, ""quantity"": 0}, {""price"": 0.0, ""orders"": 0, ""quantity"": 0}, {""price"": 0.0, ""orders"": 0, ""quantity"": 0}]","[{""price"": 29.9, ""orders"": 38, ""quantity"": 1152500}, {""price"": 30.0, ""orders"": 2, ""quantity"": 7500}, {""price"": 30.5, ""orders"": 4, ""quantity"": 17500}, {""price"": 30.8, ""orders"": 1, ""quantity"": 5000}, {""price"": 0.0, ""orders"": 0, ""quantity"": 0}]"
"2025-12-17 14:13:34.024962+05:30","2635777","KCK-ST","29.9","2500","Wed Dec 17 13:14:19 IST 2025","2500","29.9","29.9","29.9","30.5",NULL,NULL,"[{""price"": 29.9, ""orders"": 1, ""quantity"": 2500}, {""price"": 0.0, ""orders"": 0, ""quantity"": 0}, {""price"": 0.0, ""orders"": 0, ""quantity"": 0}, {""price"": 0.0, ""orders"": 0, ""quantity"": 0}, {""price"": 0.0, ""orders"": 0, ""quantity"": 0}]","[{""price"": 29.9, ""orders"": 37, ""quantity"": 1150000}, {""price"": 30.0, ""orders"": 2, ""quantity"": 7500}, {""price"": 30.5, ""orders"": 4, ""quantity"": 17500}, {""price"": 30.8, ""orders"": 1, ""quantity"": 5000}, {""price"": 0.0, ""orders"": 0, ""quantity"": 0}]"
"2025-12-17 14:13:35.362659+05:30","2635777","KCK-ST","29.9","2500","Wed Dec 17 13:14:19 IST 2025","2500","29.9","29.9","29.9","30.5",NULL,NULL,"[{""price"": 29.9, ""orders"": 1, ""quantity"": 2500}, {""price"": 0.0, ""orders"": 0, ""quantity"": 0}, {""price"": 0.0, ""orders"": 0, ""quantity"": 0}, {""price"": 0.0, ""orders"": 0, ""quantity"": 0}, {""price"": 0.0, ""orders"": 0, ""quantity"": 0}]","[{""price"": 29.9, ""orders"": 37, ""quantity"": 1150000}, {""price"": 30.0, ""orders"": 2, ""quantity"": 7500}, {""price"": 30.5, ""orders"": 4, ""quantity"": 17500}, {""price"": 30.8, ""orders"": 1, ""quantity"": 5000}, {""price"": 0.0, ""orders"": 0, ""quantity"": 0}]"
"2025-12-17 14:13:36.699444+05:30","2635777","KCK-ST","29.9","2500","Wed Dec 17 13:14:19 IST 2025","2500","29.9","29.9","29.9","30.5",NULL,NULL,"[{""price"": 29.9, ""orders"": 1, ""quantity"": 2500}, {""price"": 0.0, ""orders"": 0, ""quantity"": 0}, {""price"": 0.0, ""orders"": 0, ""quantity"": 0}, {""price"": 0.0, ""orders"": 0, ""quantity"": 0}, {""price"": 0.0, ""orders"": 0, ""quantity"": 0}]","[{""price"": 29.9, ""orders"": 37, ""quantity"": 1150000}, {""price"": 30.0, ""orders"": 2, ""quantity"": 7500}, {""price"": 30.5, ""orders"": 4, ""quantity"": 17500}, {""price"": 30.8, ""orders"": 1, ""quantity"": 5000}, {""price"": 0.0, ""orders"": 0, ""quantity"": 0}]"
"2025-12-17 14:13:38.080991+05:30","2635777","KCK-ST","29.9","2500","Wed Dec 17 13:14:19 IST 2025","2500","29.9","29.9","29.9","30.5",NULL,NULL,"[{""price"": 29.9, ""orders"": 1, ""quantity"": 2500}, {""price"": 0.0, ""orders"": 0, ""quantity"": 0}, {""price"": 0.0, ""orders"": 0, ""quantity"": 0}, {""price"": 0.0, ""orders"": 0, ""quantity"": 0}, {""price"": 0.0, ""orders"": 0, ""quantity"": 0}]","[{""price"": 29.9, ""orders"": 37, ""quantity"": 1150000}, {""price"": 30.0, ""orders"": 2, ""quantity"": 7500}, {""price"": 30.5, ""orders"": 4, ""quantity"": 17500}, {""price"": 30.8, ""orders"": 1, ""quantity"": 5000}, {""price"": 0.0, ""orders"": 0, ""quantity"": 0}]"
"2025-12-17 14:13:39.536225+05:30","2635777","KCK-ST","29.9","2500","Wed Dec 17 13:14:19 IST 2025","2500","29.9","29.9","29.9","30.5",NULL,NULL,"[{""price"": 29.9, ""orders"": 1, ""quantity"": 2500}, {""price"": 0.0, ""orders"": 0, ""quantity"": 0}, {""price"": 0.0, ""orders"": 0, ""quantity"": 0}, {""price"": 0.0, ""orders"": 0, ""quantity"": 0}, {""price"": 0.0, ""orders"": 0, ""quantity"": 0}]","[{""price"": 29.9, ""orders"": 37, ""quantity"": 1150000}, {""price"": 30.0, ""orders"": 2, ""quantity"": 7500}, {""price"": 30.5, ""orders"": 4, ""quantity"": 17500}, {""price"": 30.8, ""orders"": 1, ""quantity"": 5000}, {""price"": 0.0, ""orders"": 0, ""quantity"": 0}]"
"2025-12-17 14:13:40.693671+05:30","2635777","KCK-ST","29.9","2500","Wed Dec 17 13:14:19 IST 2025","2500","29.9","29.9","29.9","30.5","29.9","31.1","[{""price"": 29.9, ""orders"": 1, ""quantity"": 2500}, {""price"": 0.0, ""orders"": 0, ""quantity"": 0}, {""price"": 0.0, ""orders"": 0, ""quantity"": 0}, {""price"": 0.0, ""orders"": 0, ""quantity"": 0}, {""price"": 0.0, ""orders"": 0, ""quantity"": 0}]","[{""price"": 29.9, ""orders"": 37, ""quantity"": 1150000}, {""price"": 30.0, ""orders"": 2, ""quantity"": 7500}, {""price"": 30.5, ""orders"": 4, ""quantity"": 17500}, {""price"": 30.8, ""orders"": 1, ""quantity"": 5000}, {""price"": 0.0, ""orders"": 0, ""quantity"": 0}]"
"2025-12-17 14:11:11.208754+05:30","2635777","KCK-ST","29.9","2500","Wed Dec 17 13:14:19 IST 2025","2500","29.9","29.9","29.9","30.5",NULL,NULL,"[{""price"": 29.9, ""orders"": 1, ""quantity"": 2500}, {""price"": 0.0, ""orders"": 0, ""quantity"": 0}, {""price"": 0.0, ""orders"": 0, ""quantity"": 0}, {""price"": 0.0, ""orders"": 0, ""quantity"": 0}, {""price"": 0.0, ""orders"": 0, ""quantity"": 0}]","[{""price"": 29.9, ""orders"": 37, ""quantity"": 1132500}, {""price"": 30.0, ""orders"": 2, ""quantity"": 7500}, {""price"": 30.5, ""orders"": 4, ""quantity"": 17500}, {""price"": 30.8, ""orders"": 1, ""quantity"": 5000}, {""price"": 0.0, ""orders"": 0, ""quantity"": 0}]"
"2025-12-17 14:11:12.583623+05:30","2635777","KCK-ST","29.9","2500","Wed Dec 17 13:14:19 IST 2025","2500","29.9","29.9","29.9","30.5",NULL,NULL,"[{""price"": 29.9, ""orders"": 1, ""quantity"": 2500}, {""price"": 0.0, ""orders"": 0, ""quantity"": 0}, {""price"": 0.0, ""orders"": 0, ""quantity"": 0}, {""price"": 0.0, ""orders"": 0, ""quantity"": 0}, {""price"": 0.0, ""orders"": 0, ""quantity"": 0}]","[{""price"": 29.9, ""orders"": 37, ""quantity"": 1132500}, {""price"": 30.0, ""orders"": 2, ""quantity"": 7500}, {""price"": 30.5, ""orders"": 4, ""quantity"": 17500}, {""price"": 30.8, ""orders"": 1, ""quantity"": 5000}, {""price"": 0.0, ""orders"": 0, ""quantity"": 0}]"
"2025-12-17 14:11:13.883581+05:30","2635777","KCK-ST","29.9","2500","Wed Dec 17 13:14:19 IST 2025","2500","29.9","29.9","29.9","30.5",NULL,NULL,"[{""price"": 29.9, ""orders"": 1, ""quantity"": 2500}, {""price"": 0.0, ""orders"": 0, ""quantity"": 0}, {""price"": 0.0, ""orders"": 0, ""quantity"": 0}, {""price"": 0.0, ""orders"": 0, ""quantity"": 0}, {""price"": 0.0, ""orders"": 0, ""quantity"": 0}]","[{""price"": 29.9, ""orders"": 37, ""quantity"": 1132500}, {""price"": 30.0, ""orders"": 2, ""quantity"": 7500}, {""price"": 30.5, ""orders"": 4, ""quantity"": 17500}, {""price"": 30.8, ""orders"": 1, ""quantity"": 5000}, {""price"": 0.0, ""orders"": 0, ""quantity"": 0}]"
"2025-12-17 14:11:15.237686+05:30","2635777","KCK-ST","29.9","2500","Wed Dec 17 13:14:19 IST 2025","2500","29.9","29.9","29.9","30.5",NULL,NULL,"[{""price"": 29.9, ""orders"": 1, ""quantity"": 2500}, {""price"": 0.0, ""orders"": 0, ""quantity"": 0}, {""price"": 0.0, ""orders"": 0, ""quantity"": 0}, {""price"": 0.0, ""orders"": 0, ""quantity"": 0}, {""price"": 0.0, ""orders"": 0, ""quantity"": 0}]","[{""price"": 29.9, ""orders"": 37, ""quantity"": 1132500}, {""price"": 30.0, ""orders"": 2, ""quantity"": 7500}, {""price"": 30.5, ""orders"": 4, ""quantity"": 17500}, {""price"": 30.8, ""orders"": 1, ""quantity"": 5000}, {""price"": 0.0, ""orders"": 0, ""quantity"": 0}]"
"2025-12-17 14:11:16.567036+05:30","2635777","KCK-ST","29.9","2500","Wed Dec 17 13:14:19 IST 2025","2500","29.9","29.9","29.9","30.5",NULL,NULL,"[{""price"": 29.9, ""orders"": 1, ""quantity"": 2500}, {""price"": 0.0, ""orders"": 0, ""quantity"": 0}, {""price"": 0.0, ""orders"": 0, ""quantity"": 0}, {""price"": 0.0, ""orders"": 0, ""quantity"": 0}, {""price"": 0.0, ""orders"": 0, ""quantity"": 0}]","[{""price"": 29.9, ""orders"": 37, ""quantity"": 1132500}, {""price"": 30.0, ""orders"": 2, ""quantity"": 7500}, {""price"": 30.5, ""orders"": 4, ""quantity"": 17500}, {""price"": 30.8, ""orders"": 1, ""quantity"": 5000}, {""price"": 0.0, ""orders"": 0, ""quantity"": 0}]"
"2025-12-17 14:11:17.999807+05:30","2635777","KCK-ST","29.9","2500","Wed Dec 17 13:14:19 IST 2025","2500","29.9","29.9","29.9","30.5",NULL,NULL,"[{""price"": 29.9, ""orders"": 1, ""quantity"": 2500}, {""price"": 0.0, ""orders"": 0, ""quantity"": 0}, {""price"": 0.0, ""orders"": 0, ""quantity"": 0}, {""price"": 0.0, ""orders"": 0, ""quantity"": 0}, {""price"": 0.0, ""orders"": 0, ""quantity"": 0}]","[{""price"": 29.9, ""orders"": 37, ""quantity"": 1132500}, {""price"": 30.0, ""orders"": 2, ""quantity"": 7500}, {""price"": 30.5, ""orders"": 4, ""quantity"": 17500}, {""price"": 30.8, ""orders"": 1, ""quantity"": 5000}, {""price"": 0.0, ""orders"": 0, ""quantity"": 0}]"
"2025-12-17 14:11:19.404205+05:30","2635777","KCK-ST","29.9","2500","Wed Dec 17 13:14:19 IST 2025","2500","29.9","29.9","29.9","30.5",NULL,NULL,"[{""price"": 29.9, ""orders"": 1, ""quantity"": 2500}, {""price"": 0.0, ""orders"": 0, ""quantity"": 0}, {""price"": 0.0, ""orders"": 0, ""quantity"": 0}, {""price"": 0.0, ""orders"": 0, ""quantity"": 0}, {""price"": 0.0, ""orders"": 0, ""quantity"": 0}]","[{""price"": 29.9, ""orders"": 37, ""quantity"": 1132500}, {""price"": 30.0, ""orders"": 2, ""quantity"": 7500}, {""price"": 30.5, ""orders"": 4, ""quantity"": 17500}, {""price"": 30.8, ""orders"": 1, ""quantity"": 5000}, {""price"": 0.0, ""orders"": 0, ""quantity"": 0}]"
"2025-12-17 14:11:20.743357+05:30","2635777","KCK-ST","29.9","2500","Wed Dec 17 13:14:19 IST 2025","2500","29.9","29.9","29.9","30.5",NULL,NULL,"[{""price"": 29.9, ""orders"": 1, ""quantity"": 2500}, {""price"": 0.0, ""orders"": 0, ""quantity"": 0}, {""price"": 0.0, ""orders"": 0, ""quantity"": 0}, {""price"": 0.0, ""orders"": 0, ""quantity"": 0}, {""price"": 0.0, ""orders"": 0, ""quantity"": 0}]","[{""price"": 29.9, ""orders"": 37, ""quantity"": 1132500}, {""price"": 30.0, ""orders"": 2, ""quantity"": 7500}, {""price"": 30.5, ""orders"": 4, ""quantity"": 17500}, {""price"": 30.8, ""orders"": 1, ""quantity"": 5000}, {""price"": 0.0, ""orders"": 0, ""quantity"": 0}]"
"2025-12-17 14:11:22.289368+05:30","2635777","KCK-ST","29.9","2500","Wed Dec 17 13:14:19 IST 2025","2500","29.9","29.9","29.9","30.5",NULL,NULL,"[{""price"": 29.9, ""orders"": 1, ""quantity"": 2500}, {""price"": 0.0, ""orders"": 0, ""quantity"": 0}, {""price"": 0.0, ""orders"": 0, ""quantity"": 0}, {""price"": 0.0, ""orders"": 0, ""quantity"": 0}, {""price"": 0.0, ""orders"": 0, ""quantity"": 0}]","[{""price"": 29.9, ""orders"": 37, ""quantity"": 1132500}, {""price"": 30.0, ""orders"": 2, ""quantity"": 7500}, {""price"": 30.5, ""orders"": 4, ""quantity"": 17500}, {""price"": 30.8, ""orders"": 1, ""quantity"": 5000}, {""price"": 0.0, ""orders"": 0, ""quantity"": 0}]"
"2025-12-17 14:13:42.249949+05:30","2635777","KCK-ST","29.9","2500","Wed Dec 17 13:14:19 IST 2025","2500","29.9","29.9","29.9","30.5",NULL,NULL,"[{""price"": 29.9, ""orders"": 1, ""quantity"": 2500}, {""price"": 0.0, ""orders"": 0, ""quantity"": 0}, {""price"": 0.0, ""orders"": 0, ""quantity"": 0}, {""price"": 0.0, ""orders"": 0, ""quantity"": 0}, {""price"": 0.0, ""orders"": 0, ""quantity"": 0}]","[{""price"": 29.9, ""orders"": 37, ""quantity"": 1150000}, {""price"": 30.0, ""orders"": 2, ""quantity"": 7500}, {""price"": 30.5, ""orders"": 4, ""quantity"": 17500}, {""price"": 30.8, ""orders"": 1, ""quantity"": 5000}, {""price"": 0.0, ""orders"": 0, ""quantity"": 0}]"
"2025-12-17 14:13:43.631763+05:30","2635777","KCK-ST","29.9","2500","Wed Dec 17 13:14:19 IST 2025","2500","29.9","29.9","29.9","30.5",NULL,NULL,"[{""price"": 29.9, ""orders"": 1, ""quantity"": 2500}, {""price"": 0.0, ""orders"": 0, ""quantity"": 0}, {""price"": 0.0, ""orders"": 0, ""quantity"": 0}, {""price"": 0.0, ""orders"": 0, ""quantity"": 0}, {""price"": 0.0, ""orders"": 0, ""quantity"": 0}]","[{""price"": 29.9, ""orders"": 37, ""quantity"": 1150000}, {""price"": 30.0, ""orders"": 2, ""quantity"": 7500}, {""price"": 30.5, ""orders"": 4, ""quantity"": 17500}, {""price"": 30.8, ""orders"": 1, ""quantity"": 5000}, {""price"": 0.0, ""orders"": 0, ""quantity"": 0}]"
"2025-12-17 14:13:44.976989+05:30","2635777","KCK-ST","29.9","2500","Wed Dec 17 13:14:19 IST 2025","2500","29.9","29.9","29.9","30.5",NULL,NULL,"[{""price"": 29.9, ""orders"": 1, ""quantity"": 2500}, {""price"": 0.0, ""orders"": 0, ""quantity"": 0}, {""price"": 0.0, ""orders"": 0, ""quantity"": 0}, {""price"": 0.0, ""orders"": 0, ""quantity"": 0}, {""price"": 0.0, ""orders"": 0, ""quantity"": 0}]","[{""price"": 29.9, ""orders"": 37, ""quantity"": 1150000}, {""price"": 30.0, ""orders"": 2, ""quantity"": 7500}, {""price"": 30.5, ""orders"": 4, ""quantity"": 17500}, {""price"": 30.8, ""orders"": 1, ""quantity"": 5000}, {""price"": 0.0, ""orders"": 0, ""quantity"": 0}]"
"2025-12-17 14:13:46.278801+05:30","2635777","KCK-ST","29.9","2500","Wed Dec 17 13:14:19 IST 2025","2500","29.9","29.9","29.9","30.5",NULL,NULL,"[{""price"": 29.9, ""orders"": 1, ""quantity"": 2500}, {""price"": 0.0, ""orders"": 0, ""quantity"": 0}, {""price"": 0.0, ""orders"": 0, ""quantity"": 0}, {""price"": 0.0, ""orders"": 0, ""quantity"": 0}, {""price"": 0.0, ""orders"": 0, ""quantity"": 0}]","[{""price"": 29.9, ""orders"": 37, ""quantity"": 1150000}, {""price"": 30.0, ""orders"": 2, ""quantity"": 7500}, {""price"": 30.5, ""orders"": 4, ""quantity"": 17500}, {""price"": 30.8, ""orders"": 1, ""quantity"": 5000}, {""price"": 0.0, ""orders"": 0, ""quantity"": 0}]"
"2025-12-17 14:13:47.709618+05:30","2635777","KCK-ST","29.9","2500","Wed Dec 17 13:14:19 IST 2025","2500","29.9","29.9","29.9","30.5",NULL,NULL,"[{""price"": 29.9, ""orders"": 1, ""quantity"": 2500}, {""price"": 0.0, ""orders"": 0, ""quantity"": 0}, {""price"": 0.0, ""orders"": 0, ""quantity"": 0}, {""price"": 0.0, ""orders"": 0, ""quantity"": 0}, {""price"": 0.0, ""orders"": 0, ""quantity"": 0}]","[{""price"": 29.9, ""orders"": 37, ""quantity"": 1150000}, {""price"": 30.0, ""orders"": 2, ""quantity"": 7500}, {""price"": 30.5, ""orders"": 4, ""quantity"": 17500}, {""price"": 30.8, ""orders"": 1, ""quantity"": 5000}, {""price"": 0.0, ""orders"": 0, ""quantity"": 0}]"
"2025-12-17 14:13:49.076694+05:30","2635777","KCK-ST","29.9","2500","Wed Dec 17 13:14:19 IST 2025","2500","29.9","29.9","29.9","30.5",NULL,NULL,"[{""price"": 29.9, ""orders"": 1, ""quantity"": 2500}, {""price"": 0.0, ""orders"": 0, ""quantity"": 0}, {""price"": 0.0, ""orders"": 0, ""quantity"": 0}, {""price"": 0.0, ""orders"": 0, ""quantity"": 0}, {""price"": 0.0, ""orders"": 0, ""quantity"": 0}]","[{""price"": 29.9, ""orders"": 37, ""quantity"": 1150000}, {""price"": 30.0, ""orders"": 2, ""quantity"": 7500}, {""price"": 30.5, ""orders"": 4, ""quantity"": 17500}, {""price"": 30.8, ""orders"": 1, ""quantity"": 5000}, {""price"": 0.0, ""orders"": 0, ""quantity"": 0}]"
"2025-12-17 14:13:50.399958+05:30","2635777","KCK-ST","29.9","2500","Wed Dec 17 13:14:19 IST 2025","2500","29.9","29.9","29.9","30.5",NULL,NULL,"[{""price"": 29.9, ""orders"": 1, ""quantity"": 2500}, {""price"": 0.0, ""orders"": 0, ""quantity"": 0}, {""price"": 0.0, ""orders"": 0, ""quantity"": 0}, {""price"": 0.0, ""orders"": 0, ""quantity"": 0}, {""price"": 0.0, ""orders"": 0, ""quantity"": 0}]","[{""price"": 29.9, ""orders"": 37, ""quantity"": 1150000}, {""price"": 30.0, ""orders"": 2, ""quantity"": 7500}, {""price"": 30.5, ""orders"": 4, ""quantity"": 17500}, {""price"": 30.8, ""orders"": 1, ""quantity"": 5000}, {""price"": 0.0, ""orders"": 0, ""quantity"": 0}]"
"2025-12-17 14:13:51.787259+05:30","2635777","KCK-ST","29.9","2500","Wed Dec 17 13:14:19 IST 2025","2500","29.9","29.9","29.9","30.5",NULL,NULL,"[{""price"": 29.9, ""orders"": 1, ""quantity"": 2500}, {""price"": 0.0, ""orders"": 0, ""quantity"": 0}, {""price"": 0.0, ""orders"": 0, ""quantity"": 0}, {""price"": 0.0, ""orders"": 0, ""quantity"": 0}, {""price"": 0.0, ""orders"": 0, ""quantity"": 0}]","[{""price"": 29.9, ""orders"": 37, ""quantity"": 1150000}, {""price"": 30.0, ""orders"": 2, ""quantity"": 7500}, {""price"": 30.5, ""orders"": 4, ""quantity"": 17500}, {""price"": 30.8, ""orders"": 1, ""quantity"": 5000}, {""price"": 0.0, ""orders"": 0, ""quantity"": 0}]"
"2025-12-17 14:13:52.940632+05:30","2635777","KCK-ST","29.9","2500","Wed Dec 17 13:14:19 IST 2025","2500","29.9","29.9","29.9","30.5","29.9","31.1","[{""price"": 29.9, ""orders"": 1, ""quantity"": 2500}, {""price"": 0.0, ""orders"": 0, ""quantity"": 0}, {""price"": 0.0, ""orders"": 0, ""quantity"": 0}, {""price"": 0.0, ""orders"": 0, ""quantity"": 0}, {""price"": 0.0, ""orders"": 0, ""quantity"": 0}]","[{""price"": 29.9, ""orders"": 37, ""quantity"": 1150000}, {""price"": 30.0, ""orders"": 2, ""quantity"": 7500}, {""price"": 30.5, ""orders"": 4, ""quantity"": 17500}, {""price"": 30.8, ""orders"": 1, ""quantity"": 5000}, {""price"": 0.0, ""orders"": 0, ""quantity"": 0}]"
"2025-12-17 14:13:54.497344+05:30","2635777","KCK-ST","29.9","2500","Wed Dec 17 13:14:19 IST 2025","2500","29.9","29.9","29.9","30.5",NULL,NULL,"[{""price"": 29.9, ""orders"": 1, ""quantity"": 2500}, {""price"": 0.0, ""orders"": 0, ""quantity"": 0}, {""price"": 0.0, ""orders"": 0, ""quantity"": 0}, {""price"": 0.0, ""orders"": 0, ""quantity"": 0}, {""price"": 0.0, ""orders"": 0, ""quantity"": 0}]","[{""price"": 29.9, ""orders"": 37, ""quantity"": 1150000}, {""price"": 30.0, ""orders"": 2, ""quantity"": 7500}, {""price"": 30.5, ""orders"": 4, ""quantity"": 17500}, {""price"": 30.8, ""orders"": 1, ""quantity"": 5000}, {""price"": 0.0, ""orders"": 0, ""quantity"": 0}]"
"2025-12-17 14:13:55.849247+05:30","2635777","KCK-ST","29.9","2500","Wed Dec 17 13:14:19 IST 2025","2500","29.9","29.9","29.9","30.5",NULL,NULL,"[{""price"": 29.9, ""orders"": 1, ""quantity"": 2500}, {""price"": 0.0, ""orders"": 0, ""quantity"": 0}, {""price"": 0.0, ""orders"": 0, ""quantity"": 0}, {""price"": 0.0, ""orders"": 0, ""quantity"": 0}, {""price"": 0.0, ""orders"": 0, ""quantity"": 0}]","[{""price"": 29.9, ""orders"": 37, ""quantity"": 1150000}, {""price"": 30.0, ""orders"": 2, ""quantity"": 7500}, {""price"": 30.5, ""orders"": 4, ""quantity"": 17500}, {""price"": 30.8, ""orders"": 1, ""quantity"": 5000}, {""price"": 0.0, ""orders"": 0, ""quantity"": 0}]"
"2025-12-17 14:13:57.224991+05:30","2635777","KCK-ST","29.9","2500","Wed Dec 17 13:14:19 IST 2025","2500","29.9","29.9","29.9","30.5",NULL,NULL,"[{""price"": 29.9, ""orders"": 1, ""quantity"": 2500}, {""price"": 0.0, ""orders"": 0, ""quantity"": 0}, {""price"": 0.0, ""orders"": 0, ""quantity"": 0}, {""price"": 0.0, ""orders"": 0, ""quantity"": 0}, {""price"": 0.0, ""orders"": 0, ""quantity"": 0}]","[{""price"": 29.9, ""orders"": 37, ""quantity"": 1150000}, {""price"": 30.0, ""orders"": 2, ""quantity"": 7500}, {""price"": 30.5, ""orders"": 4, ""quantity"": 17500}, {""price"": 30.8, ""orders"": 1, ""quantity"": 5000}, {""price"": 0.0, ""orders"": 0, ""quantity"": 0}]"
"2025-12-17 14:13:58.649404+05:30","2635777","KCK-ST","29.9","2500","Wed Dec 17 13:14:19 IST 2025","2500","29.9","29.9","29.9","30.5",NULL,NULL,"[{""price"": 29.9, ""orders"": 1, ""quantity"": 2500}, {""price"": 0.0, ""orders"": 0, ""quantity"": 0}, {""price"": 0.0, ""orders"": 0, ""quantity"": 0}, {""price"": 0.0, ""orders"": 0, ""quantity"": 0}, {""price"": 0.0, ""orders"": 0, ""quantity"": 0}]","[{""price"": 29.9, ""orders"": 37, ""quantity"": 1150000}, {""price"": 30.0, ""orders"": 2, ""quantity"": 7500}, {""price"": 30.5, ""orders"": 4, ""quantity"": 17500}, {""price"": 30.8, ""orders"": 1, ""quantity"": 5000}, {""price"": 0.0, ""orders"": 0, ""quantity"": 0}]"
"2025-12-17 14:13:59.977133+05:30","2635777","KCK-ST","29.9","2500","Wed Dec 17 13:14:19 IST 2025","2500","29.9","29.9","29.9","30.5",NULL,NULL,"[{""price"": 29.9, ""orders"": 1, ""quantity"": 2500}, {""price"": 0.0, ""orders"": 0, ""quantity"": 0}, {""price"": 0.0, ""orders"": 0, ""quantity"": 0}, {""price"": 0.0, ""orders"": 0, ""quantity"": 0}, {""price"": 0.0, ""orders"": 0, ""quantity"": 0}]","[{""price"": 29.9, ""orders"": 37, ""quantity"": 1150000}, {""price"": 30.0, ""orders"": 2, ""quantity"": 7500}, {""price"": 30.5, ""orders"": 4, ""quantity"": 17500}, {""price"": 30.8, ""orders"": 1, ""quantity"": 5000}, {""price"": 0.0, ""orders"": 0, ""quantity"": 0}]"
"2025-12-17 14:14:01.377858+05:30","2635777","KCK-ST","29.9","2500","Wed Dec 17 13:14:19 IST 2025","2500","29.9","29.9","29.9","30.5",NULL,NULL,"[{""price"": 29.9, ""orders"": 1, ""quantity"": 2500}, {""price"": 0.0, ""orders"": 0, ""quantity"": 0}, {""price"": 0.0, ""orders"": 0, ""quantity"": 0}, {""price"": 0.0, ""orders"": 0, ""quantity"": 0}, {""price"": 0.0, ""orders"": 0, ""quantity"": 0}]","[{""price"": 29.9, ""orders"": 37, ""quantity"": 1150000}, {""price"": 30.0, ""orders"": 2, ""quantity"": 7500}, {""price"": 30.5, ""orders"": 4, ""quantity"": 17500}, {""price"": 30.8, ""orders"": 1, ""quantity"": 5000}, {""price"": 0.0, ""orders"": 0, ""quantity"": 0}]"
"2025-12-17 14:14:02.822629+05:30","2635777","KCK-ST","29.9","2500","Wed Dec 17 13:14:19 IST 2025","2500","29.9","29.9","29.9","30.5",NULL,NULL,"[{""price"": 29.9, ""orders"": 1, ""quantity"": 2500}, {""price"": 0.0, ""orders"": 0, ""quantity"": 0}, {""price"": 0.0, ""orders"": 0, ""quantity"": 0}, {""price"": 0.0, ""orders"": 0, ""quantity"": 0}, {""price"": 0.0, ""orders"": 0, ""quantity"": 0}]","[{""price"": 29.9, ""orders"": 37, ""quantity"": 1150000}, {""price"": 30.0, ""orders"": 2, ""quantity"": 7500}, {""price"": 30.5, ""orders"": 4, ""quantity"": 17500}, {""price"": 30.8, ""orders"": 1, ""quantity"": 5000}, {""price"": 0.0, ""orders"": 0, ""quantity"": 0}]"
"2025-12-17 14:14:04.199305+05:30","2635777","KCK-ST","29.9","2500","Wed Dec 17 13:14:19 IST 2025","2500","29.9","29.9","29.9","30.5",NULL,NULL,"[{""price"": 29.9, ""orders"": 1, ""quantity"": 2500}, {""price"": 0.0, ""orders"": 0, ""quantity"": 0}, {""price"": 0.0, ""orders"": 0, ""quantity"": 0}, {""price"": 0.0, ""orders"": 0, ""quantity"": 0}, {""price"": 0.0, ""orders"": 0, ""quantity"": 0}]","[{""price"": 29.9, ""orders"": 37, ""quantity"": 1150000}, {""price"": 30.0, ""orders"": 2, ""quantity"": 7500}, {""price"": 30.5, ""orders"": 4, ""quantity"": 17500}, {""price"": 30.8, ""orders"": 1, ""quantity"": 5000}, {""price"": 0.0, ""orders"": 0, ""quantity"": 0}]"
"2025-12-17 14:14:05.506132+05:30","2635777","KCK-ST","29.9","2500","Wed Dec 17 13:14:19 IST 2025","2500","29.9","29.9","29.9","30.5",NULL,NULL,"[{""price"": 29.9, ""orders"": 1, ""quantity"": 2500}, {""price"": 0.0, ""orders"": 0, ""quantity"": 0}, {""price"": 0.0, ""orders"": 0, ""quantity"": 0}, {""price"": 0.0, ""orders"": 0, ""quantity"": 0}, {""price"": 0.0, ""orders"": 0, ""quantity"": 0}]","[{""price"": 29.9, ""orders"": 37, ""quantity"": 1150000}, {""price"": 30.0, ""orders"": 2, ""quantity"": 7500}, {""price"": 30.5, ""orders"": 4, ""quantity"": 17500}, {""price"": 30.8, ""orders"": 1, ""quantity"": 5000}, {""price"": 0.0, ""orders"": 0, ""quantity"": 0}]"
"2025-12-17 14:11:23.68151+05:30","2635777","KCK-ST","29.9","2500","Wed Dec 17 13:14:19 IST 2025","2500","29.9","29.9","29.9","30.5",NULL,NULL,"[{""price"": 29.9, ""orders"": 1, ""quantity"": 2500}, {""price"": 0.0, ""orders"": 0, ""quantity"": 0}, {""price"": 0.0, ""orders"": 0, ""quantity"": 0}, {""price"": 0.0, ""orders"": 0, ""quantity"": 0}, {""price"": 0.0, ""orders"": 0, ""quantity"": 0}]","[{""price"": 29.9, ""orders"": 37, ""quantity"": 1132500}, {""price"": 30.0, ""orders"": 2, ""quantity"": 7500}, {""price"": 30.5, ""orders"": 4, ""quantity"": 17500}, {""price"": 30.8, ""orders"": 1, ""quantity"": 5000}, {""price"": 0.0, ""orders"": 0, ""quantity"": 0}]"
"2025-12-17 14:12:40.437566+05:30","2635777","KCK-ST","29.9","2500","Wed Dec 17 13:14:19 IST 2025","2500","29.9","29.9","29.9","30.5",NULL,NULL,"[{""price"": 29.9, ""orders"": 1, ""quantity"": 2500}, {""price"": 0.0, ""orders"": 0, ""quantity"": 0}, {""price"": 0.0, ""orders"": 0, ""quantity"": 0}, {""price"": 0.0, ""orders"": 0, ""quantity"": 0}, {""price"": 0.0, ""orders"": 0, ""quantity"": 0}]","[{""price"": 29.9, ""orders"": 38, ""quantity"": 1152500}, {""price"": 30.0, ""orders"": 2, ""quantity"": 7500}, {""price"": 30.5, ""orders"": 4, ""quantity"": 17500}, {""price"": 30.8, ""orders"": 1, ""quantity"": 5000}, {""price"": 0.0, ""orders"": 0, ""quantity"": 0}]"
"2025-12-17 14:12:41.809544+05:30","2635777","KCK-ST","29.9","2500","Wed Dec 17 13:14:19 IST 2025","2500","29.9","29.9","29.9","30.5",NULL,NULL,"[{""price"": 29.9, ""orders"": 1, ""quantity"": 2500}, {""price"": 0.0, ""orders"": 0, ""quantity"": 0}, {""price"": 0.0, ""orders"": 0, ""quantity"": 0}, {""price"": 0.0, ""orders"": 0, ""quantity"": 0}, {""price"": 0.0, ""orders"": 0, ""quantity"": 0}]","[{""price"": 29.9, ""orders"": 38, ""quantity"": 1152500}, {""price"": 30.0, ""orders"": 2, ""quantity"": 7500}, {""price"": 30.5, ""orders"": 4, ""quantity"": 17500}, {""price"": 30.8, ""orders"": 1, ""quantity"": 5000}, {""price"": 0.0, ""orders"": 0, ""quantity"": 0}]"
"2025-12-17 14:12:43.159317+05:30","2635777","KCK-ST","29.9","2500","Wed Dec 17 13:14:19 IST 2025","2500","29.9","29.9","29.9","30.5",NULL,NULL,"[{""price"": 29.9, ""orders"": 1, ""quantity"": 2500}, {""price"": 0.0, ""orders"": 0, ""quantity"": 0}, {""price"": 0.0, ""orders"": 0, ""quantity"": 0}, {""price"": 0.0, ""orders"": 0, ""quantity"": 0}, {""price"": 0.0, ""orders"": 0, ""quantity"": 0}]","[{""price"": 29.9, ""orders"": 38, ""quantity"": 1152500}, {""price"": 30.0, ""orders"": 2, ""quantity"": 7500}, {""price"": 30.5, ""orders"": 4, ""quantity"": 17500}, {""price"": 30.8, ""orders"": 1, ""quantity"": 5000}, {""price"": 0.0, ""orders"": 0, ""quantity"": 0}]"
"2025-12-17 14:12:44.513472+05:30","2635777","KCK-ST","29.9","2500","Wed Dec 17 13:14:19 IST 2025","2500","29.9","29.9","29.9","30.5",NULL,NULL,"[{""price"": 29.9, ""orders"": 1, ""quantity"": 2500}, {""price"": 0.0, ""orders"": 0, ""quantity"": 0}, {""price"": 0.0, ""orders"": 0, ""quantity"": 0}, {""price"": 0.0, ""orders"": 0, ""quantity"": 0}, {""price"": 0.0, ""orders"": 0, ""quantity"": 0}]","[{""price"": 29.9, ""orders"": 38, ""quantity"": 1152500}, {""price"": 30.0, ""orders"": 2, ""quantity"": 7500}, {""price"": 30.5, ""orders"": 4, ""quantity"": 17500}, {""price"": 30.8, ""orders"": 1, ""quantity"": 5000}, {""price"": 0.0, ""orders"": 0, ""quantity"": 0}]"
"2025-12-17 14:12:45.904304+05:30","2635777","KCK-ST","29.9","2500","Wed Dec 17 13:14:19 IST 2025","2500","29.9","29.9","29.9","30.5",NULL,NULL,"[{""price"": 29.9, ""orders"": 1, ""quantity"": 2500}, {""price"": 0.0, ""orders"": 0, ""quantity"": 0}, {""price"": 0.0, ""orders"": 0, ""quantity"": 0}, {""price"": 0.0, ""orders"": 0, ""quantity"": 0}, {""price"": 0.0, ""orders"": 0, ""quantity"": 0}]","[{""price"": 29.9, ""orders"": 38, ""quantity"": 1152500}, {""price"": 30.0, ""orders"": 2, ""quantity"": 7500}, {""price"": 30.5, ""orders"": 4, ""quantity"": 17500}, {""price"": 30.8, ""orders"": 1, ""quantity"": 5000}, {""price"": 0.0, ""orders"": 0, ""quantity"": 0}]"
"2025-12-17 14:12:46.149704+05:30","2635777","KCK-ST","29.9","2500","Wed Dec 17 13:14:19 IST 2025","2500","29.9","29.9","29.9","30.5",NULL,NULL,"[{""price"": 29.9, ""orders"": 1, ""quantity"": 2500}, {""price"": 0.0, ""orders"": 0, ""quantity"": 0}, {""price"": 0.0, ""orders"": 0, ""quantity"": 0}, {""price"": 0.0, ""orders"": 0, ""quantity"": 0}, {""price"": 0.0, ""orders"": 0, ""quantity"": 0}]","[{""price"": 29.9, ""orders"": 37, ""quantity"": 1150000}, {""price"": 30.0, ""orders"": 2, ""quantity"": 7500}, {""price"": 30.5, ""orders"": 4, ""quantity"": 17500}, {""price"": 30.8, ""orders"": 1, ""quantity"": 5000}, {""price"": 0.0, ""orders"": 0, ""quantity"": 0}]"
"2025-12-17 14:13:17.600159+05:30","2635777","KCK-ST","29.9","2500","Wed Dec 17 13:14:19 IST 2025","2500","29.9","29.9","29.9","30.5",NULL,NULL,"[{""price"": 29.9, ""orders"": 1, ""quantity"": 2500}, {""price"": 0.0, ""orders"": 0, ""quantity"": 0}, {""price"": 0.0, ""orders"": 0, ""quantity"": 0}, {""price"": 0.0, ""orders"": 0, ""quantity"": 0}, {""price"": 0.0, ""orders"": 0, ""quantity"": 0}]","[{""price"": 29.9, ""orders"": 37, ""quantity"": 1150000}, {""price"": 30.0, ""orders"": 2, ""quantity"": 7500}, {""price"": 30.5, ""orders"": 4, ""quantity"": 17500}, {""price"": 30.8, ""orders"": 1, ""quantity"": 5000}, {""price"": 0.0, ""orders"": 0, ""quantity"": 0}]"
"2025-12-17 14:13:18.918257+05:30","2635777","KCK-ST","29.9","2500","Wed Dec 17 13:14:19 IST 2025","2500","29.9","29.9","29.9","30.5",NULL,NULL,"[{""price"": 29.9, ""orders"": 1, ""quantity"": 2500}, {""price"": 0.0, ""orders"": 0, ""quantity"": 0}, {""price"": 0.0, ""orders"": 0, ""quantity"": 0}, {""price"": 0.0, ""orders"": 0, ""quantity"": 0}, {""price"": 0.0, ""orders"": 0, ""quantity"": 0}]","[{""price"": 29.9, ""orders"": 37, ""quantity"": 1150000}, {""price"": 30.0, ""orders"": 2, ""quantity"": 7500}, {""price"": 30.5, ""orders"": 4, ""quantity"": 17500}, {""price"": 30.8, ""orders"": 1, ""quantity"": 5000}, {""price"": 0.0, ""orders"": 0, ""quantity"": 0}]"
"2025-12-17 14:13:20.249352+05:30","2635777","KCK-ST","29.9","2500","Wed Dec 17 13:14:19 IST 2025","2500","29.9","29.9","29.9","30.5",NULL,NULL,"[{""price"": 29.9, ""orders"": 1, ""quantity"": 2500}, {""price"": 0.0, ""orders"": 0, ""quantity"": 0}, {""price"": 0.0, ""orders"": 0, ""quantity"": 0}, {""price"": 0.0, ""orders"": 0, ""quantity"": 0}, {""price"": 0.0, ""orders"": 0, ""quantity"": 0}]","[{""price"": 29.9, ""orders"": 37, ""quantity"": 1150000}, {""price"": 30.0, ""orders"": 2, ""quantity"": 7500}, {""price"": 30.5, ""orders"": 4, ""quantity"": 17500}, {""price"": 30.8, ""orders"": 1, ""quantity"": 5000}, {""price"": 0.0, ""orders"": 0, ""quantity"": 0}]"
"2025-12-17 14:13:21.677471+05:30","2635777","KCK-ST","29.9","2500","Wed Dec 17 13:14:19 IST 2025","2500","29.9","29.9","29.9","30.5",NULL,NULL,"[{""price"": 29.9, ""orders"": 1, ""quantity"": 2500}, {""price"": 0.0, ""orders"": 0, ""quantity"": 0}, {""price"": 0.0, ""orders"": 0, ""quantity"": 0}, {""price"": 0.0, ""orders"": 0, ""quantity"": 0}, {""price"": 0.0, ""orders"": 0, ""quantity"": 0}]","[{""price"": 29.9, ""orders"": 37, ""quantity"": 1150000}, {""price"": 30.0, ""orders"": 2, ""quantity"": 7500}, {""price"": 30.5, ""orders"": 4, ""quantity"": 17500}, {""price"": 30.8, ""orders"": 1, ""quantity"": 5000}, {""price"": 0.0, ""orders"": 0, ""quantity"": 0}]"
"2025-12-17 14:13:23.049664+05:30","2635777","KCK-ST","29.9","2500","Wed Dec 17 13:14:19 IST 2025","2500","29.9","29.9","29.9","30.5",NULL,NULL,"[{""price"": 29.9, ""orders"": 1, ""quantity"": 2500}, {""price"": 0.0, ""orders"": 0, ""quantity"": 0}, {""price"": 0.0, ""orders"": 0, ""quantity"": 0}, {""price"": 0.0, ""orders"": 0, ""quantity"": 0}, {""price"": 0.0, ""orders"": 0, ""quantity"": 0}]","[{""price"": 29.9, ""orders"": 37, ""quantity"": 1150000}, {""price"": 30.0, ""orders"": 2, ""quantity"": 7500}, {""price"": 30.5, ""orders"": 4, ""quantity"": 17500}, {""price"": 30.8, ""orders"": 1, ""quantity"": 5000}, {""price"": 0.0, ""orders"": 0, ""quantity"": 0}]"
"2025-12-17 14:13:24.315004+05:30","2635777","KCK-ST","29.9","2500","Wed Dec 17 13:14:19 IST 2025","2500","29.9","29.9","29.9","30.5",NULL,NULL,"[{""price"": 29.9, ""orders"": 1, ""quantity"": 2500}, {""price"": 0.0, ""orders"": 0, ""quantity"": 0}, {""price"": 0.0, ""orders"": 0, ""quantity"": 0}, {""price"": 0.0, ""orders"": 0, ""quantity"": 0}, {""price"": 0.0, ""orders"": 0, ""quantity"": 0}]","[{""price"": 29.9, ""orders"": 37, ""quantity"": 1150000}, {""price"": 30.0, ""orders"": 2, ""quantity"": 7500}, {""price"": 30.5, ""orders"": 4, ""quantity"": 17500}, {""price"": 30.8, ""orders"": 1, ""quantity"": 5000}, {""price"": 0.0, ""orders"": 0, ""quantity"": 0}]"
"2025-12-17 14:13:25.783855+05:30","2635777","KCK-ST","29.9","2500","Wed Dec 17 13:14:19 IST 2025","2500","29.9","29.9","29.9","30.5",NULL,NULL,"[{""price"": 29.9, ""orders"": 1, ""quantity"": 2500}, {""price"": 0.0, ""orders"": 0, ""quantity"": 0}, {""price"": 0.0, ""orders"": 0, ""quantity"": 0}, {""price"": 0.0, ""orders"": 0, ""quantity"": 0}, {""price"": 0.0, ""orders"": 0, ""quantity"": 0}]","[{""price"": 29.9, ""orders"": 37, ""quantity"": 1150000}, {""price"": 30.0, ""orders"": 2, ""quantity"": 7500}, {""price"": 30.5, ""orders"": 4, ""quantity"": 17500}, {""price"": 30.8, ""orders"": 1, ""quantity"": 5000}, {""price"": 0.0, ""orders"": 0, ""quantity"": 0}]"
"2025-12-17 14:13:27.056043+05:30","2635777","KCK-ST","29.9","2500","Wed Dec 17 13:14:19 IST 2025","2500","29.9","29.9","29.9","30.5",NULL,NULL,"[{""price"": 29.9, ""orders"": 1, ""quantity"": 2500}, {""price"": 0.0, ""orders"": 0, ""quantity"": 0}, {""price"": 0.0, ""orders"": 0, ""quantity"": 0}, {""price"": 0.0, ""orders"": 0, ""quantity"": 0}, {""price"": 0.0, ""orders"": 0, ""quantity"": 0}]","[{""price"": 29.9, ""orders"": 37, ""quantity"": 1150000}, {""price"": 30.0, ""orders"": 2, ""quantity"": 7500}, {""price"": 30.5, ""orders"": 4, ""quantity"": 17500}, {""price"": 30.8, ""orders"": 1, ""quantity"": 5000}, {""price"": 0.0, ""orders"": 0, ""quantity"": 0}]"
"2025-12-17 14:13:28.583646+05:30","2635777","KCK-ST","29.9","2500","Wed Dec 17 13:14:19 IST 2025","2500","29.9","29.9","29.9","30.5",NULL,NULL,"[{""price"": 29.9, ""orders"": 1, ""quantity"": 2500}, {""price"": 0.0, ""orders"": 0, ""quantity"": 0}, {""price"": 0.0, ""orders"": 0, ""quantity"": 0}, {""price"": 0.0, ""orders"": 0, ""quantity"": 0}, {""price"": 0.0, ""orders"": 0, ""quantity"": 0}]","[{""price"": 29.9, ""orders"": 37, ""quantity"": 1150000}, {""price"": 30.0, ""orders"": 2, ""quantity"": 7500}, {""price"": 30.5, ""orders"": 4, ""quantity"": 17500}, {""price"": 30.8, ""orders"": 1, ""quantity"": 5000}, {""price"": 0.0, ""orders"": 0, ""quantity"": 0}]"
"2025-12-17 14:13:29.927617+05:30","2635777","KCK-ST","29.9","2500","Wed Dec 17 13:14:19 IST 2025","2500","29.9","29.9","29.9","30.5",NULL,NULL,"[{""price"": 29.9, ""orders"": 1, ""quantity"": 2500}, {""price"": 0.0, ""orders"": 0, ""quantity"": 0}, {""price"": 0.0, ""orders"": 0, ""quantity"": 0}, {""price"": 0.0, ""orders"": 0, ""quantity"": 0}, {""price"": 0.0, ""orders"": 0, ""quantity"": 0}]","[{""price"": 29.9, ""orders"": 37, ""quantity"": 1150000}, {""price"": 30.0, ""orders"": 2, ""quantity"": 7500}, {""price"": 30.5, ""orders"": 4, ""quantity"": 17500}, {""price"": 30.8, ""orders"": 1, ""quantity"": 5000}, {""price"": 0.0, ""orders"": 0, ""quantity"": 0}]"
"2025-12-17 14:13:31.325931+05:30","2635777","KCK-ST","29.9","2500","Wed Dec 17 13:14:19 IST 2025","2500","29.9","29.9","29.9","30.5",NULL,NULL,"[{""price"": 29.9, ""orders"": 1, ""quantity"": 2500}, {""price"": 0.0, ""orders"": 0, ""quantity"": 0}, {""price"": 0.0, ""orders"": 0, ""quantity"": 0}, {""price"": 0.0, ""orders"": 0, ""quantity"": 0}, {""price"": 0.0, ""orders"": 0, ""quantity"": 0}]","[{""price"": 29.9, ""orders"": 37, ""quantity"": 1150000}, {""price"": 30.0, ""orders"": 2, ""quantity"": 7500}, {""price"": 30.5, ""orders"": 4, ""quantity"": 17500}, {""price"": 30.8, ""orders"": 1, ""quantity"": 5000}, {""price"": 0.0, ""orders"": 0, ""quantity"": 0}]"
"2025-12-17 14:13:32.649694+05:30","2635777","KCK-ST","29.9","2500","Wed Dec 17 13:14:19 IST 2025","2500","29.9","29.9","29.9","30.5",NULL,NULL,"[{""price"": 29.9, ""orders"": 1, ""quantity"": 2500}, {""price"": 0.0, ""orders"": 0, ""quantity"": 0}, {""price"": 0.0, ""orders"": 0, ""quantity"": 0}, {""price"": 0.0, ""orders"": 0, ""quantity"": 0}, {""price"": 0.0, ""orders"": 0, ""quantity"": 0}]","[{""price"": 29.9, ""orders"": 37, ""quantity"": 1150000}, {""price"": 30.0, ""orders"": 2, ""quantity"": 7500}, {""price"": 30.5, ""orders"": 4, ""quantity"": 17500}, {""price"": 30.8, ""orders"": 1, ""quantity"": 5000}, {""price"": 0.0, ""orders"": 0, ""quantity"": 0}]"
"2025-12-17 14:14:06.824903+05:30","2635777","KCK-ST","29.9","2500","Wed Dec 17 13:14:19 IST 2025","2500","29.9","29.9","29.9","30.5",NULL,NULL,"[{""price"": 29.9, ""orders"": 1, ""quantity"": 2500}, {""price"": 0.0, ""orders"": 0, ""quantity"": 0}, {""price"": 0.0, ""orders"": 0, ""quantity"": 0}, {""price"": 0.0, ""orders"": 0, ""quantity"": 0}, {""price"": 0.0, ""orders"": 0, ""quantity"": 0}]","[{""price"": 29.9, ""orders"": 37, ""quantity"": 1150000}, {""price"": 30.0, ""orders"": 2, ""quantity"": 7500}, {""price"": 30.5, ""orders"": 4, ""quantity"": 17500}, {""price"": 30.8, ""orders"": 1, ""quantity"": 5000}, {""price"": 0.0, ""orders"": 0, ""quantity"": 0}]"
"2025-12-17 14:14:08.256875+05:30","2635777","KCK-ST","29.9","2500","Wed Dec 17 13:14:19 IST 2025","2500","29.9","29.9","29.9","30.5",NULL,NULL,"[{""price"": 29.9, ""orders"": 1, ""quantity"": 2500}, {""price"": 0.0, ""orders"": 0, ""quantity"": 0}, {""price"": 0.0, ""orders"": 0, ""quantity"": 0}, {""price"": 0.0, ""orders"": 0, ""quantity"": 0}, {""price"": 0.0, ""orders"": 0, ""quantity"": 0}]","[{""price"": 29.9, ""orders"": 37, ""quantity"": 1150000}, {""price"": 30.0, ""orders"": 2, ""quantity"": 7500}, {""price"": 30.5, ""orders"": 4, ""quantity"": 17500}, {""price"": 30.8, ""orders"": 1, ""quantity"": 5000}, {""price"": 0.0, ""orders"": 0, ""quantity"": 0}]"
"2025-12-17 14:14:09.553501+05:30","2635777","KCK-ST","29.9","2500","Wed Dec 17 13:14:19 IST 2025","2500","29.9","29.9","29.9","30.5","29.9","31.1","[{""price"": 29.9, ""orders"": 1, ""quantity"": 2500}, {""price"": 0.0, ""orders"": 0, ""quantity"": 0}, {""price"": 0.0, ""orders"": 0, ""quantity"": 0}, {""price"": 0.0, ""orders"": 0, ""quantity"": 0}, {""price"": 0.0, ""orders"": 0, ""quantity"": 0}]","[{""price"": 29.9, ""orders"": 37, ""quantity"": 1150000}, {""price"": 30.0, ""orders"": 2, ""quantity"": 7500}, {""price"": 30.5, ""orders"": 4, ""quantity"": 17500}, {""price"": 30.8, ""orders"": 1, ""quantity"": 5000}, {""price"": 0.0, ""orders"": 0, ""quantity"": 0}]"
"2025-12-17 14:14:11.062614+05:30","2635777","KCK-ST","29.9","2500","Wed Dec 17 13:14:19 IST 2025","2500","29.9","29.9","29.9","30.5",NULL,NULL,"[{""price"": 29.9, ""orders"": 1, ""quantity"": 2500}, {""price"": 0.0, ""orders"": 0, ""quantity"": 0}, {""price"": 0.0, ""orders"": 0, ""quantity"": 0}, {""price"": 0.0, ""orders"": 0, ""quantity"": 0}, {""price"": 0.0, ""orders"": 0, ""quantity"": 0}]","[{""price"": 29.9, ""orders"": 37, ""quantity"": 1150000}, {""price"": 30.0, ""orders"": 2, ""quantity"": 7500}, {""price"": 30.5, ""orders"": 4, ""quantity"": 17500}, {""price"": 30.8, ""orders"": 1, ""quantity"": 5000}, {""price"": 0.0, ""orders"": 0, ""quantity"": 0}]"
"2025-12-17 14:14:12.427123+05:30","2635777","KCK-ST","29.9","2500","Wed Dec 17 13:14:19 IST 2025","2500","29.9","29.9","29.9","30.5",NULL,NULL,"[{""price"": 29.9, ""orders"": 1, ""quantity"": 2500}, {""price"": 0.0, ""orders"": 0, ""quantity"": 0}, {""price"": 0.0, ""orders"": 0, ""quantity"": 0}, {""price"": 0.0, ""orders"": 0, ""quantity"": 0}, {""price"": 0.0, ""orders"": 0, ""quantity"": 0}]","[{""price"": 29.9, ""orders"": 37, ""quantity"": 1150000}, {""price"": 30.0, ""orders"": 2, ""quantity"": 7500}, {""price"": 30.5, ""orders"": 4, ""quantity"": 17500}, {""price"": 30.8, ""orders"": 1, ""quantity"": 5000}, {""price"": 0.0, ""orders"": 0, ""quantity"": 0}]"
"2025-12-17 14:14:13.776997+05:30","2635777","KCK-ST","29.9","2500","Wed Dec 17 13:14:19 IST 2025","2500","29.9","29.9","29.9","30.5",NULL,NULL,"[{""price"": 29.9, ""orders"": 1, ""quantity"": 2500}, {""price"": 0.0, ""orders"": 0, ""quantity"": 0}, {""price"": 0.0, ""orders"": 0, ""quantity"": 0}, {""price"": 0.0, ""orders"": 0, ""quantity"": 0}, {""price"": 0.0, ""orders"": 0, ""quantity"": 0}]","[{""price"": 29.9, ""orders"": 37, ""quantity"": 1150000}, {""price"": 30.0, ""orders"": 2, ""quantity"": 7500}, {""price"": 30.5, ""orders"": 4, ""quantity"": 17500}, {""price"": 30.8, ""orders"": 1, ""quantity"": 5000}, {""price"": 0.0, ""orders"": 0, ""quantity"": 0}]"
"2025-12-17 14:14:15.209396+05:30","2635777","KCK-ST","29.9","2500","Wed Dec 17 13:14:19 IST 2025","2500","29.9","29.9","29.9","30.5",NULL,NULL,"[{""price"": 29.9, ""orders"": 1, ""quantity"": 2500}, {""price"": 0.0, ""orders"": 0, ""quantity"": 0}, {""price"": 0.0, ""orders"": 0, ""quantity"": 0}, {""price"": 0.0, ""orders"": 0, ""quantity"": 0}, {""price"": 0.0, ""orders"": 0, ""quantity"": 0}]","[{""price"": 29.9, ""orders"": 37, ""quantity"": 1150000}, {""price"": 30.0, ""orders"": 2, ""quantity"": 7500}, {""price"": 30.5, ""orders"": 4, ""quantity"": 17500}, {""price"": 30.8, ""orders"": 1, ""quantity"": 5000}, {""price"": 0.0, ""orders"": 0, ""quantity"": 0}]"
"2025-12-17 14:14:16.464875+05:30","2635777","KCK-ST","29.9","2500","Wed Dec 17 13:14:19 IST 2025","2500","29.9","29.9","29.9","30.5","29.9","31.1","[{""price"": 29.9, ""orders"": 1, ""quantity"": 2500}, {""price"": 0.0, ""orders"": 0, ""quantity"": 0}, {""price"": 0.0, ""orders"": 0, ""quantity"": 0}, {""price"": 0.0, ""orders"": 0, ""quantity"": 0}, {""price"": 0.0, ""orders"": 0, ""quantity"": 0}]","[{""price"": 29.9, ""orders"": 37, ""quantity"": 1150000}, {""price"": 30.0, ""orders"": 2, ""quantity"": 7500}, {""price"": 30.5, ""orders"": 4, ""quantity"": 17500}, {""price"": 30.8, ""orders"": 1, ""quantity"": 5000}, {""price"": 0.0, ""orders"": 0, ""quantity"": 0}]"
"2025-12-17 14:14:17.914744+05:30","2635777","KCK-ST","29.9","2500","Wed Dec 17 13:14:19 IST 2025","2500","29.9","29.9","29.9","30.5",NULL,NULL,"[{""price"": 29.9, ""orders"": 1, ""quantity"": 2500}, {""price"": 0.0, ""orders"": 0, ""quantity"": 0}, {""price"": 0.0, ""orders"": 0, ""quantity"": 0}, {""price"": 0.0, ""orders"": 0, ""quantity"": 0}, {""price"": 0.0, ""orders"": 0, ""quantity"": 0}]","[{""price"": 29.9, ""orders"": 37, ""quantity"": 1150000}, {""price"": 30.0, ""orders"": 2, ""quantity"": 7500}, {""price"": 30.5, ""orders"": 4, ""quantity"": 17500}, {""price"": 30.8, ""orders"": 1, ""quantity"": 5000}, {""price"": 0.0, ""orders"": 0, ""quantity"": 0}]"
"2025-12-17 14:14:19.258989+05:30","2635777","KCK-ST","29.9","2500","Wed Dec 17 13:14:19 IST 2025","2500","29.9","29.9","29.9","30.5",NULL,NULL,"[{""price"": 29.9, ""orders"": 1, ""quantity"": 2500}, {""price"": 0.0, ""orders"": 0, ""quantity"": 0}, {""price"": 0.0, ""orders"": 0, ""quantity"": 0}, {""price"": 0.0, ""orders"": 0, ""quantity"": 0}, {""price"": 0.0, ""orders"": 0, ""quantity"": 0}]","[{""price"": 29.9, ""orders"": 37, ""quantity"": 1150000}, {""price"": 30.0, ""orders"": 2, ""quantity"": 7500}, {""price"": 30.5, ""orders"": 4, ""quantity"": 17500}, {""price"": 30.8, ""orders"": 1, ""quantity"": 5000}, {""price"": 0.0, ""orders"": 0, ""quantity"": 0}]"
"2025-12-17 14:14:20.564657+05:30","2635777","KCK-ST","29.9","2500","Wed Dec 17 13:14:19 IST 2025","2500","29.9","29.9","29.9","30.5","29.9","31.1","[{""price"": 29.9, ""orders"": 1, ""quantity"": 2500}, {""price"": 0.0, ""orders"": 0, ""quantity"": 0}, {""price"": 0.0, ""orders"": 0, ""quantity"": 0}, {""price"": 0.0, ""orders"": 0, ""quantity"": 0}, {""price"": 0.0, ""orders"": 0, ""quantity"": 0}]","[{""price"": 29.9, ""orders"": 37, ""quantity"": 1150000}, {""price"": 30.0, ""orders"": 2, ""quantity"": 7500}, {""price"": 30.5, ""orders"": 4, ""quantity"": 17500}, {""price"": 30.8, ""orders"": 1, ""quantity"": 5000}, {""price"": 0.0, ""orders"": 0, ""quantity"": 0}]"
"2025-12-17 14:14:21.937213+05:30","2635777","KCK-ST","29.9","2500","Wed Dec 17 13:14:19 IST 2025","2500","29.9","29.9","29.9","30.5",NULL,NULL,"[{""price"": 29.9, ""orders"": 1, ""quantity"": 2500}, {""price"": 0.0, ""orders"": 0, ""quantity"": 0}, {""price"": 0.0, ""orders"": 0, ""quantity"": 0}, {""price"": 0.0, ""orders"": 0, ""quantity"": 0}, {""price"": 0.0, ""orders"": 0, ""quantity"": 0}]","[{""price"": 29.9, ""orders"": 37, ""quantity"": 1150000}, {""price"": 30.0, ""orders"": 2, ""quantity"": 7500}, {""price"": 30.5, ""orders"": 4, ""quantity"": 17500}, {""price"": 30.8, ""orders"": 1, ""quantity"": 5000}, {""price"": 0.0, ""orders"": 0, ""quantity"": 0}]"
"2025-12-17 14:14:23.283796+05:30","2635777","KCK-ST","29.9","2500","Wed Dec 17 13:14:19 IST 2025","2500","29.9","29.9","29.9","30.5",NULL,NULL,"[{""price"": 29.9, ""orders"": 1, ""quantity"": 2500}, {""price"": 0.0, ""orders"": 0, ""quantity"": 0}, {""price"": 0.0, ""orders"": 0, ""quantity"": 0}, {""price"": 0.0, ""orders"": 0, ""quantity"": 0}, {""price"": 0.0, ""orders"": 0, ""quantity"": 0}]","[{""price"": 29.9, ""orders"": 37, ""quantity"": 1150000}, {""price"": 30.0, ""orders"": 2, ""quantity"": 7500}, {""price"": 30.5, ""orders"": 4, ""quantity"": 17500}, {""price"": 30.8, ""orders"": 1, ""quantity"": 5000}, {""price"": 0.0, ""orders"": 0, ""quantity"": 0}]"
"2025-12-17 14:14:24.699451+05:30","2635777","KCK-ST","29.9","2500","Wed Dec 17 13:14:19 IST 2025","2500","29.9","29.9","29.9","30.5",NULL,NULL,"[{""price"": 29.9, ""orders"": 1, ""quantity"": 2500}, {""price"": 0.0, ""orders"": 0, ""quantity"": 0}, {""price"": 0.0, ""orders"": 0, ""quantity"": 0}, {""price"": 0.0, ""orders"": 0, ""quantity"": 0}, {""price"": 0.0, ""orders"": 0, ""quantity"": 0}]","[{""price"": 29.9, ""orders"": 37, ""quantity"": 1150000}, {""price"": 30.0, ""orders"": 2, ""quantity"": 7500}, {""price"": 30.5, ""orders"": 4, ""quantity"": 17500}, {""price"": 30.8, ""orders"": 1, ""quantity"": 5000}, {""price"": 0.0, ""orders"": 0, ""quantity"": 0}]"
"2025-12-17 14:14:26.027136+05:30","2635777","KCK-ST","29.9","2500","Wed Dec 17 13:14:19 IST 2025","2500","29.9","29.9","29.9","30.5",NULL,NULL,"[{""price"": 29.9, ""orders"": 1, ""quantity"": 2500}, {""price"": 0.0, ""orders"": 0, ""quantity"": 0}, {""price"": 0.0, ""orders"": 0, ""quantity"": 0}, {""price"": 0.0, ""orders"": 0, ""quantity"": 0}, {""price"": 0.0, ""orders"": 0, ""quantity"": 0}]","[{""price"": 29.9, ""orders"": 37, ""quantity"": 1150000}, {""price"": 30.0, ""orders"": 2, ""quantity"": 7500}, {""price"": 30.5, ""orders"": 4, ""quantity"": 17500}, {""price"": 30.8, ""orders"": 1, ""quantity"": 5000}, {""price"": 0.0, ""orders"": 0, ""quantity"": 0}]"
"2025-12-17 14:14:27.36122+05:30","2635777","KCK-ST","29.9","2500","Wed Dec 17 13:14:19 IST 2025","2500","29.9","29.9","29.9","30.5",NULL,NULL,"[{""price"": 29.9, ""orders"": 1, ""quantity"": 2500}, {""price"": 0.0, ""orders"": 0, ""quantity"": 0}, {""price"": 0.0, ""orders"": 0, ""quantity"": 0}, {""price"": 0.0, ""orders"": 0, ""quantity"": 0}, {""price"": 0.0, ""orders"": 0, ""quantity"": 0}]","[{""price"": 29.9, ""orders"": 37, ""quantity"": 1150000}, {""price"": 30.0, ""orders"": 2, ""quantity"": 7500}, {""price"": 30.5, ""orders"": 4, ""quantity"": 17500}, {""price"": 30.8, ""orders"": 1, ""quantity"": 5000}, {""price"": 0.0, ""orders"": 0, ""quantity"": 0}]"
"2025-12-17 14:14:28.686101+05:30","2635777","KCK-ST","29.9","2500","Wed Dec 17 13:14:19 IST 2025","2500","29.9","29.9","29.9","30.5",NULL,NULL,"[{""price"": 29.9, ""orders"": 1, ""quantity"": 2500}, {""price"": 0.0, ""orders"": 0, ""quantity"": 0}, {""price"": 0.0, ""orders"": 0, ""quantity"": 0}, {""price"": 0.0, ""orders"": 0, ""quantity"": 0}, {""price"": 0.0, ""orders"": 0, ""quantity"": 0}]","[{""price"": 29.9, ""orders"": 37, ""quantity"": 1150000}, {""price"": 30.0, ""orders"": 2, ""quantity"": 7500}, {""price"": 30.5, ""orders"": 4, ""quantity"": 17500}, {""price"": 30.8, ""orders"": 1, ""quantity"": 5000}, {""price"": 0.0, ""orders"": 0, ""quantity"": 0}]"
"2025-12-17 14:14:30.036209+05:30","2635777","KCK-ST","29.9","2500","Wed Dec 17 13:14:19 IST 2025","2500","29.9","29.9","29.9","30.5",NULL,NULL,"[{""price"": 29.9, ""orders"": 1, ""quantity"": 2500}, {""price"": 0.0, ""orders"": 0, ""quantity"": 0}, {""price"": 0.0, ""orders"": 0, ""quantity"": 0}, {""price"": 0.0, ""orders"": 0, ""quantity"": 0}, {""price"": 0.0, ""orders"": 0, ""quantity"": 0}]","[{""price"": 29.9, ""orders"": 37, ""quantity"": 1150000}, {""price"": 30.0, ""orders"": 2, ""quantity"": 7500}, {""price"": 30.5, ""orders"": 4, ""quantity"": 17500}, {""price"": 30.8, ""orders"": 1, ""quantity"": 5000}, {""price"": 0.0, ""orders"": 0, ""quantity"": 0}]"
"2025-12-17 14:11:25.084955+05:30","2635777","KCK-ST","29.9","2500","Wed Dec 17 13:14:19 IST 2025","2500","29.9","29.9","29.9","30.5",NULL,NULL,"[{""price"": 29.9, ""orders"": 1, ""quantity"": 2500}, {""price"": 0.0, ""orders"": 0, ""quantity"": 0}, {""price"": 0.0, ""orders"": 0, ""quantity"": 0}, {""price"": 0.0, ""orders"": 0, ""quantity"": 0}, {""price"": 0.0, ""orders"": 0, ""quantity"": 0}]","[{""price"": 29.9, ""orders"": 37, ""quantity"": 1132500}, {""price"": 30.0, ""orders"": 2, ""quantity"": 7500}, {""price"": 30.5, ""orders"": 4, ""quantity"": 17500}, {""price"": 30.8, ""orders"": 1, ""quantity"": 5000}, {""price"": 0.0, ""orders"": 0, ""quantity"": 0}]"
"2025-12-17 14:11:26.367603+05:30","2635777","KCK-ST","29.9","2500","Wed Dec 17 13:14:19 IST 2025","2500","29.9","29.9","29.9","30.5",NULL,NULL,"[{""price"": 29.9, ""orders"": 1, ""quantity"": 2500}, {""price"": 0.0, ""orders"": 0, ""quantity"": 0}, {""price"": 0.0, ""orders"": 0, ""quantity"": 0}, {""price"": 0.0, ""orders"": 0, ""quantity"": 0}, {""price"": 0.0, ""orders"": 0, ""quantity"": 0}]","[{""price"": 29.9, ""orders"": 37, ""quantity"": 1132500}, {""price"": 30.0, ""orders"": 2, ""quantity"": 7500}, {""price"": 30.5, ""orders"": 4, ""quantity"": 17500}, {""price"": 30.8, ""orders"": 1, ""quantity"": 5000}, {""price"": 0.0, ""orders"": 0, ""quantity"": 0}]"
"2025-12-17 14:11:27.845899+05:30","2635777","KCK-ST","29.9","2500","Wed Dec 17 13:14:19 IST 2025","2500","29.9","29.9","29.9","30.5",NULL,NULL,"[{""price"": 29.9, ""orders"": 1, ""quantity"": 2500}, {""price"": 0.0, ""orders"": 0, ""quantity"": 0}, {""price"": 0.0, ""orders"": 0, ""quantity"": 0}, {""price"": 0.0, ""orders"": 0, ""quantity"": 0}, {""price"": 0.0, ""orders"": 0, ""quantity"": 0}]","[{""price"": 29.9, ""orders"": 37, ""quantity"": 1132500}, {""price"": 30.0, ""orders"": 2, ""quantity"": 7500}, {""price"": 30.5, ""orders"": 4, ""quantity"": 17500}, {""price"": 30.8, ""orders"": 1, ""quantity"": 5000}, {""price"": 0.0, ""orders"": 0, ""quantity"": 0}]"
"2025-12-17 14:11:29.290824+05:30","2635777","KCK-ST","29.9","2500","Wed Dec 17 13:14:19 IST 2025","2500","29.9","29.9","29.9","30.5",NULL,NULL,"[{""price"": 29.9, ""orders"": 1, ""quantity"": 2500}, {""price"": 0.0, ""orders"": 0, ""quantity"": 0}, {""price"": 0.0, ""orders"": 0, ""quantity"": 0}, {""price"": 0.0, ""orders"": 0, ""quantity"": 0}, {""price"": 0.0, ""orders"": 0, ""quantity"": 0}]","[{""price"": 29.9, ""orders"": 37, ""quantity"": 1132500}, {""price"": 30.0, ""orders"": 2, ""quantity"": 7500}, {""price"": 30.5, ""orders"": 4, ""quantity"": 17500}, {""price"": 30.8, ""orders"": 1, ""quantity"": 5000}, {""price"": 0.0, ""orders"": 0, ""quantity"": 0}]"
"2025-12-17 14:11:30.714756+05:30","2635777","KCK-ST","29.9","2500","Wed Dec 17 13:14:19 IST 2025","2500","29.9","29.9","29.9","30.5",NULL,NULL,"[{""price"": 29.9, ""orders"": 1, ""quantity"": 2500}, {""price"": 0.0, ""orders"": 0, ""quantity"": 0}, {""price"": 0.0, ""orders"": 0, ""quantity"": 0}, {""price"": 0.0, ""orders"": 0, ""quantity"": 0}, {""price"": 0.0, ""orders"": 0, ""quantity"": 0}]","[{""price"": 29.9, ""orders"": 38, ""quantity"": 1152500}, {""price"": 30.0, ""orders"": 2, ""quantity"": 7500}, {""price"": 30.5, ""orders"": 4, ""quantity"": 17500}, {""price"": 30.8, ""orders"": 1, ""quantity"": 5000}, {""price"": 0.0, ""orders"": 0, ""quantity"": 0}]"
"2025-12-17 14:14:31.336584+05:30","2635777","KCK-ST","29.9","2500","Wed Dec 17 13:14:19 IST 2025","2500","29.9","29.9","29.9","30.5",NULL,NULL,"[{""price"": 29.9, ""orders"": 1, ""quantity"": 2500}, {""price"": 0.0, ""orders"": 0, ""quantity"": 0}, {""price"": 0.0, ""orders"": 0, ""quantity"": 0}, {""price"": 0.0, ""orders"": 0, ""quantity"": 0}, {""price"": 0.0, ""orders"": 0, ""quantity"": 0}]","[{""price"": 29.9, ""orders"": 37, ""quantity"": 1150000}, {""price"": 30.0, ""orders"": 2, ""quantity"": 7500}, {""price"": 30.5, ""orders"": 4, ""quantity"": 17500}, {""price"": 30.8, ""orders"": 1, ""quantity"": 5000}, {""price"": 0.0, ""orders"": 0, ""quantity"": 0}]"
"2025-12-17 14:14:32.650315+05:30","2635777","KCK-ST","29.9","2500","Wed Dec 17 13:14:19 IST 2025","2500","29.9","29.9","29.9","30.5",NULL,NULL,"[{""price"": 29.9, ""orders"": 1, ""quantity"": 2500}, {""price"": 0.0, ""orders"": 0, ""quantity"": 0}, {""price"": 0.0, ""orders"": 0, ""quantity"": 0}, {""price"": 0.0, ""orders"": 0, ""quantity"": 0}, {""price"": 0.0, ""orders"": 0, ""quantity"": 0}]","[{""price"": 29.9, ""orders"": 37, ""quantity"": 1150000}, {""price"": 30.0, ""orders"": 2, ""quantity"": 7500}, {""price"": 30.5, ""orders"": 4, ""quantity"": 17500}, {""price"": 30.8, ""orders"": 1, ""quantity"": 5000}, {""price"": 0.0, ""orders"": 0, ""quantity"": 0}]"
"2025-12-17 14:14:33.999441+05:30","2635777","KCK-ST","29.9","2500","Wed Dec 17 13:14:19 IST 2025","2500","29.9","29.9","29.9","30.5",NULL,NULL,"[{""price"": 29.9, ""orders"": 1, ""quantity"": 2500}, {""price"": 0.0, ""orders"": 0, ""quantity"": 0}, {""price"": 0.0, ""orders"": 0, ""quantity"": 0}, {""price"": 0.0, ""orders"": 0, ""quantity"": 0}, {""price"": 0.0, ""orders"": 0, ""quantity"": 0}]","[{""price"": 29.9, ""orders"": 37, ""quantity"": 1150000}, {""price"": 30.0, ""orders"": 2, ""quantity"": 7500}, {""price"": 30.5, ""orders"": 4, ""quantity"": 17500}, {""price"": 30.8, ""orders"": 1, ""quantity"": 5000}, {""price"": 0.0, ""orders"": 0, ""quantity"": 0}]"
"2025-12-17 14:14:35.337138+05:30","2635777","KCK-ST","29.9","2500","Wed Dec 17 13:14:19 IST 2025","2500","29.9","29.9","29.9","30.5",NULL,NULL,"[{""price"": 29.9, ""orders"": 1, ""quantity"": 2500}, {""price"": 0.0, ""orders"": 0, ""quantity"": 0}, {""price"": 0.0, ""orders"": 0, ""quantity"": 0}, {""price"": 0.0, ""orders"": 0, ""quantity"": 0}, {""price"": 0.0, ""orders"": 0, ""quantity"": 0}]","[{""price"": 29.9, ""orders"": 37, ""quantity"": 1150000}, {""price"": 30.0, ""orders"": 2, ""quantity"": 7500}, {""price"": 30.5, ""orders"": 4, ""quantity"": 17500}, {""price"": 30.8, ""orders"": 1, ""quantity"": 5000}, {""price"": 0.0, ""orders"": 0, ""quantity"": 0}]"
"2025-12-17 14:14:36.696311+05:30","2635777","KCK-ST","29.9","2500","Wed Dec 17 13:14:19 IST 2025","2500","29.9","29.9","29.9","30.5",NULL,NULL,"[{""price"": 29.9, ""orders"": 1, ""quantity"": 2500}, {""price"": 0.0, ""orders"": 0, ""quantity"": 0}, {""price"": 0.0, ""orders"": 0, ""quantity"": 0}, {""price"": 0.0, ""orders"": 0, ""quantity"": 0}, {""price"": 0.0, ""orders"": 0, ""quantity"": 0}]","[{""price"": 29.9, ""orders"": 37, ""quantity"": 1150000}, {""price"": 30.0, ""orders"": 2, ""quantity"": 7500}, {""price"": 30.5, ""orders"": 4, ""quantity"": 17500}, {""price"": 30.8, ""orders"": 1, ""quantity"": 5000}, {""price"": 0.0, ""orders"": 0, ""quantity"": 0}]"
"2025-12-17 14:14:37.974559+05:30","2635777","KCK-ST","29.9","2500","Wed Dec 17 13:14:19 IST 2025","2500","29.9","29.9","29.9","30.5",NULL,NULL,"[{""price"": 29.9, ""orders"": 1, ""quantity"": 2500}, {""price"": 0.0, ""orders"": 0, ""quantity"": 0}, {""price"": 0.0, ""orders"": 0, ""quantity"": 0}, {""price"": 0.0, ""orders"": 0, ""quantity"": 0}, {""price"": 0.0, ""orders"": 0, ""quantity"": 0}]","[{""price"": 29.9, ""orders"": 37, ""quantity"": 1150000}, {""price"": 30.0, ""orders"": 2, ""quantity"": 7500}, {""price"": 30.5, ""orders"": 4, ""quantity"": 17500}, {""price"": 30.8, ""orders"": 1, ""quantity"": 5000}, {""price"": 0.0, ""orders"": 0, ""quantity"": 0}]"
"2025-12-17 14:14:39.326841+05:30","2635777","KCK-ST","29.9","2500","Wed Dec 17 13:14:19 IST 2025","2500","29.9","29.9","29.9","30.5",NULL,NULL,"[{""price"": 29.9, ""orders"": 1, ""quantity"": 2500}, {""price"": 0.0, ""orders"": 0, ""quantity"": 0}, {""price"": 0.0, ""orders"": 0, ""quantity"": 0}, {""price"": 0.0, ""orders"": 0, ""quantity"": 0}, {""price"": 0.0, ""orders"": 0, ""quantity"": 0}]","[{""price"": 29.9, ""orders"": 37, ""quantity"": 1150000}, {""price"": 30.0, ""orders"": 2, ""quantity"": 7500}, {""price"": 30.5, ""orders"": 4, ""quantity"": 17500}, {""price"": 30.8, ""orders"": 1, ""quantity"": 5000}, {""price"": 0.0, ""orders"": 0, ""quantity"": 0}]"
"2025-12-17 14:14:40.504224+05:30","2635777","KCK-ST","29.9","2500","Wed Dec 17 13:14:19 IST 2025","2500","29.9","29.9","29.9","30.5","29.9","31.1","[{""price"": 29.9, ""orders"": 1, ""quantity"": 2500}, {""price"": 0.0, ""orders"": 0, ""quantity"": 0}, {""price"": 0.0, ""orders"": 0, ""quantity"": 0}, {""price"": 0.0, ""orders"": 0, ""quantity"": 0}, {""price"": 0.0, ""orders"": 0, ""quantity"": 0}]","[{""price"": 29.9, ""orders"": 37, ""quantity"": 1150000}, {""price"": 30.0, ""orders"": 2, ""quantity"": 7500}, {""price"": 30.5, ""orders"": 4, ""quantity"": 17500}, {""price"": 30.8, ""orders"": 1, ""quantity"": 5000}, {""price"": 0.0, ""orders"": 0, ""quantity"": 0}]"
"2025-12-17 14:14:41.154316+05:30","2635777","KCK-ST","29.9","2500","Wed Dec 17 13:14:19 IST 2025","2500","29.9","29.9","29.9","30.5",NULL,NULL,"[{""price"": 29.9, ""orders"": 1, ""quantity"": 2500}, {""price"": 0.0, ""orders"": 0, ""quantity"": 0}, {""price"": 0.0, ""orders"": 0, ""quantity"": 0}, {""price"": 0.0, ""orders"": 0, ""quantity"": 0}, {""price"": 0.0, ""orders"": 0, ""quantity"": 0}]","[{""price"": 29.9, ""orders"": 37, ""quantity"": 1150000}, {""price"": 30.0, ""orders"": 2, ""quantity"": 7500}, {""price"": 30.5, ""orders"": 4, ""quantity"": 17500}, {""price"": 30.8, ""orders"": 1, ""quantity"": 5000}, {""price"": 0.0, ""orders"": 0, ""quantity"": 0}]"
"2025-12-18 10:03:23.467234+05:30","2635777","KCK-ST","29.9","2500","Wed Dec 17 14:14:51 IST 2025","2500","29.35","29.9","29.9","29.9",NULL,NULL,"[{""price"": 29.35, ""orders"": 1, ""quantity"": 2500}, {""price"": 0.0, ""orders"": 0, ""quantity"": 0}, {""price"": 0.0, ""orders"": 0, ""quantity"": 0}, {""price"": 0.0, ""orders"": 0, ""quantity"": 0}, {""price"": 0.0, ""orders"": 0, ""quantity"": 0}]","[{""price"": 29.35, ""orders"": 27, ""quantity"": 1082500}, {""price"": 29.9, ""orders"": 3, ""quantity"": 22500}, {""price"": 30.45, ""orders"": 1, ""quantity"": 5000}, {""price"": 0.0, ""orders"": 0, ""quantity"": 0}, {""price"": 0.0, ""orders"": 0, ""quantity"": 0}]"
"2025-12-18 10:03:54.742992+05:30","2635777","KCK-ST","29.9","2500","Wed Dec 17 14:14:51 IST 2025","2500","29.35","29.9","29.9","29.9",NULL,NULL,"[{""price"": 29.35, ""orders"": 1, ""quantity"": 2500}, {""price"": 0.0, ""orders"": 0, ""quantity"": 0}, {""price"": 0.0, ""orders"": 0, ""quantity"": 0}, {""price"": 0.0, ""orders"": 0, ""quantity"": 0}, {""price"": 0.0, ""orders"": 0, ""quantity"": 0}]","[{""price"": 29.35, ""orders"": 27, ""quantity"": 1082500}, {""price"": 29.9, ""orders"": 3, ""quantity"": 22500}, {""price"": 30.45, ""orders"": 1, ""quantity"": 5000}, {""price"": 0.0, ""orders"": 0, ""quantity"": 0}, {""price"": 0.0, ""orders"": 0, ""quantity"": 0}]"
"2025-12-18 10:03:56.077243+05:30","2635777","KCK-ST","29.9","2500","Wed Dec 17 14:14:51 IST 2025","2500","29.35","29.9","29.9","29.9",NULL,NULL,"[{""price"": 29.35, ""orders"": 1, ""quantity"": 2500}, {""price"": 0.0, ""orders"": 0, ""quantity"": 0}, {""price"": 0.0, ""orders"": 0, ""quantity"": 0}, {""price"": 0.0, ""orders"": 0, ""quantity"": 0}, {""price"": 0.0, ""orders"": 0, ""quantity"": 0}]","[{""price"": 29.35, ""orders"": 27, ""quantity"": 1082500}, {""price"": 29.9, ""orders"": 3, ""quantity"": 22500}, {""price"": 30.45, ""orders"": 1, ""quantity"": 5000}, {""price"": 0.0, ""orders"": 0, ""quantity"": 0}, {""price"": 0.0, ""orders"": 0, ""quantity"": 0}]"
"2025-12-18 10:03:57.378043+05:30","2635777","KCK-ST","29.9","2500","Wed Dec 17 14:14:51 IST 2025","2500","29.35","29.9","29.9","29.9",NULL,NULL,"[{""price"": 29.35, ""orders"": 1, ""quantity"": 2500}, {""price"": 0.0, ""orders"": 0, ""quantity"": 0}, {""price"": 0.0, ""orders"": 0, ""quantity"": 0}, {""price"": 0.0, ""orders"": 0, ""quantity"": 0}, {""price"": 0.0, ""orders"": 0, ""quantity"": 0}]","[{""price"": 29.35, ""orders"": 27, ""quantity"": 1082500}, {""price"": 29.9, ""orders"": 3, ""quantity"": 22500}, {""price"": 30.45, ""orders"": 1, ""quantity"": 5000}, {""price"": 0.0, ""orders"": 0, ""quantity"": 0}, {""price"": 0.0, ""orders"": 0, ""quantity"": 0}]"
"2025-12-18 10:03:58.508654+05:30","2635777","KCK-ST","29.9","2500","Wed Dec 17 14:14:51 IST 2025","2500","29.35","29.9","29.9","29.9","29.35","30.45","[{""price"": 29.35, ""orders"": 1, ""quantity"": 2500}, {""price"": 0.0, ""orders"": 0, ""quantity"": 0}, {""price"": 0.0, ""orders"": 0, ""quantity"": 0}, {""price"": 0.0, ""orders"": 0, ""quantity"": 0}, {""price"": 0.0, ""orders"": 0, ""quantity"": 0}]","[{""price"": 29.35, ""orders"": 27, ""quantity"": 1082500}, {""price"": 29.9, ""orders"": 3, ""quantity"": 22500}, {""price"": 30.45, ""orders"": 1, ""quantity"": 5000}, {""price"": 0.0, ""orders"": 0, ""quantity"": 0}, {""price"": 0.0, ""orders"": 0, ""quantity"": 0}]"
"2025-12-18 10:04:00.027275+05:30","2635777","KCK-ST","29.9","2500","Wed Dec 17 14:14:51 IST 2025","2500","29.35","29.9","29.9","29.9",NULL,NULL,"[{""price"": 29.35, ""orders"": 1, ""quantity"": 2500}, {""price"": 0.0, ""orders"": 0, ""quantity"": 0}, {""price"": 0.0, ""orders"": 0, ""quantity"": 0}, {""price"": 0.0, ""orders"": 0, ""quantity"": 0}, {""price"": 0.0, ""orders"": 0, ""quantity"": 0}]","[{""price"": 29.35, ""orders"": 27, ""quantity"": 1082500}, {""price"": 29.9, ""orders"": 3, ""quantity"": 22500}, {""price"": 30.45, ""orders"": 1, ""quantity"": 5000}, {""price"": 0.0, ""orders"": 0, ""quantity"": 0}, {""price"": 0.0, ""orders"": 0, ""quantity"": 0}]"
"2025-12-18 10:04:01.350239+05:30","2635777","KCK-ST","29.9","2500","Wed Dec 17 14:14:51 IST 2025","2500","29.35","29.9","29.9","29.9",NULL,NULL,"[{""price"": 29.35, ""orders"": 1, ""quantity"": 2500}, {""price"": 0.0, ""orders"": 0, ""quantity"": 0}, {""price"": 0.0, ""orders"": 0, ""quantity"": 0}, {""price"": 0.0, ""orders"": 0, ""quantity"": 0}, {""price"": 0.0, ""orders"": 0, ""quantity"": 0}]","[{""price"": 29.35, ""orders"": 27, ""quantity"": 1082500}, {""price"": 29.9, ""orders"": 3, ""quantity"": 22500}, {""price"": 30.45, ""orders"": 1, ""quantity"": 5000}, {""price"": 0.0, ""orders"": 0, ""quantity"": 0}, {""price"": 0.0, ""orders"": 0, ""quantity"": 0}]"
"2025-12-18 10:04:02.654199+05:30","2635777","KCK-ST","29.9","2500","Wed Dec 17 14:14:51 IST 2025","2500","29.35","29.9","29.9","29.9",NULL,NULL,"[{""price"": 29.35, ""orders"": 1, ""quantity"": 2500}, {""price"": 0.0, ""orders"": 0, ""quantity"": 0}, {""price"": 0.0, ""orders"": 0, ""quantity"": 0}, {""price"": 0.0, ""orders"": 0, ""quantity"": 0}, {""price"": 0.0, ""orders"": 0, ""quantity"": 0}]","[{""price"": 29.35, ""orders"": 27, ""quantity"": 1082500}, {""price"": 29.9, ""orders"": 3, ""quantity"": 22500}, {""price"": 30.45, ""orders"": 1, ""quantity"": 5000}, {""price"": 0.0, ""orders"": 0, ""quantity"": 0}, {""price"": 0.0, ""orders"": 0, ""quantity"": 0}]"
"2025-12-18 10:04:04.008596+05:30","2635777","KCK-ST","29.9","2500","Wed Dec 17 14:14:51 IST 2025","2500","29.35","29.9","29.9","29.9",NULL,NULL,"[{""price"": 29.35, ""orders"": 1, ""quantity"": 2500}, {""price"": 0.0, ""orders"": 0, ""quantity"": 0}, {""price"": 0.0, ""orders"": 0, ""quantity"": 0}, {""price"": 0.0, ""orders"": 0, ""quantity"": 0}, {""price"": 0.0, ""orders"": 0, ""quantity"": 0}]","[{""price"": 29.35, ""orders"": 27, ""quantity"": 1082500}, {""price"": 29.9, ""orders"": 3, ""quantity"": 22500}, {""price"": 30.45, ""orders"": 1, ""quantity"": 5000}, {""price"": 0.0, ""orders"": 0, ""quantity"": 0}, {""price"": 0.0, ""orders"": 0, ""quantity"": 0}]"
"2025-12-18 10:04:05.374767+05:30","2635777","KCK-ST","29.9","2500","Wed Dec 17 14:14:51 IST 2025","2500","29.35","29.9","29.9","29.9",NULL,NULL,"[{""price"": 29.35, ""orders"": 1, ""quantity"": 2500}, {""price"": 0.0, ""orders"": 0, ""quantity"": 0}, {""price"": 0.0, ""orders"": 0, ""quantity"": 0}, {""price"": 0.0, ""orders"": 0, ""quantity"": 0}, {""price"": 0.0, ""orders"": 0, ""quantity"": 0}]","[{""price"": 29.35, ""orders"": 27, ""quantity"": 1082500}, {""price"": 29.9, ""orders"": 3, ""quantity"": 22500}, {""price"": 30.45, ""orders"": 1, ""quantity"": 5000}, {""price"": 0.0, ""orders"": 0, ""quantity"": 0}, {""price"": 0.0, ""orders"": 0, ""quantity"": 0}]"
"2025-12-18 10:04:06.700293+05:30","2635777","KCK-ST","29.9","2500","Wed Dec 17 14:14:51 IST 2025","2500","29.35","29.9","29.9","29.9",NULL,NULL,"[{""price"": 29.35, ""orders"": 1, ""quantity"": 2500}, {""price"": 0.0, ""orders"": 0, ""quantity"": 0}, {""price"": 0.0, ""orders"": 0, ""quantity"": 0}, {""price"": 0.0, ""orders"": 0, ""quantity"": 0}, {""price"": 0.0, ""orders"": 0, ""quantity"": 0}]","[{""price"": 29.35, ""orders"": 27, ""quantity"": 1082500}, {""price"": 29.9, ""orders"": 3, ""quantity"": 22500}, {""price"": 30.45, ""orders"": 1, ""quantity"": 5000}, {""price"": 0.0, ""orders"": 0, ""quantity"": 0}, {""price"": 0.0, ""orders"": 0, ""quantity"": 0}]"
"2025-12-18 10:04:07.996871+05:30","2635777","KCK-ST","29.9","2500","Wed Dec 17 14:14:51 IST 2025","2500","29.35","29.9","29.9","29.9",NULL,NULL,"[{""price"": 29.35, ""orders"": 1, ""quantity"": 2500}, {""price"": 0.0, ""orders"": 0, ""quantity"": 0}, {""price"": 0.0, ""orders"": 0, ""quantity"": 0}, {""price"": 0.0, ""orders"": 0, ""quantity"": 0}, {""price"": 0.0, ""orders"": 0, ""quantity"": 0}]","[{""price"": 29.35, ""orders"": 27, ""quantity"": 1082500}, {""price"": 29.9, ""orders"": 3, ""quantity"": 22500}, {""price"": 30.45, ""orders"": 1, ""quantity"": 5000}, {""price"": 0.0, ""orders"": 0, ""quantity"": 0}, {""price"": 0.0, ""orders"": 0, ""quantity"": 0}]"
"2025-12-18 10:04:09.328354+05:30","2635777","KCK-ST","29.9","2500","Wed Dec 17 14:14:51 IST 2025","2500","29.35","29.9","29.9","29.9",NULL,NULL,"[{""price"": 29.35, ""orders"": 1, ""quantity"": 2500}, {""price"": 0.0, ""orders"": 0, ""quantity"": 0}, {""price"": 0.0, ""orders"": 0, ""quantity"": 0}, {""price"": 0.0, ""orders"": 0, ""quantity"": 0}, {""price"": 0.0, ""orders"": 0, ""quantity"": 0}]","[{""price"": 29.35, ""orders"": 27, ""quantity"": 1082500}, {""price"": 29.9, ""orders"": 3, ""quantity"": 22500}, {""price"": 30.45, ""orders"": 1, ""quantity"": 5000}, {""price"": 0.0, ""orders"": 0, ""quantity"": 0}, {""price"": 0.0, ""orders"": 0, ""quantity"": 0}]"
"2025-12-18 10:04:10.655341+05:30","2635777","KCK-ST","29.9","2500","Wed Dec 17 14:14:51 IST 2025","2500","29.35","29.9","29.9","29.9",NULL,NULL,"[{""price"": 29.35, ""orders"": 1, ""quantity"": 2500}, {""price"": 0.0, ""orders"": 0, ""quantity"": 0}, {""price"": 0.0, ""orders"": 0, ""quantity"": 0}, {""price"": 0.0, ""orders"": 0, ""quantity"": 0}, {""price"": 0.0, ""orders"": 0, ""quantity"": 0}]","[{""price"": 29.35, ""orders"": 27, ""quantity"": 1082500}, {""price"": 29.9, ""orders"": 3, ""quantity"": 22500}, {""price"": 30.45, ""orders"": 1, ""quantity"": 5000}, {""price"": 0.0, ""orders"": 0, ""quantity"": 0}, {""price"": 0.0, ""orders"": 0, ""quantity"": 0}]"
"2025-12-18 10:04:11.992029+05:30","2635777","KCK-ST","29.9","2500","Wed Dec 17 14:14:51 IST 2025","2500","29.35","29.9","29.9","29.9",NULL,NULL,"[{""price"": 29.35, ""orders"": 1, ""quantity"": 2500}, {""price"": 0.0, ""orders"": 0, ""quantity"": 0}, {""price"": 0.0, ""orders"": 0, ""quantity"": 0}, {""price"": 0.0, ""orders"": 0, ""quantity"": 0}, {""price"": 0.0, ""orders"": 0, ""quantity"": 0}]","[{""price"": 29.35, ""orders"": 27, ""quantity"": 1082500}, {""price"": 29.9, ""orders"": 3, ""quantity"": 22500}, {""price"": 30.45, ""orders"": 1, ""quantity"": 5000}, {""price"": 0.0, ""orders"": 0, ""quantity"": 0}, {""price"": 0.0, ""orders"": 0, ""quantity"": 0}]"
"2025-12-18 10:04:13.321107+05:30","2635777","KCK-ST","29.9","2500","Wed Dec 17 14:14:51 IST 2025","2500","29.35","29.9","29.9","29.9",NULL,NULL,"[{""price"": 29.35, ""orders"": 1, ""quantity"": 2500}, {""price"": 0.0, ""orders"": 0, ""quantity"": 0}, {""price"": 0.0, ""orders"": 0, ""quantity"": 0}, {""price"": 0.0, ""orders"": 0, ""quantity"": 0}, {""price"": 0.0, ""orders"": 0, ""quantity"": 0}]","[{""price"": 29.35, ""orders"": 27, ""quantity"": 1082500}, {""price"": 29.9, ""orders"": 3, ""quantity"": 22500}, {""price"": 30.45, ""orders"": 1, ""quantity"": 5000}, {""price"": 0.0, ""orders"": 0, ""quantity"": 0}, {""price"": 0.0, ""orders"": 0, ""quantity"": 0}]"
"2025-12-18 10:04:14.586778+05:30","2635777","KCK-ST","29.9","2500","Wed Dec 17 14:14:51 IST 2025","2500","29.35","29.9","29.9","29.9",NULL,NULL,"[{""price"": 29.35, ""orders"": 1, ""quantity"": 2500}, {""price"": 0.0, ""orders"": 0, ""quantity"": 0}, {""price"": 0.0, ""orders"": 0, ""quantity"": 0}, {""price"": 0.0, ""orders"": 0, ""quantity"": 0}, {""price"": 0.0, ""orders"": 0, ""quantity"": 0}]","[{""price"": 29.35, ""orders"": 27, ""quantity"": 1082500}, {""price"": 29.9, ""orders"": 3, ""quantity"": 22500}, {""price"": 30.45, ""orders"": 1, ""quantity"": 5000}, {""price"": 0.0, ""orders"": 0, ""quantity"": 0}, {""price"": 0.0, ""orders"": 0, ""quantity"": 0}]"
"2025-12-18 10:04:15.922792+05:30","2635777","KCK-ST","29.9","2500","Wed Dec 17 14:14:51 IST 2025","2500","29.35","29.9","29.9","29.9",NULL,NULL,"[{""price"": 29.35, ""orders"": 1, ""quantity"": 2500}, {""price"": 0.0, ""orders"": 0, ""quantity"": 0}, {""price"": 0.0, ""orders"": 0, ""quantity"": 0}, {""price"": 0.0, ""orders"": 0, ""quantity"": 0}, {""price"": 0.0, ""orders"": 0, ""quantity"": 0}]","[{""price"": 29.35, ""orders"": 27, ""quantity"": 1082500}, {""price"": 29.9, ""orders"": 3, ""quantity"": 22500}, {""price"": 30.45, ""orders"": 1, ""quantity"": 5000}, {""price"": 0.0, ""orders"": 0, ""quantity"": 0}, {""price"": 0.0, ""orders"": 0, ""quantity"": 0}]"
"2025-12-18 10:04:17.250733+05:30","2635777","KCK-ST","29.9","2500","Wed Dec 17 14:14:51 IST 2025","2500","29.35","29.9","29.9","29.9",NULL,NULL,"[{""price"": 29.35, ""orders"": 1, ""quantity"": 2500}, {""price"": 0.0, ""orders"": 0, ""quantity"": 0}, {""price"": 0.0, ""orders"": 0, ""quantity"": 0}, {""price"": 0.0, ""orders"": 0, ""quantity"": 0}, {""price"": 0.0, ""orders"": 0, ""quantity"": 0}]","[{""price"": 29.35, ""orders"": 27, ""quantity"": 1082500}, {""price"": 29.9, ""orders"": 3, ""quantity"": 22500}, {""price"": 30.45, ""orders"": 1, ""quantity"": 5000}, {""price"": 0.0, ""orders"": 0, ""quantity"": 0}, {""price"": 0.0, ""orders"": 0, ""quantity"": 0}]"
"2025-12-18 10:04:18.600806+05:30","2635777","KCK-ST","29.9","2500","Wed Dec 17 14:14:51 IST 2025","2500","29.35","29.9","29.9","29.9",NULL,NULL,"[{""price"": 29.35, ""orders"": 1, ""quantity"": 2500}, {""price"": 0.0, ""orders"": 0, ""quantity"": 0}, {""price"": 0.0, ""orders"": 0, ""quantity"": 0}, {""price"": 0.0, ""orders"": 0, ""quantity"": 0}, {""price"": 0.0, ""orders"": 0, ""quantity"": 0}]","[{""price"": 29.35, ""orders"": 27, ""quantity"": 1082500}, {""price"": 29.9, ""orders"": 3, ""quantity"": 22500}, {""price"": 30.45, ""orders"": 1, ""quantity"": 5000}, {""price"": 0.0, ""orders"": 0, ""quantity"": 0}, {""price"": 0.0, ""orders"": 0, ""quantity"": 0}]"
"2025-12-18 10:04:19.911586+05:30","2635777","KCK-ST","29.9","2500","Wed Dec 17 14:14:51 IST 2025","2500","29.35","29.9","29.9","29.9",NULL,NULL,"[{""price"": 29.35, ""orders"": 1, ""quantity"": 2500}, {""price"": 0.0, ""orders"": 0, ""quantity"": 0}, {""price"": 0.0, ""orders"": 0, ""quantity"": 0}, {""price"": 0.0, ""orders"": 0, ""quantity"": 0}, {""price"": 0.0, ""orders"": 0, ""quantity"": 0}]","[{""price"": 29.35, ""orders"": 27, ""quantity"": 1082500}, {""price"": 29.9, ""orders"": 3, ""quantity"": 22500}, {""price"": 30.45, ""orders"": 1, ""quantity"": 5000}, {""price"": 0.0, ""orders"": 0, ""quantity"": 0}, {""price"": 0.0, ""orders"": 0, ""quantity"": 0}]"
"2025-12-18 10:04:21.242893+05:30","2635777","KCK-ST","29.9","2500","Wed Dec 17 14:14:51 IST 2025","2500","29.35","29.9","29.9","29.9",NULL,NULL,"[{""price"": 29.35, ""orders"": 1, ""quantity"": 2500}, {""price"": 0.0, ""orders"": 0, ""quantity"": 0}, {""price"": 0.0, ""orders"": 0, ""quantity"": 0}, {""price"": 0.0, ""orders"": 0, ""quantity"": 0}, {""price"": 0.0, ""orders"": 0, ""quantity"": 0}]","[{""price"": 29.35, ""orders"": 27, ""quantity"": 1082500}, {""price"": 29.9, ""orders"": 3, ""quantity"": 22500}, {""price"": 30.45, ""orders"": 1, ""quantity"": 5000}, {""price"": 0.0, ""orders"": 0, ""quantity"": 0}, {""price"": 0.0, ""orders"": 0, ""quantity"": 0}]"
"2025-12-18 10:04:22.592858+05:30","2635777","KCK-ST","29.9","2500","Wed Dec 17 14:14:51 IST 2025","2500","29.35","29.9","29.9","29.9",NULL,NULL,"[{""price"": 29.35, ""orders"": 1, ""quantity"": 2500}, {""price"": 0.0, ""orders"": 0, ""quantity"": 0}, {""price"": 0.0, ""orders"": 0, ""quantity"": 0}, {""price"": 0.0, ""orders"": 0, ""quantity"": 0}, {""price"": 0.0, ""orders"": 0, ""quantity"": 0}]","[{""price"": 29.35, ""orders"": 27, ""quantity"": 1082500}, {""price"": 29.9, ""orders"": 3, ""quantity"": 22500}, {""price"": 30.45, ""orders"": 1, ""quantity"": 5000}, {""price"": 0.0, ""orders"": 0, ""quantity"": 0}, {""price"": 0.0, ""orders"": 0, ""quantity"": 0}]"
"2025-12-18 10:04:23.896293+05:30","2635777","KCK-ST","29.9","2500","Wed Dec 17 14:14:51 IST 2025","2500","29.35","29.9","29.9","29.9",NULL,NULL,"[{""price"": 29.35, ""orders"": 1, ""quantity"": 2500}, {""price"": 0.0, ""orders"": 0, ""quantity"": 0}, {""price"": 0.0, ""orders"": 0, ""quantity"": 0}, {""price"": 0.0, ""orders"": 0, ""quantity"": 0}, {""price"": 0.0, ""orders"": 0, ""quantity"": 0}]","[{""price"": 29.35, ""orders"": 27, ""quantity"": 1082500}, {""price"": 29.9, ""orders"": 3, ""quantity"": 22500}, {""price"": 30.45, ""orders"": 1, ""quantity"": 5000}, {""price"": 0.0, ""orders"": 0, ""quantity"": 0}, {""price"": 0.0, ""orders"": 0, ""quantity"": 0}]"
"2025-12-18 10:04:25.227301+05:30","2635777","KCK-ST","29.9","2500","Wed Dec 17 14:14:51 IST 2025","2500","29.35","29.9","29.9","29.9",NULL,NULL,"[{""price"": 29.35, ""orders"": 1, ""quantity"": 2500}, {""price"": 0.0, ""orders"": 0, ""quantity"": 0}, {""price"": 0.0, ""orders"": 0, ""quantity"": 0}, {""price"": 0.0, ""orders"": 0, ""quantity"": 0}, {""price"": 0.0, ""orders"": 0, ""quantity"": 0}]","[{""price"": 29.35, ""orders"": 27, ""quantity"": 1082500}, {""price"": 29.9, ""orders"": 3, ""quantity"": 22500}, {""price"": 30.45, ""orders"": 1, ""quantity"": 5000}, {""price"": 0.0, ""orders"": 0, ""quantity"": 0}, {""price"": 0.0, ""orders"": 0, ""quantity"": 0}]"
"2025-12-18 10:04:26.493122+05:30","2635777","KCK-ST","29.9","2500","Wed Dec 17 14:14:51 IST 2025","2500","29.35","29.9","29.9","29.9",NULL,NULL,"[{""price"": 29.35, ""orders"": 1, ""quantity"": 2500}, {""price"": 0.0, ""orders"": 0, ""quantity"": 0}, {""price"": 0.0, ""orders"": 0, ""quantity"": 0}, {""price"": 0.0, ""orders"": 0, ""quantity"": 0}, {""price"": 0.0, ""orders"": 0, ""quantity"": 0}]","[{""price"": 29.35, ""orders"": 27, ""quantity"": 1082500}, {""price"": 29.9, ""orders"": 3, ""quantity"": 22500}, {""price"": 30.45, ""orders"": 1, ""quantity"": 5000}, {""price"": 0.0, ""orders"": 0, ""quantity"": 0}, {""price"": 0.0, ""orders"": 0, ""quantity"": 0}]"
"2025-12-18 10:04:27.834801+05:30","2635777","KCK-ST","29.9","2500","Wed Dec 17 14:14:51 IST 2025","2500","29.35","29.9","29.9","29.9",NULL,NULL,"[{""price"": 29.35, ""orders"": 1, ""quantity"": 2500}, {""price"": 0.0, ""orders"": 0, ""quantity"": 0}, {""price"": 0.0, ""orders"": 0, ""quantity"": 0}, {""price"": 0.0, ""orders"": 0, ""quantity"": 0}, {""price"": 0.0, ""orders"": 0, ""quantity"": 0}]","[{""price"": 29.35, ""orders"": 27, ""quantity"": 1082500}, {""price"": 29.9, ""orders"": 3, ""quantity"": 22500}, {""price"": 30.45, ""orders"": 1, ""quantity"": 5000}, {""price"": 0.0, ""orders"": 0, ""quantity"": 0}, {""price"": 0.0, ""orders"": 0, ""quantity"": 0}]"
