captured_at,token,symbol,ltp,ltq,ltt,volume,open_price,high_price,low_price,prev_close,lower_circuit,upper_circuit,bids,asks
2025-12-18 10:30:01.246229+05:30,137918212,MUDUNURU,16.79,13655,Thu Dec 18 10:15:00 IST 2025,13655,16.79,16.79,16.79,16.47,NULL,NULL,"[{""price"": 16.79, ""orders"": 7, ""quantity"": 1469}, {""price"": 16.69, ""orders"": 1, ""quantity"": 100}, {""price"": 16.55, ""orders"": 1, ""quantity"": 15}, {""price"": 16.51, ""orders"": 2, ""quantity"": 211}, {""price"": 16.47, ""orders"": 4, ""quantity"": 35}]","[{""price"": 16.15, ""orders"": 1, ""quantity"": 3035}, {""price"": 0.0, ""orders"": 0, ""quantity"": 0}, {""price"": 0.0, ""orders"": 0, ""quantity"": 0}, {""price"": 0.0, ""orders"": 0, ""quantity"": 0}, {""price"": 0.0, ""orders"": 0, ""quantity"": 0}]"
2025-12-18 10:30:01.989132+05:30,137918212,MUDUNURU,16.79,13655,Thu Dec 18 10:15:00 IST 2025,13655,16.79,16.79,16.79,16.47,NULL,NULL,"[{""price"": 16.79, ""orders"": 7, ""quantity"": 1469}, {""price"": 16.69, ""orders"": 1, ""quantity"": 100}, {""price"": 16.55, ""orders"": 1, ""quantity"": 15}, {""price"": 16.51, ""orders"": 2, ""quantity"": 211}, {""price"": 16.47, ""orders"": 4, ""quantity"": 35}]","[{""price"": 16.15, ""orders"": 3, ""quantity"": 16124}, {""price"": 0.0, ""orders"": 0, ""quantity"": 0}, {""price"": 0.0, ""orders"": 0, ""quantity"": 0}, {""price"": 0.0, ""orders"": 0, ""quantity"": 0}, {""price"": 0.0, ""orders"": 0, ""quantity"": 0}]"
2025-12-18 10:30:32.617448+05:30,137918212,MUDUNURU,16.79,13655,Thu Dec 18 10:15:00 IST 2025,13655,16.79,16.79,16.79,16.47,NULL,NULL,"[{""price"": 16.79, ""orders"": 7, ""quantity"": 1469}, {""price"": 16.69, ""orders"": 1, ""quantity"": 100}, {""price"": 16.55, ""orders"": 1, ""quantity"": 15}, {""price"": 16.51, ""orders"": 2, ""quantity"": 211}, {""price"": 16.47, ""orders"": 4, ""quantity"": 35}]","[{""price"": 16.15, ""orders"": 3, ""quantity"": 16124}, {""price"": 0.0, ""orders"": 0, ""quantity"": 0}, {""price"": 0.0, ""orders"": 0, ""quantity"": 0}, {""price"": 0.0, ""orders"": 0, ""quantity"": 0}, {""price"": 0.0, ""orders"": 0, ""quantity"": 0}]"
2025-12-18 10:30:33.916908+05:30,137918212,MUDUNURU,16.79,13655,Thu Dec 18 10:15:00 IST 2025,13655,16.79,16.79,16.79,16.47,16.15,16.79,"[{""price"": 16.79, ""orders"": 7, ""quantity"": 1469}, {""price"": 16.69, ""orders"": 1, ""quantity"": 100}, {""price"": 16.55, ""orders"": 1, ""quantity"": 15}, {""price"": 16.51, ""orders"": 2, ""quantity"": 211}, {""price"": 16.47, ""orders"": 4, ""quantity"": 35}]","[{""price"": 16.15, ""orders"": 3, ""quantity"": 16124}, {""price"": 0.0, ""orders"": 0, ""quantity"": 0}, {""price"": 0.0, ""orders"": 0, ""quantity"": 0}, {""price"": 0.0, ""orders"": 0, ""quantity"": 0}, {""price"": 0.0, ""orders"": 0, ""quantity"": 0}]"
2025-12-18 10:30:35.300689+05:30,137918212,MUDUNURU,16.79,13655,Thu Dec 18 10:15:00 IST 2025,13655,16.79,16.79,16.79,16.47,NULL,NULL,"[{""price"": 16.79, ""orders"": 7, ""quantity"": 1469}, {""price"": 16.69, ""orders"": 1, ""quantity"": 100}, {""price"": 16.55, ""orders"": 1, ""quantity"": 15}, {""price"": 16.51, ""orders"": 2, ""quantity"": 211}, {""price"": 16.47, ""orders"": 4, ""quantity"": 35}]","[{""price"": 16.15, ""orders"": 3, ""quantity"": 16124}, {""price"": 0.0, ""orders"": 0, ""quantity"": 0}, {""price"": 0.0, ""orders"": 0, ""quantity"": 0}, {""price"": 0.0, ""orders"": 0, ""quantity"": 0}, {""price"": 0.0, ""orders"": 0, ""quantity"": 0}]"
2025-12-18 10:32:36.570281+05:30,137918212,MUDUNURU,16.79,13655,Thu Dec 18 10:15:00 IST 2025,13655,16.79,16.79,16.79,16.47,16.15,16.79,"[{""price"": 16.79, ""orders"": 9, ""quantity"": 1511}, {""price"": 16.69, ""orders"": 1, ""quantity"": 100}, {""price"": 16.55, ""orders"": 1, ""quantity"": 15}, {""price"": 16.51, ""orders"": 2, ""quantity"": 211}, {""price"": 16.47, ""orders"": 4, ""quantity"": 35}]","[{""price"": 16.15, ""orders"": 3, ""quantity"": 16124}, {""price"": 0.0, ""orders"": 0, ""quantity"": 0}, {""price"": 0.0, ""orders"": 0, ""quantity"": 0}, {""price"": 0.0, ""orders"": 0, ""quantity"": 0}, {""price"": 0.0, ""orders"": 0, ""quantity"": 0}]"
2025-12-18 10:32:38.102591+05:30,137918212,MUDUNURU,16.79,13655,Thu Dec 18 10:15:00 IST 2025,13655,16.79,16.79,16.79,16.47,NULL,NULL,"[{""price"": 16.79, ""orders"": 9, ""quantity"": 1511}, {""price"": 16.69, ""orders"": 1, ""quantity"": 100}, {""price"": 16.55, ""orders"": 1, ""quantity"": 15}, {""price"": 16.51, ""orders"": 2, ""quantity"": 211}, {""price"": 16.47, ""orders"": 4, ""quantity"": 35}]","[{""price"": 16.15, ""orders"": 3, ""quantity"": 16124}, {""price"": 0.0, ""orders"": 0, ""quantity"": 0}, {""price"": 0.0, ""orders"": 0, ""quantity"": 0}, {""price"": 0.0, ""orders"": 0, ""quantity"": 0}, {""price"": 0.0, ""orders"": 0, ""quantity"": 0}]"
2025-12-18 10:32:39.369066+05:30,137918212,MUDUNURU,16.79,13655,Thu Dec 18 10:15:00 IST 2025,13655,16.79,16.79,16.79,16.47,NULL,NULL,"[{""price"": 16.79, ""orders"": 9, ""quantity"": 1511}, {""price"": 16.69, ""orders"": 1, ""quantity"": 100}, {""price"": 16.55, ""orders"": 1, ""quantity"": 15}, {""price"": 16.51, ""orders"": 2, ""quantity"": 211}, {""price"": 16.47, ""orders"": 4, ""quantity"": 35}]","[{""price"": 16.15, ""orders"": 4, ""quantity"": 19507}, {""price"": 0.0, ""orders"": 0, ""quantity"": 0}, {""price"": 0.0, ""orders"": 0, ""quantity"": 0}, {""price"": 0.0, ""orders"": 0, ""quantity"": 0}, {""price"": 0.0, ""orders"": 0, ""quantity"": 0}]"
2025-12-18 10:32:46.0732+05:30,137918212,MUDUNURU,16.79,13655,Thu Dec 18 10:15:00 IST 2025,13655,16.79,16.79,16.79,16.47,NULL,NULL,"[{""price"": 16.79, ""orders"": 9, ""quantity"": 1511}, {""price"": 16.55, ""orders"": 1, ""quantity"": 15}, {""price"": 16.51, ""orders"": 2, ""quantity"": 211}, {""price"": 16.47, ""orders"": 4, ""quantity"": 35}, {""price"": 16.15, ""orders"": 3, ""quantity"": 310}]","[{""price"": 16.15, ""orders"": 4, ""quantity"": 19507}, {""price"": 0.0, ""orders"": 0, ""quantity"": 0}, {""price"": 0.0, ""orders"": 0, ""quantity"": 0}, {""price"": 0.0, ""orders"": 0, ""quantity"": 0}, {""price"": 0.0, ""orders"": 0, ""quantity"": 0}]"
2025-12-18 10:33:17.2668+05:30,137918212,MUDUNURU,16.79,13655,Thu Dec 18 10:15:00 IST 2025,13655,16.79,16.79,16.79,16.47,NULL,NULL,"[{""price"": 16.79, ""orders"": 9, ""quantity"": 1511}, {""price"": 16.55, ""orders"": 1, ""quantity"": 15}, {""price"": 16.51, ""orders"": 2, ""quantity"": 211}, {""price"": 16.47, ""orders"": 4, ""quantity"": 35}, {""price"": 16.15, ""orders"": 3, ""quantity"": 310}]","[{""price"": 16.15, ""orders"": 4, ""quantity"": 19507}, {""price"": 0.0, ""orders"": 0, ""quantity"": 0}, {""price"": 0.0, ""orders"": 0, ""quantity"": 0}, {""price"": 0.0, ""orders"": 0, ""quantity"": 0}, {""price"": 0.0, ""orders"": 0, ""quantity"": 0}]"
2025-12-18 10:33:18.558423+05:30,137918212,MUDUNURU,16.79,13655,Thu Dec 18 10:15:00 IST 2025,13655,16.79,16.79,16.79,16.47,NULL,NULL,"[{""price"": 16.79, ""orders"": 9, ""quantity"": 1511}, {""price"": 16.55, ""orders"": 1, ""quantity"": 15}, {""price"": 16.51, ""orders"": 2, ""quantity"": 211}, {""price"": 16.47, ""orders"": 4, ""quantity"": 35}, {""price"": 16.15, ""orders"": 3, ""quantity"": 310}]","[{""price"": 16.15, ""orders"": 4, ""quantity"": 19507}, {""price"": 0.0, ""orders"": 0, ""quantity"": 0}, {""price"": 0.0, ""orders"": 0, ""quantity"": 0}, {""price"": 0.0, ""orders"": 0, ""quantity"": 0}, {""price"": 0.0, ""orders"": 0, ""quantity"": 0}]"
2025-12-18 10:33:19.886792+05:30,137918212,MUDUNURU,16.79,13655,Thu Dec 18 10:15:00 IST 2025,13655,16.79,16.79,16.79,16.47,NULL,NULL,"[{""price"": 16.79, ""orders"": 9, ""quantity"": 1511}, {""price"": 16.55, ""orders"": 1, ""quantity"": 15}, {""price"": 16.51, ""orders"": 2, ""quantity"": 211}, {""price"": 16.47, ""orders"": 4, ""quantity"": 35}, {""price"": 16.15, ""orders"": 3, ""quantity"": 310}]","[{""price"": 16.15, ""orders"": 4, ""quantity"": 19507}, {""price"": 0.0, ""orders"": 0, ""quantity"": 0}, {""price"": 0.0, ""orders"": 0, ""quantity"": 0}, {""price"": 0.0, ""orders"": 0, ""quantity"": 0}, {""price"": 0.0, ""orders"": 0, ""quantity"": 0}]"
2025-12-18 10:33:21.169346+05:30,137918212,MUDUNURU,16.79,13655,Thu Dec 18 10:15:00 IST 2025,13655,16.79,16.79,16.79,16.47,NULL,NULL,"[{""price"": 16.79, ""orders"": 9, ""quantity"": 1511}, {""price"": 16.55, ""orders"": 1, ""quantity"": 15}, {""price"": 16.51, ""orders"": 2, ""quantity"": 211}, {""price"": 16.47, ""orders"": 4, ""quantity"": 35}, {""price"": 16.15, ""orders"": 3, ""quantity"": 310}]","[{""price"": 16.15, ""orders"": 4, ""quantity"": 19507}, {""price"": 0.0, ""orders"": 0, ""quantity"": 0}, {""price"": 0.0, ""orders"": 0, ""quantity"": 0}, {""price"": 0.0, ""orders"": 0, ""quantity"": 0}, {""price"": 0.0, ""orders"": 0, ""quantity"": 0}]"
2025-12-18 10:33:21.992609+05:30,137918212,MUDUNURU,16.79,13655,Thu Dec 18 10:15:00 IST 2025,13655,16.79,16.79,16.79,16.47,NULL,NULL,"[{""price"": 16.79, ""orders"": 9, ""quantity"": 1511}, {""price"": 16.55, ""orders"": 1, ""quantity"": 15}, {""price"": 16.51, ""orders"": 2, ""quantity"": 211}, {""price"": 16.47, ""orders"": 4, ""quantity"": 35}, {""price"": 16.15, ""orders"": 3, ""quantity"": 310}]","[{""price"": 16.15, ""orders"": 4, ""quantity"": 19507}, {""price"": 16.45, ""orders"": 1, ""quantity"": 1}, {""price"": 0.0, ""orders"": 0, ""quantity"": 0}, {""price"": 0.0, ""orders"": 0, ""quantity"": 0}, {""price"": 0.0, ""orders"": 0, ""quantity"": 0}]"
2025-12-18 10:33:36.159912+05:30,137918212,MUDUNURU,16.79,13655,Thu Dec 18 10:15:00 IST 2025,13655,16.79,16.79,16.79,16.47,NULL,NULL,"[{""price"": 16.79, ""orders"": 9, ""quantity"": 1511}, {""price"": 16.55, ""orders"": 1, ""quantity"": 15}, {""price"": 16.51, ""orders"": 2, ""quantity"": 211}, {""price"": 16.47, ""orders"": 4, ""quantity"": 35}, {""price"": 0.0, ""orders"": 1, ""quantity"": 41}]","[{""price"": 16.15, ""orders"": 4, ""quantity"": 19507}, {""price"": 16.45, ""orders"": 1, ""quantity"": 1}, {""price"": 0.0, ""orders"": 0, ""quantity"": 0}, {""price"": 0.0, ""orders"": 0, ""quantity"": 0}, {""price"": 0.0, ""orders"": 0, ""quantity"": 0}]"
2025-12-18 10:33:42.240198+05:30,137918212,MUDUNURU,16.79,13655,Thu Dec 18 10:15:00 IST 2025,13655,16.79,16.79,16.79,16.47,NULL,NULL,"[{""price"": 16.79, ""orders"": 10, ""quantity"": 1611}, {""price"": 16.55, ""orders"": 1, ""quantity"": 15}, {""price"": 16.51, ""orders"": 2, ""quantity"": 211}, {""price"": 16.47, ""orders"": 4, ""quantity"": 35}, {""price"": 0.0, ""orders"": 1, ""quantity"": 41}]","[{""price"": 16.15, ""orders"": 4, ""quantity"": 19507}, {""price"": 16.45, ""orders"": 1, ""quantity"": 1}, {""price"": 0.0, ""orders"": 0, ""quantity"": 0}, {""price"": 0.0, ""orders"": 0, ""quantity"": 0}, {""price"": 0.0, ""orders"": 0, ""quantity"": 0}]"
2025-12-18 10:33:53.616826+05:30,137918212,MUDUNURU,16.79,13655,Thu Dec 18 10:15:00 IST 2025,13655,16.79,16.79,16.79,16.47,NULL,NULL,"[{""price"": 16.79, ""orders"": 11, ""quantity"": 1911}, {""price"": 16.55, ""orders"": 1, ""quantity"": 15}, {""price"": 16.51, ""orders"": 2, ""quantity"": 211}, {""price"": 16.47, ""orders"": 4, ""quantity"": 35}, {""price"": 0.0, ""orders"": 1, ""quantity"": 41}]","[{""price"": 16.15, ""orders"": 4, ""quantity"": 19507}, {""price"": 16.45, ""orders"": 1, ""quantity"": 1}, {""price"": 0.0, ""orders"": 0, ""quantity"": 0}, {""price"": 0.0, ""orders"": 0, ""quantity"": 0}, {""price"": 0.0, ""orders"": 0, ""quantity"": 0}]"
2025-12-18 10:42:35.322676+05:30,137918212,MUDUNURU,16.79,13655,Thu Dec 18 10:15:00 IST 2025,13655,16.79,16.79,16.79,16.47,NULL,NULL,"[{""price"": 16.79, ""orders"": 12, ""quantity"": 1966}, {""price"": 16.55, ""orders"": 1, ""quantity"": 15}, {""price"": 16.51, ""orders"": 2, ""quantity"": 211}, {""price"": 16.47, ""orders"": 4, ""quantity"": 35}, {""price"": 0.0, ""orders"": 1, ""quantity"": 41}]","[{""price"": 16.15, ""orders"": 4, ""quantity"": 19507}, {""price"": 16.45, ""orders"": 1, ""quantity"": 1}, {""price"": 16.79, ""orders"": 1, ""quantity"": 448}, {""price"": 0.0, ""orders"": 0, ""quantity"": 0}, {""price"": 0.0, ""orders"": 0, ""quantity"": 0}]"
2025-12-18 10:48:40.520313+05:30,137918212,MUDUNURU,16.79,13655,Thu Dec 18 10:15:00 IST 2025,13655,16.79,16.79,16.79,16.47,NULL,NULL,"[{""price"": 16.79, ""orders"": 13, ""quantity"": 1967}, {""price"": 16.55, ""orders"": 1, ""quantity"": 15}, {""price"": 16.51, ""orders"": 2, ""quantity"": 211}, {""price"": 16.47, ""orders"": 4, ""quantity"": 35}, {""price"": 0.0, ""orders"": 3, ""quantity"": 94}]","[{""price"": 16.15, ""orders"": 4, ""quantity"": 19507}, {""price"": 16.45, ""orders"": 1, ""quantity"": 1}, {""price"": 16.79, ""orders"": 1, ""quantity"": 448}, {""price"": 0.0, ""orders"": 0, ""quantity"": 0}, {""price"": 0.0, ""orders"": 0, ""quantity"": 0}]"
2025-12-18 10:48:52.247372+05:30,137918212,MUDUNURU,16.79,13655,Thu Dec 18 10:15:00 IST 2025,13655,16.79,16.79,16.79,16.47,NULL,NULL,"[{""price"": 16.79, ""orders"": 12, ""quantity"": 1966}, {""price"": 16.55, ""orders"": 1, ""quantity"": 15}, {""price"": 16.51, ""orders"": 2, ""quantity"": 211}, {""price"": 16.47, ""orders"": 4, ""quantity"": 35}, {""price"": 0.0, ""orders"": 3, ""quantity"": 94}]","[{""price"": 16.15, ""orders"": 4, ""quantity"": 19507}, {""price"": 16.45, ""orders"": 1, ""quantity"": 1}, {""price"": 16.79, ""orders"": 1, ""quantity"": 448}, {""price"": 0.0, ""orders"": 0, ""quantity"": 0}, {""price"": 0.0, ""orders"": 0, ""quantity"": 0}]"
2025-12-18 10:50:31.247125+05:30,137918212,MUDUNURU,16.79,13655,Thu Dec 18 10:15:00 IST 2025,13655,16.79,16.79,16.79,16.47,NULL,NULL,"[{""price"": 16.79, ""orders"": 13, ""quantity"": 1968}, {""price"": 16.55, ""orders"": 1, ""quantity"": 15}, {""price"": 16.51, ""orders"": 2, ""quantity"": 211}, {""price"": 16.47, ""orders"": 4, ""quantity"": 35}, {""price"": 0.0, ""orders"": 3, ""quantity"": 94}]","[{""price"": 16.15, ""orders"": 4, ""quantity"": 19507}, {""price"": 16.45, ""orders"": 1, ""quantity"": 1}, {""price"": 16.79, ""orders"": 1, ""quantity"": 448}, {""price"": 0.0, ""orders"": 0, ""quantity"": 0}, {""price"": 0.0, ""orders"": 0, ""quantity"": 0}]"
2025-12-18 10:56:45.339674+05:30,137918212,MUDUNURU,16.79,13655,Thu Dec 18 10:15:00 IST 2025,13655,16.79,16.79,16.79,16.47,NULL,NULL,"[{""price"": 16.79, ""orders"": 14, ""quantity"": 2003}, {""price"": 16.51, ""orders"": 2, ""quantity"": 211}, {""price"": 16.47, ""orders"": 4, ""quantity"": 35}, {""price"": 16.15, ""orders"": 3, ""quantity"": 310}, {""price"": 0.0, ""orders"": 3, ""quantity"": 94}]","[{""price"": 16.15, ""orders"": 4, ""quantity"": 19507}, {""price"": 16.45, ""orders"": 1, ""quantity"": 1}, {""price"": 16.79, ""orders"": 1, ""quantity"": 448}, {""price"": 0.0, ""orders"": 0, ""quantity"": 0}, {""price"": 0.0, ""orders"": 0, ""quantity"": 0}]"
2025-12-18 10:56:53.28811+05:30,137918212,MUDUNURU,16.79,13655,Thu Dec 18 10:15:00 IST 2025,13655,16.79,16.79,16.79,16.47,NULL,NULL,"[{""price"": 16.79, ""orders"": 13, ""quantity"": 1968}, {""price"": 16.51, ""orders"": 2, ""quantity"": 211}, {""price"": 16.47, ""orders"": 4, ""quantity"": 35}, {""price"": 16.15, ""orders"": 3, ""quantity"": 310}, {""price"": 0.0, ""orders"": 4, ""quantity"": 129}]","[{""price"": 16.15, ""orders"": 4, ""quantity"": 19507}, {""price"": 16.45, ""orders"": 1, ""quantity"": 1}, {""price"": 16.79, ""orders"": 1, ""quantity"": 448}, {""price"": 0.0, ""orders"": 0, ""quantity"": 0}, {""price"": 0.0, ""orders"": 0, ""quantity"": 0}]"
2025-12-18 10:59:55.968385+05:30,137918212,MUDUNURU,16.79,13655,Thu Dec 18 10:15:00 IST 2025,13655,16.79,16.79,16.79,16.47,16.15,16.79,"[{""price"": 16.79, ""orders"": 13, ""quantity"": 1968}, {""price"": 16.51, ""orders"": 2, ""quantity"": 211}, {""price"": 16.47, ""orders"": 4, ""quantity"": 35}, {""price"": 16.15, ""orders"": 3, ""quantity"": 310}, {""price"": 0.0, ""orders"": 4, ""quantity"": 129}]","[{""price"": 16.15, ""orders"": 4, ""quantity"": 19507}, {""price"": 16.45, ""orders"": 1, ""quantity"": 1}, {""price"": 16.79, ""orders"": 1, ""quantity"": 448}, {""price"": 0.0, ""orders"": 0, ""quantity"": 0}, {""price"": 0.0, ""orders"": 0, ""quantity"": 0}]"
2025-12-18 11:04:17.70011+05:30,137918212,MUDUNURU,16.79,13655,Thu Dec 18 10:15:00 IST 2025,13655,16.79,16.79,16.79,16.47,NULL,NULL,"[{""price"": 16.79, ""orders"": 14, ""quantity"": 1978}, {""price"": 16.51, ""orders"": 2, ""quantity"": 211}, {""price"": 16.47, ""orders"": 3, ""quantity"": 25}, {""price"": 16.15, ""orders"": 3, ""quantity"": 310}, {""price"": 0.0, ""orders"": 4, ""quantity"": 129}]","[{""price"": 16.15, ""orders"": 4, ""quantity"": 19507}, {""price"": 16.45, ""orders"": 1, ""quantity"": 1}, {""price"": 16.79, ""orders"": 1, ""quantity"": 448}, {""price"": 0.0, ""orders"": 0, ""quantity"": 0}, {""price"": 0.0, ""orders"": 0, ""quantity"": 0}]"
2025-12-18 11:06:26.761403+05:30,137918212,MUDUNURU,16.79,13655,Thu Dec 18 10:15:00 IST 2025,13655,16.79,16.79,16.79,16.47,NULL,NULL,"[{""price"": 16.79, ""orders"": 14, ""quantity"": 1978}, {""price"": 16.51, ""orders"": 2, ""quantity"": 211}, {""price"": 16.47, ""orders"": 3, ""quantity"": 25}, {""price"": 16.15, ""orders"": 3, ""quantity"": 310}, {""price"": 0.0, ""orders"": 4, ""quantity"": 129}]","[{""price"": 16.15, ""orders"": 4, ""quantity"": 19507}, {""price"": 16.45, ""orders"": 1, ""quantity"": 1}, {""price"": 16.79, ""orders"": 1, ""quantity"": 448}, {""price"": 0.0, ""orders"": 0, ""quantity"": 0}, {""price"": 0.0, ""orders"": 0, ""quantity"": 0}]"
2025-12-18 11:06:27.005861+05:30,137918212,MUDUNURU,16.79,13655,Thu Dec 18 10:15:00 IST 2025,13655,16.79,16.79,16.79,16.47,NULL,NULL,"[{""price"": 16.79, ""orders"": 15, ""quantity"": 1979}, {""price"": 16.51, ""orders"": 2, ""quantity"": 211}, {""price"": 16.47, ""orders"": 3, ""quantity"": 25}, {""price"": 16.15, ""orders"": 3, ""quantity"": 310}, {""price"": 0.0, ""orders"": 4, ""quantity"": 129}]","[{""price"": 16.15, ""orders"": 4, ""quantity"": 19507}, {""price"": 16.45, ""orders"": 1, ""quantity"": 1}, {""price"": 16.79, ""orders"": 1, ""quantity"": 448}, {""price"": 0.0, ""orders"": 0, ""quantity"": 0}, {""price"": 0.0, ""orders"": 0, ""quantity"": 0}]"
2025-12-18 11:06:39.027764+05:30,137918212,MUDUNURU,16.79,13655,Thu Dec 18 10:15:00 IST 2025,13655,16.79,16.79,16.79,16.47,NULL,NULL,"[{""price"": 16.79, ""orders"": 16, ""quantity"": 2079}, {""price"": 16.51, ""orders"": 2, ""quantity"": 211}, {""price"": 16.47, ""orders"": 3, ""quantity"": 25}, {""price"": 16.15, ""orders"": 3, ""quantity"": 310}, {""price"": 0.0, ""orders"": 4, ""quantity"": 129}]","[{""price"": 16.15, ""orders"": 4, ""quantity"": 19507}, {""price"": 16.45, ""orders"": 1, ""quantity"": 1}, {""price"": 16.79, ""orders"": 1, ""quantity"": 448}, {""price"": 0.0, ""orders"": 0, ""quantity"": 0}, {""price"": 0.0, ""orders"": 0, ""quantity"": 0}]"
2025-12-18 11:08:11.336755+05:30,137918212,MUDUNURU,16.79,13655,Thu Dec 18 10:15:00 IST 2025,13655,16.79,16.79,16.79,16.47,NULL,NULL,"[{""price"": 16.79, ""orders"": 16, ""quantity"": 2079}, {""price"": 16.51, ""orders"": 2, ""quantity"": 211}, {""price"": 16.47, ""orders"": 3, ""quantity"": 25}, {""price"": 16.15, ""orders"": 3, ""quantity"": 310}, {""price"": 0.0, ""orders"": 4, ""quantity"": 129}]","[{""price"": 16.15, ""orders"": 4, ""quantity"": 19507}, {""price"": 16.45, ""orders"": 1, ""quantity"": 1}, {""price"": 16.79, ""orders"": 1, ""quantity"": 448}, {""price"": 0.0, ""orders"": 0, ""quantity"": 0}, {""price"": 0.0, ""orders"": 0, ""quantity"": 0}]"
2025-12-18 11:08:11.763166+05:30,137918212,MUDUNURU,16.79,13655,Thu Dec 18 10:15:00 IST 2025,13655,16.79,16.79,16.79,16.47,NULL,NULL,"[{""price"": 16.79, ""orders"": 17, ""quantity"": 2110}, {""price"": 16.51, ""orders"": 2, ""quantity"": 211}, {""price"": 16.47, ""orders"": 3, ""quantity"": 25}, {""price"": 16.15, ""orders"": 3, ""quantity"": 310}, {""price"": 0.0, ""orders"": 4, ""quantity"": 129}]","[{""price"": 16.15, ""orders"": 4, ""quantity"": 19507}, {""price"": 16.45, ""orders"": 1, ""quantity"": 1}, {""price"": 16.79, ""orders"": 1, ""quantity"": 448}, {""price"": 0.0, ""orders"": 0, ""quantity"": 0}, {""price"": 0.0, ""orders"": 0, ""quantity"": 0}]"
2025-12-18 11:08:23.43667+05:30,137918212,MUDUNURU,16.79,13655,Thu Dec 18 10:15:00 IST 2025,13655,16.79,16.79,16.79,16.47,NULL,NULL,"[{""price"": 16.79, ""orders"": 18, ""quantity"": 2120}, {""price"": 16.51, ""orders"": 2, ""quantity"": 211}, {""price"": 16.47, ""orders"": 3, ""quantity"": 25}, {""price"": 16.15, ""orders"": 3, ""quantity"": 310}, {""price"": 0.0, ""orders"": 4, ""quantity"": 129}]","[{""price"": 16.15, ""orders"": 4, ""quantity"": 19507}, {""price"": 16.45, ""orders"": 1, ""quantity"": 1}, {""price"": 16.79, ""orders"": 1, ""quantity"": 448}, {""price"": 0.0, ""orders"": 0, ""quantity"": 0}, {""price"": 0.0, ""orders"": 0, ""quantity"": 0}]"
2025-12-18 11:08:30.161883+05:30,137918212,MUDUNURU,16.79,13655,Thu Dec 18 10:15:00 IST 2025,13655,16.79,16.79,16.79,16.47,NULL,NULL,"[{""price"": 16.79, ""orders"": 17, ""quantity"": 2110}, {""price"": 16.51, ""orders"": 2, ""quantity"": 211}, {""price"": 16.47, ""orders"": 3, ""quantity"": 25}, {""price"": 16.15, ""orders"": 3, ""quantity"": 310}, {""price"": 0.0, ""orders"": 5, ""quantity"": 139}]","[{""price"": 16.15, ""orders"": 4, ""quantity"": 19507}, {""price"": 16.45, ""orders"": 1, ""quantity"": 1}, {""price"": 16.79, ""orders"": 1, ""quantity"": 448}, {""price"": 0.0, ""orders"": 0, ""quantity"": 0}, {""price"": 0.0, ""orders"": 0, ""quantity"": 0}]"
2025-12-18 11:08:44.737888+05:30,137918212,MUDUNURU,16.79,13655,Thu Dec 18 10:15:00 IST 2025,13655,16.79,16.79,16.79,16.47,NULL,NULL,"[{""price"": 16.79, ""orders"": 17, ""quantity"": 2110}, {""price"": 16.51, ""orders"": 2, ""quantity"": 211}, {""price"": 16.47, ""orders"": 3, ""quantity"": 25}, {""price"": 16.15, ""orders"": 3, ""quantity"": 310}, {""price"": 0.0, ""orders"": 5, ""quantity"": 139}]","[{""price"": 16.15, ""orders"": 4, ""quantity"": 19507}, {""price"": 16.45, ""orders"": 1, ""quantity"": 1}, {""price"": 16.79, ""orders"": 1, ""quantity"": 448}, {""price"": 0.0, ""orders"": 1, ""quantity"": 1000}, {""price"": 0.0, ""orders"": 0, ""quantity"": 0}]"
2025-12-18 11:09:16.071043+05:30,137918212,MUDUNURU,16.79,13655,Thu Dec 18 10:15:00 IST 2025,13655,16.79,16.79,16.79,16.47,NULL,NULL,"[{""price"": 16.79, ""orders"": 17, ""quantity"": 2110}, {""price"": 16.51, ""orders"": 2, ""quantity"": 211}, {""price"": 16.47, ""orders"": 3, ""quantity"": 25}, {""price"": 16.15, ""orders"": 3, ""quantity"": 310}, {""price"": 0.0, ""orders"": 5, ""quantity"": 139}]","[{""price"": 16.15, ""orders"": 4, ""quantity"": 19507}, {""price"": 16.45, ""orders"": 1, ""quantity"": 1}, {""price"": 16.79, ""orders"": 1, ""quantity"": 448}, {""price"": 0.0, ""orders"": 1, ""quantity"": 1000}, {""price"": 0.0, ""orders"": 0, ""quantity"": 0}]"
2025-12-18 11:09:17.298415+05:30,137918212,MUDUNURU,16.79,13655,Thu Dec 18 10:15:00 IST 2025,13655,16.79,16.79,16.79,16.47,16.15,16.79,"[{""price"": 16.79, ""orders"": 17, ""quantity"": 2110}, {""price"": 16.51, ""orders"": 2, ""quantity"": 211}, {""price"": 16.47, ""orders"": 3, ""quantity"": 25}, {""price"": 16.15, ""orders"": 3, ""quantity"": 310}, {""price"": 0.0, ""orders"": 5, ""quantity"": 139}]","[{""price"": 16.15, ""orders"": 4, ""quantity"": 19507}, {""price"": 16.45, ""orders"": 1, ""quantity"": 1}, {""price"": 16.79, ""orders"": 1, ""quantity"": 448}, {""price"": 0.0, ""orders"": 1, ""quantity"": 1000}, {""price"": 0.0, ""orders"": 0, ""quantity"": 0}]"
2025-12-18 11:09:46.039535+05:30,137918212,MUDUNURU,16.79,13655,Thu Dec 18 10:15:00 IST 2025,13655,16.79,16.79,16.79,16.47,NULL,NULL,"[{""price"": 16.79, ""orders"": 17, ""quantity"": 2110}, {""price"": 16.51, ""orders"": 2, ""quantity"": 211}, {""price"": 16.47, ""orders"": 3, ""quantity"": 25}, {""price"": 16.15, ""orders"": 3, ""quantity"": 310}, {""price"": 0.0, ""orders"": 5, ""quantity"": 139}]","[{""price"": 16.15, ""orders"": 4, ""quantity"": 19507}, {""price"": 16.45, ""orders"": 1, ""quantity"": 1}, {""price"": 16.79, ""orders"": 1, ""quantity"": 448}, {""price"": 0.0, ""orders"": 1, ""quantity"": 1000}, {""price"": 0.0, ""orders"": 0, ""quantity"": 0}]"
2025-12-18 11:09:47.220974+05:30,137918212,MUDUNURU,16.79,13655,Thu Dec 18 10:15:00 IST 2025,13655,16.79,16.79,16.79,16.47,16.15,16.79,"[{""price"": 16.79, ""orders"": 17, ""quantity"": 2110}, {""price"": 16.51, ""orders"": 2, ""quantity"": 211}, {""price"": 16.47, ""orders"": 3, ""quantity"": 25}, {""price"": 16.15, ""orders"": 3, ""quantity"": 310}, {""price"": 0.0, ""orders"": 5, ""quantity"": 139}]","[{""price"": 16.15, ""orders"": 5, ""quantity"": 20507}, {""price"": 16.45, ""orders"": 1, ""quantity"": 1}, {""price"": 16.79, ""orders"": 1, ""quantity"": 448}, {""price"": 0.0, ""orders"": 0, ""quantity"": 0}, {""price"": 0.0, ""orders"": 0, ""quantity"": 0}]"
2025-12-18 11:09:47.511362+05:30,137918212,MUDUNURU,16.79,13655,Thu Dec 18 10:15:00 IST 2025,13655,16.79,16.79,16.79,16.47,NULL,NULL,"[{""price"": 16.79, ""orders"": 17, ""quantity"": 2110}, {""price"": 16.51, ""orders"": 2, ""quantity"": 211}, {""price"": 16.47, ""orders"": 3, ""quantity"": 25}, {""price"": 16.15, ""orders"": 3, ""quantity"": 310}, {""price"": 0.0, ""orders"": 5, ""quantity"": 139}]","[{""price"": 16.15, ""orders"": 5, ""quantity"": 20507}, {""price"": 16.45, ""orders"": 1, ""quantity"": 1}, {""price"": 16.79, ""orders"": 1, ""quantity"": 448}, {""price"": 0.0, ""orders"": 0, ""quantity"": 0}, {""price"": 0.0, ""orders"": 0, ""quantity"": 0}]"
2025-12-18 11:10:19.202684+05:30,137918212,MUDUNURU,16.79,13655,Thu Dec 18 10:15:00 IST 2025,13655,16.79,16.79,16.79,16.47,16.15,16.79,"[{""price"": 16.79, ""orders"": 17, ""quantity"": 2110}, {""price"": 16.51, ""orders"": 2, ""quantity"": 211}, {""price"": 16.47, ""orders"": 3, ""quantity"": 25}, {""price"": 16.15, ""orders"": 3, ""quantity"": 310}, {""price"": 0.0, ""orders"": 5, ""quantity"": 139}]","[{""price"": 16.15, ""orders"": 5, ""quantity"": 20507}, {""price"": 16.45, ""orders"": 1, ""quantity"": 1}, {""price"": 16.79, ""orders"": 1, ""quantity"": 448}, {""price"": 0.0, ""orders"": 0, ""quantity"": 0}, {""price"": 0.0, ""orders"": 0, ""quantity"": 0}]"
2025-12-18 11:10:20.70333+05:30,137918212,MUDUNURU,16.79,13655,Thu Dec 18 10:15:00 IST 2025,13655,16.79,16.79,16.79,16.47,NULL,NULL,"[{""price"": 16.79, ""orders"": 17, ""quantity"": 2110}, {""price"": 16.51, ""orders"": 2, ""quantity"": 211}, {""price"": 16.47, ""orders"": 3, ""quantity"": 25}, {""price"": 16.15, ""orders"": 3, ""quantity"": 310}, {""price"": 0.0, ""orders"": 5, ""quantity"": 139}]","[{""price"": 16.15, ""orders"": 5, ""quantity"": 20507}, {""price"": 16.45, ""orders"": 1, ""quantity"": 1}, {""price"": 16.79, ""orders"": 1, ""quantity"": 448}, {""price"": 0.0, ""orders"": 0, ""quantity"": 0}, {""price"": 0.0, ""orders"": 0, ""quantity"": 0}]"
2025-12-18 11:10:22.057141+05:30,137918212,MUDUNURU,16.79,13655,Thu Dec 18 10:15:00 IST 2025,13655,16.79,16.79,16.79,16.47,NULL,NULL,"[{""price"": 16.79, ""orders"": 17, ""quantity"": 2110}, {""price"": 16.51, ""orders"": 2, ""quantity"": 211}, {""price"": 16.47, ""orders"": 3, ""quantity"": 25}, {""price"": 16.15, ""orders"": 3, ""quantity"": 310}, {""price"": 0.0, ""orders"": 5, ""quantity"": 139}]","[{""price"": 16.15, ""orders"": 5, ""quantity"": 20507}, {""price"": 16.45, ""orders"": 1, ""quantity"": 1}, {""price"": 16.79, ""orders"": 1, ""quantity"": 448}, {""price"": 0.0, ""orders"": 0, ""quantity"": 0}, {""price"": 0.0, ""orders"": 0, ""quantity"": 0}]"
2025-12-18 11:10:23.350355+05:30,137918212,MUDUNURU,16.79,13655,Thu Dec 18 10:15:00 IST 2025,13655,16.79,16.79,16.79,16.47,NULL,NULL,"[{""price"": 16.79, ""orders"": 17, ""quantity"": 2110}, {""price"": 16.51, ""orders"": 2, ""quantity"": 211}, {""price"": 16.47, ""orders"": 3, ""quantity"": 25}, {""price"": 16.15, ""orders"": 3, ""quantity"": 310}, {""price"": 0.0, ""orders"": 5, ""quantity"": 139}]","[{""price"": 16.15, ""orders"": 5, ""quantity"": 20507}, {""price"": 16.45, ""orders"": 1, ""quantity"": 1}, {""price"": 16.79, ""orders"": 1, ""quantity"": 448}, {""price"": 0.0, ""orders"": 0, ""quantity"": 0}, {""price"": 0.0, ""orders"": 0, ""quantity"": 0}]"
2025-12-18 11:10:24.692885+05:30,137918212,MUDUNURU,16.79,13655,Thu Dec 18 10:15:00 IST 2025,13655,16.79,16.79,16.79,16.47,NULL,NULL,"[{""price"": 16.79, ""orders"": 17, ""quantity"": 2110}, {""price"": 16.51, ""orders"": 2, ""quantity"": 211}, {""price"": 16.47, ""orders"": 3, ""quantity"": 25}, {""price"": 16.15, ""orders"": 3, ""quantity"": 310}, {""price"": 0.0, ""orders"": 5, ""quantity"": 139}]","[{""price"": 16.15, ""orders"": 5, ""quantity"": 20507}, {""price"": 16.45, ""orders"": 1, ""quantity"": 1}, {""price"": 16.79, ""orders"": 1, ""quantity"": 448}, {""price"": 0.0, ""orders"": 0, ""quantity"": 0}, {""price"": 0.0, ""orders"": 0, ""quantity"": 0}]"
2025-12-18 11:10:26.021102+05:30,137918212,MUDUNURU,16.79,13655,Thu Dec 18 10:15:00 IST 2025,13655,16.79,16.79,16.79,16.47,NULL,NULL,"[{""price"": 16.79, ""orders"": 17, ""quantity"": 2110}, {""price"": 16.51, ""orders"": 2, ""quantity"": 211}, {""price"": 16.47, ""orders"": 3, ""quantity"": 25}, {""price"": 16.15, ""orders"": 3, ""quantity"": 310}, {""price"": 0.0, ""orders"": 5, ""quantity"": 139}]","[{""price"": 16.15, ""orders"": 5, ""quantity"": 20507}, {""price"": 16.45, ""orders"": 1, ""quantity"": 1}, {""price"": 16.79, ""orders"": 1, ""quantity"": 448}, {""price"": 0.0, ""orders"": 0, ""quantity"": 0}, {""price"": 0.0, ""orders"": 0, ""quantity"": 0}]"
2025-12-18 11:10:27.403253+05:30,137918212,MUDUNURU,16.79,13655,Thu Dec 18 10:15:00 IST 2025,13655,16.79,16.79,16.79,16.47,NULL,NULL,"[{""price"": 16.79, ""orders"": 17, ""quantity"": 2110}, {""price"": 16.51, ""orders"": 2, ""quantity"": 211}, {""price"": 16.47, ""orders"": 3, ""quantity"": 25}, {""price"": 16.15, ""orders"": 3, ""quantity"": 310}, {""price"": 0.0, ""orders"": 5, ""quantity"": 139}]","[{""price"": 16.15, ""orders"": 5, ""quantity"": 20507}, {""price"": 16.45, ""orders"": 1, ""quantity"": 1}, {""price"": 16.79, ""orders"": 1, ""quantity"": 448}, {""price"": 0.0, ""orders"": 0, ""quantity"": 0}, {""price"": 0.0, ""orders"": 0, ""quantity"": 0}]"
2025-12-18 11:10:28.736849+05:30,137918212,MUDUNURU,16.79,13655,Thu Dec 18 10:15:00 IST 2025,13655,16.79,16.79,16.79,16.47,NULL,NULL,"[{""price"": 16.79, ""orders"": 17, ""quantity"": 2110}, {""price"": 16.51, ""orders"": 2, ""quantity"": 211}, {""price"": 16.47, ""orders"": 3, ""quantity"": 25}, {""price"": 16.15, ""orders"": 3, ""quantity"": 310}, {""price"": 0.0, ""orders"": 5, ""quantity"": 139}]","[{""price"": 16.15, ""orders"": 5, ""quantity"": 20507}, {""price"": 16.45, ""orders"": 1, ""quantity"": 1}, {""price"": 16.79, ""orders"": 1, ""quantity"": 448}, {""price"": 0.0, ""orders"": 0, ""quantity"": 0}, {""price"": 0.0, ""orders"": 0, ""quantity"": 0}]"
2025-12-18 11:10:30.127608+05:30,137918212,MUDUNURU,16.79,13655,Thu Dec 18 10:15:00 IST 2025,13655,16.79,16.79,16.79,16.47,NULL,NULL,"[{""price"": 16.79, ""orders"": 17, ""quantity"": 2110}, {""price"": 16.51, ""orders"": 2, ""quantity"": 211}, {""price"": 16.47, ""orders"": 3, ""quantity"": 25}, {""price"": 16.15, ""orders"": 3, ""quantity"": 310}, {""price"": 0.0, ""orders"": 5, ""quantity"": 139}]","[{""price"": 16.15, ""orders"": 5, ""quantity"": 20507}, {""price"": 16.45, ""orders"": 1, ""quantity"": 1}, {""price"": 16.79, ""orders"": 1, ""quantity"": 448}, {""price"": 0.0, ""orders"": 0, ""quantity"": 0}, {""price"": 0.0, ""orders"": 0, ""quantity"": 0}]"
2025-12-18 11:10:31.521518+05:30,137918212,MUDUNURU,16.79,13655,Thu Dec 18 10:15:00 IST 2025,13655,16.79,16.79,16.79,16.47,NULL,NULL,"[{""price"": 16.79, ""orders"": 17, ""quantity"": 2110}, {""price"": 16.51, ""orders"": 2, ""quantity"": 211}, {""price"": 16.47, ""orders"": 3, ""quantity"": 25}, {""price"": 16.15, ""orders"": 3, ""quantity"": 310}, {""price"": 0.0, ""orders"": 5, ""quantity"": 139}]","[{""price"": 16.15, ""orders"": 5, ""quantity"": 20507}, {""price"": 16.45, ""orders"": 1, ""quantity"": 1}, {""price"": 16.79, ""orders"": 1, ""quantity"": 448}, {""price"": 0.0, ""orders"": 0, ""quantity"": 0}, {""price"": 0.0, ""orders"": 0, ""quantity"": 0}]"
2025-12-18 11:10:32.860177+05:30,137918212,MUDUNURU,16.79,13655,Thu Dec 18 10:15:00 IST 2025,13655,16.79,16.79,16.79,16.47,NULL,NULL,"[{""price"": 16.79, ""orders"": 17, ""quantity"": 2110}, {""price"": 16.51, ""orders"": 2, ""quantity"": 211}, {""price"": 16.47, ""orders"": 3, ""quantity"": 25}, {""price"": 16.15, ""orders"": 3, ""quantity"": 310}, {""price"": 0.0, ""orders"": 5, ""quantity"": 139}]","[{""price"": 16.15, ""orders"": 5, ""quantity"": 20507}, {""price"": 16.45, ""orders"": 1, ""quantity"": 1}, {""price"": 16.79, ""orders"": 1, ""quantity"": 448}, {""price"": 0.0, ""orders"": 0, ""quantity"": 0}, {""price"": 0.0, ""orders"": 0, ""quantity"": 0}]"
2025-12-18 11:10:34.23978+05:30,137918212,MUDUNURU,16.79,13655,Thu Dec 18 10:15:00 IST 2025,13655,16.79,16.79,16.79,16.47,NULL,NULL,"[{""price"": 16.79, ""orders"": 17, ""quantity"": 2110}, {""price"": 16.51, ""orders"": 2, ""quantity"": 211}, {""price"": 16.47, ""orders"": 3, ""quantity"": 25}, {""price"": 16.15, ""orders"": 3, ""quantity"": 310}, {""price"": 0.0, ""orders"": 5, ""quantity"": 139}]","[{""price"": 16.15, ""orders"": 5, ""quantity"": 20507}, {""price"": 16.45, ""orders"": 1, ""quantity"": 1}, {""price"": 16.79, ""orders"": 1, ""quantity"": 448}, {""price"": 0.0, ""orders"": 0, ""quantity"": 0}, {""price"": 0.0, ""orders"": 0, ""quantity"": 0}]"
2025-12-18 11:10:35.577239+05:30,137918212,MUDUNURU,16.79,13655,Thu Dec 18 10:15:00 IST 2025,13655,16.79,16.79,16.79,16.47,NULL,NULL,"[{""price"": 16.79, ""orders"": 17, ""quantity"": 2110}, {""price"": 16.51, ""orders"": 2, ""quantity"": 211}, {""price"": 16.47, ""orders"": 3, ""quantity"": 25}, {""price"": 16.15, ""orders"": 3, ""quantity"": 310}, {""price"": 0.0, ""orders"": 5, ""quantity"": 139}]","[{""price"": 16.15, ""orders"": 5, ""quantity"": 20507}, {""price"": 16.45, ""orders"": 1, ""quantity"": 1}, {""price"": 16.79, ""orders"": 1, ""quantity"": 448}, {""price"": 0.0, ""orders"": 0, ""quantity"": 0}, {""price"": 0.0, ""orders"": 0, ""quantity"": 0}]"
2025-12-18 11:10:36.893391+05:30,137918212,MUDUNURU,16.79,13655,Thu Dec 18 10:15:00 IST 2025,13655,16.79,16.79,16.79,16.47,NULL,NULL,"[{""price"": 16.79, ""orders"": 17, ""quantity"": 2110}, {""price"": 16.51, ""orders"": 2, ""quantity"": 211}, {""price"": 16.47, ""orders"": 3, ""quantity"": 25}, {""price"": 16.15, ""orders"": 3, ""quantity"": 310}, {""price"": 0.0, ""orders"": 5, ""quantity"": 139}]","[{""price"": 16.15, ""orders"": 5, ""quantity"": 20507}, {""price"": 16.45, ""orders"": 1, ""quantity"": 1}, {""price"": 16.79, ""orders"": 1, ""quantity"": 448}, {""price"": 0.0, ""orders"": 0, ""quantity"": 0}, {""price"": 0.0, ""orders"": 0, ""quantity"": 0}]"
2025-12-18 11:10:38.22722+05:30,137918212,MUDUNURU,16.79,13655,Thu Dec 18 10:15:00 IST 2025,13655,16.79,16.79,16.79,16.47,NULL,NULL,"[{""price"": 16.79, ""orders"": 17, ""quantity"": 2110}, {""price"": 16.51, ""orders"": 2, ""quantity"": 211}, {""price"": 16.47, ""orders"": 3, ""quantity"": 25}, {""price"": 16.15, ""orders"": 3, ""quantity"": 310}, {""price"": 0.0, ""orders"": 5, ""quantity"": 139}]","[{""price"": 16.15, ""orders"": 5, ""quantity"": 20507}, {""price"": 16.45, ""orders"": 1, ""quantity"": 1}, {""price"": 16.79, ""orders"": 1, ""quantity"": 448}, {""price"": 0.0, ""orders"": 0, ""quantity"": 0}, {""price"": 0.0, ""orders"": 0, ""quantity"": 0}]"
2025-12-18 11:10:39.528625+05:30,137918212,MUDUNURU,16.79,13655,Thu Dec 18 10:15:00 IST 2025,13655,16.79,16.79,16.79,16.47,NULL,NULL,"[{""price"": 16.79, ""orders"": 17, ""quantity"": 2110}, {""price"": 16.51, ""orders"": 2, ""quantity"": 211}, {""price"": 16.47, ""orders"": 3, ""quantity"": 25}, {""price"": 16.15, ""orders"": 3, ""quantity"": 310}, {""price"": 0.0, ""orders"": 5, ""quantity"": 139}]","[{""price"": 16.15, ""orders"": 5, ""quantity"": 20507}, {""price"": 16.45, ""orders"": 1, ""quantity"": 1}, {""price"": 16.79, ""orders"": 1, ""quantity"": 448}, {""price"": 0.0, ""orders"": 0, ""quantity"": 0}, {""price"": 0.0, ""orders"": 0, ""quantity"": 0}]"
2025-12-18 11:10:40.878784+05:30,137918212,MUDUNURU,16.79,13655,Thu Dec 18 10:15:00 IST 2025,13655,16.79,16.79,16.79,16.47,NULL,NULL,"[{""price"": 16.79, ""orders"": 17, ""quantity"": 2110}, {""price"": 16.51, ""orders"": 2, ""quantity"": 211}, {""price"": 16.47, ""orders"": 3, ""quantity"": 25}, {""price"": 16.15, ""orders"": 3, ""quantity"": 310}, {""price"": 0.0, ""orders"": 5, ""quantity"": 139}]","[{""price"": 16.15, ""orders"": 5, ""quantity"": 20507}, {""price"": 16.45, ""orders"": 1, ""quantity"": 1}, {""price"": 16.79, ""orders"": 1, ""quantity"": 448}, {""price"": 0.0, ""orders"": 0, ""quantity"": 0}, {""price"": 0.0, ""orders"": 0, ""quantity"": 0}]"
2025-12-18 11:10:42.253969+05:30,137918212,MUDUNURU,16.79,13655,Thu Dec 18 10:15:00 IST 2025,13655,16.79,16.79,16.79,16.47,NULL,NULL,"[{""price"": 16.79, ""orders"": 17, ""quantity"": 2110}, {""price"": 16.51, ""orders"": 2, ""quantity"": 211}, {""price"": 16.47, ""orders"": 3, ""quantity"": 25}, {""price"": 16.15, ""orders"": 3, ""quantity"": 310}, {""price"": 0.0, ""orders"": 5, ""quantity"": 139}]","[{""price"": 16.15, ""orders"": 5, ""quantity"": 20507}, {""price"": 16.45, ""orders"": 1, ""quantity"": 1}, {""price"": 16.79, ""orders"": 1, ""quantity"": 448}, {""price"": 0.0, ""orders"": 0, ""quantity"": 0}, {""price"": 0.0, ""orders"": 0, ""quantity"": 0}]"
2025-12-18 11:10:42.759288+05:30,137918212,MUDUNURU,16.79,13655,Thu Dec 18 10:15:00 IST 2025,13655,16.79,16.79,16.79,16.47,NULL,NULL,"[{""price"": 16.79, ""orders"": 17, ""quantity"": 2110}, {""price"": 16.51, ""orders"": 2, ""quantity"": 211}, {""price"": 16.47, ""orders"": 3, ""quantity"": 25}, {""price"": 16.15, ""orders"": 3, ""quantity"": 310}, {""price"": 0.0, ""orders"": 6, ""quantity"": 219}]","[{""price"": 16.15, ""orders"": 5, ""quantity"": 20507}, {""price"": 16.45, ""orders"": 1, ""quantity"": 1}, {""price"": 16.79, ""orders"": 1, ""quantity"": 448}, {""price"": 0.0, ""orders"": 0, ""quantity"": 0}, {""price"": 0.0, ""orders"": 0, ""quantity"": 0}]"
2025-12-18 11:11:13.580153+05:30,137918212,MUDUNURU,16.79,13655,Thu Dec 18 10:15:00 IST 2025,13655,16.79,16.79,16.79,16.47,NULL,NULL,"[{""price"": 16.79, ""orders"": 17, ""quantity"": 2110}, {""price"": 16.51, ""orders"": 2, ""quantity"": 211}, {""price"": 16.47, ""orders"": 3, ""quantity"": 25}, {""price"": 16.15, ""orders"": 3, ""quantity"": 310}, {""price"": 0.0, ""orders"": 6, ""quantity"": 219}]","[{""price"": 16.15, ""orders"": 5, ""quantity"": 20507}, {""price"": 16.45, ""orders"": 1, ""quantity"": 1}, {""price"": 16.79, ""orders"": 1, ""quantity"": 448}, {""price"": 0.0, ""orders"": 0, ""quantity"": 0}, {""price"": 0.0, ""orders"": 0, ""quantity"": 0}]"
2025-12-18 11:11:14.974427+05:30,137918212,MUDUNURU,16.79,13655,Thu Dec 18 10:15:00 IST 2025,13655,16.79,16.79,16.79,16.47,NULL,NULL,"[{""price"": 16.79, ""orders"": 17, ""quantity"": 2110}, {""price"": 16.51, ""orders"": 2, ""quantity"": 211}, {""price"": 16.47, ""orders"": 3, ""quantity"": 25}, {""price"": 16.15, ""orders"": 3, ""quantity"": 310}, {""price"": 0.0, ""orders"": 6, ""quantity"": 219}]","[{""price"": 16.15, ""orders"": 5, ""quantity"": 20507}, {""price"": 16.45, ""orders"": 1, ""quantity"": 1}, {""price"": 16.79, ""orders"": 1, ""quantity"": 448}, {""price"": 0.0, ""orders"": 0, ""quantity"": 0}, {""price"": 0.0, ""orders"": 0, ""quantity"": 0}]"
2025-12-18 11:11:16.381191+05:30,137918212,MUDUNURU,16.79,13655,Thu Dec 18 10:15:00 IST 2025,13655,16.79,16.79,16.79,16.47,NULL,NULL,"[{""price"": 16.79, ""orders"": 17, ""quantity"": 2110}, {""price"": 16.51, ""orders"": 2, ""quantity"": 211}, {""price"": 16.47, ""orders"": 3, ""quantity"": 25}, {""price"": 16.15, ""orders"": 3, ""quantity"": 310}, {""price"": 0.0, ""orders"": 6, ""quantity"": 219}]","[{""price"": 16.15, ""orders"": 5, ""quantity"": 20507}, {""price"": 16.45, ""orders"": 1, ""quantity"": 1}, {""price"": 16.79, ""orders"": 1, ""quantity"": 448}, {""price"": 0.0, ""orders"": 0, ""quantity"": 0}, {""price"": 0.0, ""orders"": 0, ""quantity"": 0}]"
2025-12-18 11:11:17.836798+05:30,137918212,MUDUNURU,16.79,13655,Thu Dec 18 10:15:00 IST 2025,13655,16.79,16.79,16.79,16.47,NULL,NULL,"[{""price"": 16.79, ""orders"": 17, ""quantity"": 2110}, {""price"": 16.51, ""orders"": 2, ""quantity"": 211}, {""price"": 16.47, ""orders"": 3, ""quantity"": 25}, {""price"": 16.15, ""orders"": 3, ""quantity"": 310}, {""price"": 0.0, ""orders"": 6, ""quantity"": 219}]","[{""price"": 16.15, ""orders"": 5, ""quantity"": 20507}, {""price"": 16.45, ""orders"": 1, ""quantity"": 1}, {""price"": 16.79, ""orders"": 1, ""quantity"": 448}, {""price"": 0.0, ""orders"": 0, ""quantity"": 0}, {""price"": 0.0, ""orders"": 0, ""quantity"": 0}]"
2025-12-18 11:11:18.923803+05:30,137918212,MUDUNURU,16.79,13655,Thu Dec 18 10:15:00 IST 2025,13655,16.79,16.79,16.79,16.47,16.15,16.79,"[{""price"": 16.79, ""orders"": 17, ""quantity"": 2110}, {""price"": 16.51, ""orders"": 2, ""quantity"": 211}, {""price"": 16.47, ""orders"": 3, ""quantity"": 25}, {""price"": 16.15, ""orders"": 3, ""quantity"": 310}, {""price"": 0.0, ""orders"": 6, ""quantity"": 219}]","[{""price"": 16.15, ""orders"": 5, ""quantity"": 20507}, {""price"": 16.45, ""orders"": 1, ""quantity"": 1}, {""price"": 16.79, ""orders"": 1, ""quantity"": 448}, {""price"": 0.0, ""orders"": 0, ""quantity"": 0}, {""price"": 0.0, ""orders"": 0, ""quantity"": 0}]"
2025-12-18 11:11:20.395187+05:30,137918212,MUDUNURU,16.79,13655,Thu Dec 18 10:15:00 IST 2025,13655,16.79,16.79,16.79,16.47,NULL,NULL,"[{""price"": 16.79, ""orders"": 17, ""quantity"": 2110}, {""price"": 16.51, ""orders"": 2, ""quantity"": 211}, {""price"": 16.47, ""orders"": 3, ""quantity"": 25}, {""price"": 16.15, ""orders"": 3, ""quantity"": 310}, {""price"": 0.0, ""orders"": 6, ""quantity"": 219}]","[{""price"": 16.15, ""orders"": 5, ""quantity"": 20507}, {""price"": 16.45, ""orders"": 1, ""quantity"": 1}, {""price"": 16.79, ""orders"": 1, ""quantity"": 448}, {""price"": 0.0, ""orders"": 0, ""quantity"": 0}, {""price"": 0.0, ""orders"": 0, ""quantity"": 0}]"
2025-12-18 11:11:21.808723+05:30,137918212,MUDUNURU,16.79,13655,Thu Dec 18 10:15:00 IST 2025,13655,16.79,16.79,16.79,16.47,NULL,NULL,"[{""price"": 16.79, ""orders"": 17, ""quantity"": 2110}, {""price"": 16.51, ""orders"": 2, ""quantity"": 211}, {""price"": 16.47, ""orders"": 3, ""quantity"": 25}, {""price"": 16.15, ""orders"": 3, ""quantity"": 310}, {""price"": 0.0, ""orders"": 6, ""quantity"": 219}]","[{""price"": 16.15, ""orders"": 5, ""quantity"": 20507}, {""price"": 16.45, ""orders"": 1, ""quantity"": 1}, {""price"": 16.79, ""orders"": 1, ""quantity"": 448}, {""price"": 0.0, ""orders"": 0, ""quantity"": 0}, {""price"": 0.0, ""orders"": 0, ""quantity"": 0}]"
2025-12-18 11:11:23.221472+05:30,137918212,MUDUNURU,16.79,13655,Thu Dec 18 10:15:00 IST 2025,13655,16.79,16.79,16.79,16.47,NULL,NULL,"[{""price"": 16.79, ""orders"": 17, ""quantity"": 2110}, {""price"": 16.51, ""orders"": 2, ""quantity"": 211}, {""price"": 16.47, ""orders"": 3, ""quantity"": 25}, {""price"": 16.15, ""orders"": 3, ""quantity"": 310}, {""price"": 0.0, ""orders"": 6, ""quantity"": 219}]","[{""price"": 16.15, ""orders"": 5, ""quantity"": 20507}, {""price"": 16.45, ""orders"": 1, ""quantity"": 1}, {""price"": 16.79, ""orders"": 1, ""quantity"": 448}, {""price"": 0.0, ""orders"": 0, ""quantity"": 0}, {""price"": 0.0, ""orders"": 0, ""quantity"": 0}]"
2025-12-18 11:11:24.527324+05:30,137918212,MUDUNURU,16.79,13655,Thu Dec 18 10:15:00 IST 2025,13655,16.79,16.79,16.79,16.47,NULL,NULL,"[{""price"": 16.79, ""orders"": 17, ""quantity"": 2110}, {""price"": 16.51, ""orders"": 2, ""quantity"": 211}, {""price"": 16.47, ""orders"": 3, ""quantity"": 25}, {""price"": 16.15, ""orders"": 3, ""quantity"": 310}, {""price"": 0.0, ""orders"": 6, ""quantity"": 219}]","[{""price"": 16.15, ""orders"": 5, ""quantity"": 20507}, {""price"": 16.45, ""orders"": 1, ""quantity"": 1}, {""price"": 16.79, ""orders"": 1, ""quantity"": 448}, {""price"": 0.0, ""orders"": 0, ""quantity"": 0}, {""price"": 0.0, ""orders"": 0, ""quantity"": 0}]"
2025-12-18 11:11:25.871221+05:30,137918212,MUDUNURU,16.79,13655,Thu Dec 18 10:15:00 IST 2025,13655,16.79,16.79,16.79,16.47,NULL,NULL,"[{""price"": 16.79, ""orders"": 17, ""quantity"": 2110}, {""price"": 16.51, ""orders"": 2, ""quantity"": 211}, {""price"": 16.47, ""orders"": 3, ""quantity"": 25}, {""price"": 16.15, ""orders"": 3, ""quantity"": 310}, {""price"": 0.0, ""orders"": 6, ""quantity"": 219}]","[{""price"": 16.15, ""orders"": 5, ""quantity"": 20507}, {""price"": 16.45, ""orders"": 1, ""quantity"": 1}, {""price"": 16.79, ""orders"": 1, ""quantity"": 448}, {""price"": 0.0, ""orders"": 0, ""quantity"": 0}, {""price"": 0.0, ""orders"": 0, ""quantity"": 0}]"
2025-12-18 11:11:27.26886+05:30,137918212,MUDUNURU,16.79,13655,Thu Dec 18 10:15:00 IST 2025,13655,16.79,16.79,16.79,16.47,NULL,NULL,"[{""price"": 16.79, ""orders"": 17, ""quantity"": 2110}, {""price"": 16.51, ""orders"": 2, ""quantity"": 211}, {""price"": 16.47, ""orders"": 3, ""quantity"": 25}, {""price"": 16.15, ""orders"": 3, ""quantity"": 310}, {""price"": 0.0, ""orders"": 6, ""quantity"": 219}]","[{""price"": 16.15, ""orders"": 5, ""quantity"": 20507}, {""price"": 16.45, ""orders"": 1, ""quantity"": 1}, {""price"": 16.79, ""orders"": 1, ""quantity"": 448}, {""price"": 0.0, ""orders"": 0, ""quantity"": 0}, {""price"": 0.0, ""orders"": 0, ""quantity"": 0}]"
2025-12-18 11:11:28.527413+05:30,137918212,MUDUNURU,16.79,13655,Thu Dec 18 10:15:00 IST 2025,13655,16.79,16.79,16.79,16.47,NULL,NULL,"[{""price"": 16.79, ""orders"": 17, ""quantity"": 2110}, {""price"": 16.51, ""orders"": 2, ""quantity"": 211}, {""price"": 16.47, ""orders"": 3, ""quantity"": 25}, {""price"": 16.15, ""orders"": 3, ""quantity"": 310}, {""price"": 0.0, ""orders"": 6, ""quantity"": 219}]","[{""price"": 16.15, ""orders"": 5, ""quantity"": 20507}, {""price"": 16.45, ""orders"": 1, ""quantity"": 1}, {""price"": 16.79, ""orders"": 1, ""quantity"": 448}, {""price"": 0.0, ""orders"": 0, ""quantity"": 0}, {""price"": 0.0, ""orders"": 0, ""quantity"": 0}]"
2025-12-18 11:11:29.914826+05:30,137918212,MUDUNURU,16.79,13655,Thu Dec 18 10:15:00 IST 2025,13655,16.79,16.79,16.79,16.47,NULL,NULL,"[{""price"": 16.79, ""orders"": 17, ""quantity"": 2110}, {""price"": 16.51, ""orders"": 2, ""quantity"": 211}, {""price"": 16.47, ""orders"": 3, ""quantity"": 25}, {""price"": 16.15, ""orders"": 3, ""quantity"": 310}, {""price"": 0.0, ""orders"": 6, ""quantity"": 219}]","[{""price"": 16.15, ""orders"": 5, ""quantity"": 20507}, {""price"": 16.45, ""orders"": 1, ""quantity"": 1}, {""price"": 16.79, ""orders"": 1, ""quantity"": 448}, {""price"": 0.0, ""orders"": 0, ""quantity"": 0}, {""price"": 0.0, ""orders"": 0, ""quantity"": 0}]"
2025-12-18 11:11:31.228266+05:30,137918212,MUDUNURU,16.79,13655,Thu Dec 18 10:15:00 IST 2025,13655,16.79,16.79,16.79,16.47,NULL,NULL,"[{""price"": 16.79, ""orders"": 17, ""quantity"": 2110}, {""price"": 16.51, ""orders"": 2, ""quantity"": 211}, {""price"": 16.47, ""orders"": 3, ""quantity"": 25}, {""price"": 16.15, ""orders"": 3, ""quantity"": 310}, {""price"": 0.0, ""orders"": 6, ""quantity"": 219}]","[{""price"": 16.15, ""orders"": 5, ""quantity"": 20507}, {""price"": 16.45, ""orders"": 1, ""quantity"": 1}, {""price"": 16.79, ""orders"": 1, ""quantity"": 448}, {""price"": 0.0, ""orders"": 0, ""quantity"": 0}, {""price"": 0.0, ""orders"": 0, ""quantity"": 0}]"
2025-12-18 11:11:32.535158+05:30,137918212,MUDUNURU,16.79,13655,Thu Dec 18 10:15:00 IST 2025,13655,16.79,16.79,16.79,16.47,NULL,NULL,"[{""price"": 16.79, ""orders"": 17, ""quantity"": 2110}, {""price"": 16.51, ""orders"": 2, ""quantity"": 211}, {""price"": 16.47, ""orders"": 3, ""quantity"": 25}, {""price"": 16.15, ""orders"": 3, ""quantity"": 310}, {""price"": 0.0, ""orders"": 6, ""quantity"": 219}]","[{""price"": 16.15, ""orders"": 5, ""quantity"": 20507}, {""price"": 16.45, ""orders"": 1, ""quantity"": 1}, {""price"": 16.79, ""orders"": 1, ""quantity"": 448}, {""price"": 0.0, ""orders"": 0, ""quantity"": 0}, {""price"": 0.0, ""orders"": 0, ""quantity"": 0}]"
2025-12-18 11:11:33.868811+05:30,137918212,MUDUNURU,16.79,13655,Thu Dec 18 10:15:00 IST 2025,13655,16.79,16.79,16.79,16.47,NULL,NULL,"[{""price"": 16.79, ""orders"": 17, ""quantity"": 2110}, {""price"": 16.51, ""orders"": 2, ""quantity"": 211}, {""price"": 16.47, ""orders"": 3, ""quantity"": 25}, {""price"": 16.15, ""orders"": 3, ""quantity"": 310}, {""price"": 0.0, ""orders"": 6, ""quantity"": 219}]","[{""price"": 16.15, ""orders"": 5, ""quantity"": 20507}, {""price"": 16.45, ""orders"": 1, ""quantity"": 1}, {""price"": 16.79, ""orders"": 1, ""quantity"": 448}, {""price"": 0.0, ""orders"": 0, ""quantity"": 0}, {""price"": 0.0, ""orders"": 0, ""quantity"": 0}]"
2025-12-18 11:11:35.098231+05:30,137918212,MUDUNURU,16.79,13655,Thu Dec 18 10:15:00 IST 2025,13655,16.79,16.79,16.79,16.47,16.15,16.79,"[{""price"": 16.79, ""orders"": 17, ""quantity"": 2110}, {""price"": 16.51, ""orders"": 2, ""quantity"": 211}, {""price"": 16.47, ""orders"": 3, ""quantity"": 25}, {""price"": 16.15, ""orders"": 3, ""quantity"": 310}, {""price"": 0.0, ""orders"": 6, ""quantity"": 219}]","[{""price"": 16.15, ""orders"": 5, ""quantity"": 20507}, {""price"": 16.45, ""orders"": 1, ""quantity"": 1}, {""price"": 16.79, ""orders"": 1, ""quantity"": 448}, {""price"": 0.0, ""orders"": 0, ""quantity"": 0}, {""price"": 0.0, ""orders"": 0, ""quantity"": 0}]"
2025-12-18 11:11:36.518218+05:30,137918212,MUDUNURU,16.79,13655,Thu Dec 18 10:15:00 IST 2025,13655,16.79,16.79,16.79,16.47,NULL,NULL,"[{""price"": 16.79, ""orders"": 17, ""quantity"": 2110}, {""price"": 16.51, ""orders"": 2, ""quantity"": 211}, {""price"": 16.47, ""orders"": 3, ""quantity"": 25}, {""price"": 16.15, ""orders"": 3, ""quantity"": 310}, {""price"": 0.0, ""orders"": 6, ""quantity"": 219}]","[{""price"": 16.15, ""orders"": 5, ""quantity"": 20507}, {""price"": 16.45, ""orders"": 1, ""quantity"": 1}, {""price"": 16.79, ""orders"": 1, ""quantity"": 448}, {""price"": 0.0, ""orders"": 0, ""quantity"": 0}, {""price"": 0.0, ""orders"": 0, ""quantity"": 0}]"
2025-12-18 11:11:37.923992+05:30,137918212,MUDUNURU,16.79,13655,Thu Dec 18 10:15:00 IST 2025,13655,16.79,16.79,16.79,16.47,NULL,NULL,"[{""price"": 16.79, ""orders"": 17, ""quantity"": 2110}, {""price"": 16.51, ""orders"": 2, ""quantity"": 211}, {""price"": 16.47, ""orders"": 3, ""quantity"": 25}, {""price"": 16.15, ""orders"": 3, ""quantity"": 310}, {""price"": 0.0, ""orders"": 6, ""quantity"": 219}]","[{""price"": 16.15, ""orders"": 5, ""quantity"": 20507}, {""price"": 16.45, ""orders"": 1, ""quantity"": 1}, {""price"": 16.79, ""orders"": 1, ""quantity"": 448}, {""price"": 0.0, ""orders"": 0, ""quantity"": 0}, {""price"": 0.0, ""orders"": 0, ""quantity"": 0}]"
2025-12-18 11:11:39.209495+05:30,137918212,MUDUNURU,16.79,13655,Thu Dec 18 10:15:00 IST 2025,13655,16.79,16.79,16.79,16.47,NULL,NULL,"[{""price"": 16.79, ""orders"": 17, ""quantity"": 2110}, {""price"": 16.51, ""orders"": 2, ""quantity"": 211}, {""price"": 16.47, ""orders"": 3, ""quantity"": 25}, {""price"": 16.15, ""orders"": 3, ""quantity"": 310}, {""price"": 0.0, ""orders"": 6, ""quantity"": 219}]","[{""price"": 16.15, ""orders"": 5, ""quantity"": 20507}, {""price"": 16.45, ""orders"": 1, ""quantity"": 1}, {""price"": 16.79, ""orders"": 1, ""quantity"": 448}, {""price"": 0.0, ""orders"": 0, ""quantity"": 0}, {""price"": 0.0, ""orders"": 0, ""quantity"": 0}]"
2025-12-18 11:11:40.511387+05:30,137918212,MUDUNURU,16.79,13655,Thu Dec 18 10:15:00 IST 2025,13655,16.79,16.79,16.79,16.47,NULL,NULL,"[{""price"": 16.79, ""orders"": 17, ""quantity"": 2110}, {""price"": 16.51, ""orders"": 2, ""quantity"": 211}, {""price"": 16.47, ""orders"": 3, ""quantity"": 25}, {""price"": 16.15, ""orders"": 3, ""quantity"": 310}, {""price"": 0.0, ""orders"": 6, ""quantity"": 219}]","[{""price"": 16.15, ""orders"": 5, ""quantity"": 20507}, {""price"": 16.45, ""orders"": 1, ""quantity"": 1}, {""price"": 16.79, ""orders"": 1, ""quantity"": 448}, {""price"": 0.0, ""orders"": 0, ""quantity"": 0}, {""price"": 0.0, ""orders"": 0, ""quantity"": 0}]"
2025-12-18 11:11:41.851699+05:30,137918212,MUDUNURU,16.79,13655,Thu Dec 18 10:15:00 IST 2025,13655,16.79,16.79,16.79,16.47,NULL,NULL,"[{""price"": 16.79, ""orders"": 17, ""quantity"": 2110}, {""price"": 16.51, ""orders"": 2, ""quantity"": 211}, {""price"": 16.47, ""orders"": 3, ""quantity"": 25}, {""price"": 16.15, ""orders"": 3, ""quantity"": 310}, {""price"": 0.0, ""orders"": 6, ""quantity"": 219}]","[{""price"": 16.15, ""orders"": 5, ""quantity"": 20507}, {""price"": 16.45, ""orders"": 1, ""quantity"": 1}, {""price"": 16.79, ""orders"": 1, ""quantity"": 448}, {""price"": 0.0, ""orders"": 0, ""quantity"": 0}, {""price"": 0.0, ""orders"": 0, ""quantity"": 0}]"
2025-12-18 11:11:43.194309+05:30,137918212,MUDUNURU,16.79,13655,Thu Dec 18 10:15:00 IST 2025,13655,16.79,16.79,16.79,16.47,NULL,NULL,"[{""price"": 16.79, ""orders"": 17, ""quantity"": 2110}, {""price"": 16.51, ""orders"": 2, ""quantity"": 211}, {""price"": 16.47, ""orders"": 3, ""quantity"": 25}, {""price"": 16.15, ""orders"": 3, ""quantity"": 310}, {""price"": 0.0, ""orders"": 6, ""quantity"": 219}]","[{""price"": 16.15, ""orders"": 5, ""quantity"": 20507}, {""price"": 16.45, ""orders"": 1, ""quantity"": 1}, {""price"": 16.79, ""orders"": 1, ""quantity"": 448}, {""price"": 0.0, ""orders"": 0, ""quantity"": 0}, {""price"": 0.0, ""orders"": 0, ""quantity"": 0}]"
2025-12-18 11:11:44.57139+05:30,137918212,MUDUNURU,16.79,13655,Thu Dec 18 10:15:00 IST 2025,13655,16.79,16.79,16.79,16.47,NULL,NULL,"[{""price"": 16.79, ""orders"": 17, ""quantity"": 2110}, {""price"": 16.51, ""orders"": 2, ""quantity"": 211}, {""price"": 16.47, ""orders"": 3, ""quantity"": 25}, {""price"": 16.15, ""orders"": 3, ""quantity"": 310}, {""price"": 0.0, ""orders"": 6, ""quantity"": 219}]","[{""price"": 16.15, ""orders"": 5, ""quantity"": 20507}, {""price"": 16.45, ""orders"": 1, ""quantity"": 1}, {""price"": 16.79, ""orders"": 1, ""quantity"": 448}, {""price"": 0.0, ""orders"": 0, ""quantity"": 0}, {""price"": 0.0, ""orders"": 0, ""quantity"": 0}]"
2025-12-18 11:11:45.895243+05:30,137918212,MUDUNURU,16.79,13655,Thu Dec 18 10:15:00 IST 2025,13655,16.79,16.79,16.79,16.47,NULL,NULL,"[{""price"": 16.79, ""orders"": 17, ""quantity"": 2110}, {""price"": 16.51, ""orders"": 2, ""quantity"": 211}, {""price"": 16.47, ""orders"": 3, ""quantity"": 25}, {""price"": 16.15, ""orders"": 3, ""quantity"": 310}, {""price"": 0.0, ""orders"": 6, ""quantity"": 219}]","[{""price"": 16.15, ""orders"": 5, ""quantity"": 20507}, {""price"": 16.45, ""orders"": 1, ""quantity"": 1}, {""price"": 16.79, ""orders"": 1, ""quantity"": 448}, {""price"": 0.0, ""orders"": 0, ""quantity"": 0}, {""price"": 0.0, ""orders"": 0, ""quantity"": 0}]"
2025-12-18 11:11:47.256973+05:30,137918212,MUDUNURU,16.79,13655,Thu Dec 18 10:15:00 IST 2025,13655,16.79,16.79,16.79,16.47,NULL,NULL,"[{""price"": 16.79, ""orders"": 17, ""quantity"": 2110}, {""price"": 16.51, ""orders"": 2, ""quantity"": 211}, {""price"": 16.47, ""orders"": 3, ""quantity"": 25}, {""price"": 16.15, ""orders"": 3, ""quantity"": 310}, {""price"": 0.0, ""orders"": 6, ""quantity"": 219}]","[{""price"": 16.15, ""orders"": 5, ""quantity"": 20507}, {""price"": 16.45, ""orders"": 1, ""quantity"": 1}, {""price"": 16.79, ""orders"": 1, ""quantity"": 448}, {""price"": 0.0, ""orders"": 0, ""quantity"": 0}, {""price"": 0.0, ""orders"": 0, ""quantity"": 0}]"
2025-12-18 11:11:48.626879+05:30,137918212,MUDUNURU,16.79,13655,Thu Dec 18 10:15:00 IST 2025,13655,16.79,16.79,16.79,16.47,NULL,NULL,"[{""price"": 16.79, ""orders"": 17, ""quantity"": 2110}, {""price"": 16.51, ""orders"": 2, ""quantity"": 211}, {""price"": 16.47, ""orders"": 3, ""quantity"": 25}, {""price"": 16.15, ""orders"": 3, ""quantity"": 310}, {""price"": 0.0, ""orders"": 6, ""quantity"": 219}]","[{""price"": 16.15, ""orders"": 5, ""quantity"": 20507}, {""price"": 16.45, ""orders"": 1, ""quantity"": 1}, {""price"": 16.79, ""orders"": 1, ""quantity"": 448}, {""price"": 0.0, ""orders"": 0, ""quantity"": 0}, {""price"": 0.0, ""orders"": 0, ""quantity"": 0}]"
2025-12-18 11:11:49.932721+05:30,137918212,MUDUNURU,16.79,13655,Thu Dec 18 10:15:00 IST 2025,13655,16.79,16.79,16.79,16.47,NULL,NULL,"[{""price"": 16.79, ""orders"": 17, ""quantity"": 2110}, {""price"": 16.51, ""orders"": 2, ""quantity"": 211}, {""price"": 16.47, ""orders"": 3, ""quantity"": 25}, {""price"": 16.15, ""orders"": 3, ""quantity"": 310}, {""price"": 0.0, ""orders"": 6, ""quantity"": 219}]","[{""price"": 16.15, ""orders"": 5, ""quantity"": 20507}, {""price"": 16.45, ""orders"": 1, ""quantity"": 1}, {""price"": 16.79, ""orders"": 1, ""quantity"": 448}, {""price"": 0.0, ""orders"": 0, ""quantity"": 0}, {""price"": 0.0, ""orders"": 0, ""quantity"": 0}]"
2025-12-18 11:11:51.26153+05:30,137918212,MUDUNURU,16.79,13655,Thu Dec 18 10:15:00 IST 2025,13655,16.79,16.79,16.79,16.47,NULL,NULL,"[{""price"": 16.79, ""orders"": 17, ""quantity"": 2110}, {""price"": 16.51, ""orders"": 2, ""quantity"": 211}, {""price"": 16.47, ""orders"": 3, ""quantity"": 25}, {""price"": 16.15, ""orders"": 3, ""quantity"": 310}, {""price"": 0.0, ""orders"": 6, ""quantity"": 219}]","[{""price"": 16.15, ""orders"": 5, ""quantity"": 20507}, {""price"": 16.45, ""orders"": 1, ""quantity"": 1}, {""price"": 16.79, ""orders"": 1, ""quantity"": 448}, {""price"": 0.0, ""orders"": 0, ""quantity"": 0}, {""price"": 0.0, ""orders"": 0, ""quantity"": 0}]"
2025-12-18 11:11:52.368824+05:30,137918212,MUDUNURU,16.79,13655,Thu Dec 18 10:15:00 IST 2025,13655,16.79,16.79,16.79,16.47,16.15,16.79,"[{""price"": 16.79, ""orders"": 17, ""quantity"": 2110}, {""price"": 16.51, ""orders"": 2, ""quantity"": 211}, {""price"": 16.47, ""orders"": 3, ""quantity"": 25}, {""price"": 16.15, ""orders"": 3, ""quantity"": 310}, {""price"": 0.0, ""orders"": 6, ""quantity"": 219}]","[{""price"": 16.15, ""orders"": 5, ""quantity"": 20507}, {""price"": 16.45, ""orders"": 1, ""quantity"": 1}, {""price"": 16.79, ""orders"": 1, ""quantity"": 448}, {""price"": 0.0, ""orders"": 0, ""quantity"": 0}, {""price"": 0.0, ""orders"": 0, ""quantity"": 0}]"
2025-12-18 11:11:53.977766+05:30,137918212,MUDUNURU,16.79,13655,Thu Dec 18 10:15:00 IST 2025,13655,16.79,16.79,16.79,16.47,NULL,NULL,"[{""price"": 16.79, ""orders"": 17, ""quantity"": 2110}, {""price"": 16.51, ""orders"": 2, ""quantity"": 211}, {""price"": 16.47, ""orders"": 3, ""quantity"": 25}, {""price"": 16.15, ""orders"": 3, ""quantity"": 310}, {""price"": 0.0, ""orders"": 6, ""quantity"": 219}]","[{""price"": 16.15, ""orders"": 5, ""quantity"": 20507}, {""price"": 16.45, ""orders"": 1, ""quantity"": 1}, {""price"": 16.79, ""orders"": 1, ""quantity"": 448}, {""price"": 0.0, ""orders"": 0, ""quantity"": 0}, {""price"": 0.0, ""orders"": 0, ""quantity"": 0}]"
2025-12-18 11:11:55.317599+05:30,137918212,MUDUNURU,16.79,13655,Thu Dec 18 10:15:00 IST 2025,13655,16.79,16.79,16.79,16.47,NULL,NULL,"[{""price"": 16.79, ""orders"": 17, ""quantity"": 2110}, {""price"": 16.51, ""orders"": 2, ""quantity"": 211}, {""price"": 16.47, ""orders"": 3, ""quantity"": 25}, {""price"": 16.15, ""orders"": 3, ""quantity"": 310}, {""price"": 0.0, ""orders"": 6, ""quantity"": 219}]","[{""price"": 16.15, ""orders"": 5, ""quantity"": 20507}, {""price"": 16.45, ""orders"": 1, ""quantity"": 1}, {""price"": 16.79, ""orders"": 1, ""quantity"": 448}, {""price"": 0.0, ""orders"": 0, ""quantity"": 0}, {""price"": 0.0, ""orders"": 0, ""quantity"": 0}]"
2025-12-18 11:11:56.727279+05:30,137918212,MUDUNURU,16.79,13655,Thu Dec 18 10:15:00 IST 2025,13655,16.79,16.79,16.79,16.47,NULL,NULL,"[{""price"": 16.79, ""orders"": 17, ""quantity"": 2110}, {""price"": 16.51, ""orders"": 2, ""quantity"": 211}, {""price"": 16.47, ""orders"": 3, ""quantity"": 25}, {""price"": 16.15, ""orders"": 3, ""quantity"": 310}, {""price"": 0.0, ""orders"": 6, ""quantity"": 219}]","[{""price"": 16.15, ""orders"": 5, ""quantity"": 20507}, {""price"": 16.45, ""orders"": 1, ""quantity"": 1}, {""price"": 16.79, ""orders"": 1, ""quantity"": 448}, {""price"": 0.0, ""orders"": 0, ""quantity"": 0}, {""price"": 0.0, ""orders"": 0, ""quantity"": 0}]"
2025-12-18 11:11:58.061511+05:30,137918212,MUDUNURU,16.79,13655,Thu Dec 18 10:15:00 IST 2025,13655,16.79,16.79,16.79,16.47,NULL,NULL,"[{""price"": 16.79, ""orders"": 17, ""quantity"": 2110}, {""price"": 16.51, ""orders"": 2, ""quantity"": 211}, {""price"": 16.47, ""orders"": 3, ""quantity"": 25}, {""price"": 16.15, ""orders"": 3, ""quantity"": 310}, {""price"": 0.0, ""orders"": 6, ""quantity"": 219}]","[{""price"": 16.15, ""orders"": 5, ""quantity"": 20507}, {""price"": 16.45, ""orders"": 1, ""quantity"": 1}, {""price"": 16.79, ""orders"": 1, ""quantity"": 448}, {""price"": 0.0, ""orders"": 0, ""quantity"": 0}, {""price"": 0.0, ""orders"": 0, ""quantity"": 0}]"
2025-12-18 11:11:59.30381+05:30,137918212,MUDUNURU,16.79,13655,Thu Dec 18 10:15:00 IST 2025,13655,16.79,16.79,16.79,16.47,16.15,16.79,"[{""price"": 16.79, ""orders"": 17, ""quantity"": 2110}, {""price"": 16.51, ""orders"": 2, ""quantity"": 211}, {""price"": 16.47, ""orders"": 3, ""quantity"": 25}, {""price"": 16.15, ""orders"": 3, ""quantity"": 310}, {""price"": 0.0, ""orders"": 6, ""quantity"": 219}]","[{""price"": 16.15, ""orders"": 5, ""quantity"": 20507}, {""price"": 16.45, ""orders"": 1, ""quantity"": 1}, {""price"": 16.79, ""orders"": 1, ""quantity"": 448}, {""price"": 0.0, ""orders"": 0, ""quantity"": 0}, {""price"": 0.0, ""orders"": 0, ""quantity"": 0}]"
2025-12-18 11:12:00.802284+05:30,137918212,MUDUNURU,16.79,13655,Thu Dec 18 10:15:00 IST 2025,13655,16.79,16.79,16.79,16.47,NULL,NULL,"[{""price"": 16.79, ""orders"": 17, ""quantity"": 2110}, {""price"": 16.51, ""orders"": 2, ""quantity"": 211}, {""price"": 16.47, ""orders"": 3, ""quantity"": 25}, {""price"": 16.15, ""orders"": 3, ""quantity"": 310}, {""price"": 0.0, ""orders"": 6, ""quantity"": 219}]","[{""price"": 16.15, ""orders"": 5, ""quantity"": 20507}, {""price"": 16.45, ""orders"": 1, ""quantity"": 1}, {""price"": 16.79, ""orders"": 1, ""quantity"": 448}, {""price"": 0.0, ""orders"": 0, ""quantity"": 0}, {""price"": 0.0, ""orders"": 0, ""quantity"": 0}]"
2025-12-18 11:12:02.108811+05:30,137918212,MUDUNURU,16.79,13655,Thu Dec 18 10:15:00 IST 2025,13655,16.79,16.79,16.79,16.47,NULL,NULL,"[{""price"": 16.79, ""orders"": 17, ""quantity"": 2110}, {""price"": 16.51, ""orders"": 2, ""quantity"": 211}, {""price"": 16.47, ""orders"": 3, ""quantity"": 25}, {""price"": 16.15, ""orders"": 3, ""quantity"": 310}, {""price"": 0.0, ""orders"": 6, ""quantity"": 219}]","[{""price"": 16.15, ""orders"": 5, ""quantity"": 20507}, {""price"": 16.45, ""orders"": 1, ""quantity"": 1}, {""price"": 16.79, ""orders"": 1, ""quantity"": 448}, {""price"": 0.0, ""orders"": 0, ""quantity"": 0}, {""price"": 0.0, ""orders"": 0, ""quantity"": 0}]"
2025-12-18 11:12:03.511462+05:30,137918212,MUDUNURU,16.79,13655,Thu Dec 18 10:15:00 IST 2025,13655,16.79,16.79,16.79,16.47,NULL,NULL,"[{""price"": 16.79, ""orders"": 17, ""quantity"": 2110}, {""price"": 16.51, ""orders"": 2, ""quantity"": 211}, {""price"": 16.47, ""orders"": 3, ""quantity"": 25}, {""price"": 16.15, ""orders"": 3, ""quantity"": 310}, {""price"": 0.0, ""orders"": 6, ""quantity"": 219}]","[{""price"": 16.15, ""orders"": 5, ""quantity"": 20507}, {""price"": 16.45, ""orders"": 1, ""quantity"": 1}, {""price"": 16.79, ""orders"": 1, ""quantity"": 448}, {""price"": 0.0, ""orders"": 0, ""quantity"": 0}, {""price"": 0.0, ""orders"": 0, ""quantity"": 0}]"
2025-12-18 11:12:04.777683+05:30,137918212,MUDUNURU,16.79,13655,Thu Dec 18 10:15:00 IST 2025,13655,16.79,16.79,16.79,16.47,NULL,NULL,"[{""price"": 16.79, ""orders"": 17, ""quantity"": 2110}, {""price"": 16.51, ""orders"": 2, ""quantity"": 211}, {""price"": 16.47, ""orders"": 3, ""quantity"": 25}, {""price"": 16.15, ""orders"": 3, ""quantity"": 310}, {""price"": 0.0, ""orders"": 6, ""quantity"": 219}]","[{""price"": 16.15, ""orders"": 5, ""quantity"": 20507}, {""price"": 16.45, ""orders"": 1, ""quantity"": 1}, {""price"": 16.79, ""orders"": 1, ""quantity"": 448}, {""price"": 0.0, ""orders"": 0, ""quantity"": 0}, {""price"": 0.0, ""orders"": 0, ""quantity"": 0}]"
2025-12-18 11:12:06.124214+05:30,137918212,MUDUNURU,16.79,13655,Thu Dec 18 10:15:00 IST 2025,13655,16.79,16.79,16.79,16.47,NULL,NULL,"[{""price"": 16.79, ""orders"": 17, ""quantity"": 2110}, {""price"": 16.51, ""orders"": 2, ""quantity"": 211}, {""price"": 16.47, ""orders"": 3, ""quantity"": 25}, {""price"": 16.15, ""orders"": 3, ""quantity"": 310}, {""price"": 0.0, ""orders"": 6, ""quantity"": 219}]","[{""price"": 16.15, ""orders"": 5, ""quantity"": 20507}, {""price"": 16.45, ""orders"": 1, ""quantity"": 1}, {""price"": 16.79, ""orders"": 1, ""quantity"": 448}, {""price"": 0.0, ""orders"": 0, ""quantity"": 0}, {""price"": 0.0, ""orders"": 0, ""quantity"": 0}]"
2025-12-18 11:12:07.376354+05:30,137918212,MUDUNURU,16.79,13655,Thu Dec 18 10:15:00 IST 2025,13655,16.79,16.79,16.79,16.47,NULL,NULL,"[{""price"": 16.79, ""orders"": 17, ""quantity"": 2110}, {""price"": 16.51, ""orders"": 2, ""quantity"": 211}, {""price"": 16.47, ""orders"": 3, ""quantity"": 25}, {""price"": 16.15, ""orders"": 3, ""quantity"": 310}, {""price"": 0.0, ""orders"": 6, ""quantity"": 219}]","[{""price"": 16.15, ""orders"": 5, ""quantity"": 20507}, {""price"": 16.45, ""orders"": 1, ""quantity"": 1}, {""price"": 16.79, ""orders"": 1, ""quantity"": 448}, {""price"": 0.0, ""orders"": 0, ""quantity"": 0}, {""price"": 0.0, ""orders"": 0, ""quantity"": 0}]"
2025-12-18 11:12:08.734375+05:30,137918212,MUDUNURU,16.79,13655,Thu Dec 18 10:15:00 IST 2025,13655,16.79,16.79,16.79,16.47,NULL,NULL,"[{""price"": 16.79, ""orders"": 17, ""quantity"": 2110}, {""price"": 16.51, ""orders"": 2, ""quantity"": 211}, {""price"": 16.47, ""orders"": 3, ""quantity"": 25}, {""price"": 16.15, ""orders"": 3, ""quantity"": 310}, {""price"": 0.0, ""orders"": 6, ""quantity"": 219}]","[{""price"": 16.15, ""orders"": 5, ""quantity"": 20507}, {""price"": 16.45, ""orders"": 1, ""quantity"": 1}, {""price"": 16.79, ""orders"": 1, ""quantity"": 448}, {""price"": 0.0, ""orders"": 0, ""quantity"": 0}, {""price"": 0.0, ""orders"": 0, ""quantity"": 0}]"
2025-12-18 11:12:10.054134+05:30,137918212,MUDUNURU,16.79,13655,Thu Dec 18 10:15:00 IST 2025,13655,16.79,16.79,16.79,16.47,NULL,NULL,"[{""price"": 16.79, ""orders"": 17, ""quantity"": 2110}, {""price"": 16.51, ""orders"": 2, ""quantity"": 211}, {""price"": 16.47, ""orders"": 3, ""quantity"": 25}, {""price"": 16.15, ""orders"": 3, ""quantity"": 310}, {""price"": 0.0, ""orders"": 6, ""quantity"": 219}]","[{""price"": 16.15, ""orders"": 5, ""quantity"": 20507}, {""price"": 16.45, ""orders"": 1, ""quantity"": 1}, {""price"": 16.79, ""orders"": 1, ""quantity"": 448}, {""price"": 0.0, ""orders"": 0, ""quantity"": 0}, {""price"": 0.0, ""orders"": 0, ""quantity"": 0}]"
2025-12-18 11:12:11.275177+05:30,137918212,MUDUNURU,16.79,13655,Thu Dec 18 10:15:00 IST 2025,13655,16.79,16.79,16.79,16.47,16.15,16.79,"[{""price"": 16.79, ""orders"": 17, ""quantity"": 2110}, {""price"": 16.51, ""orders"": 2, ""quantity"": 211}, {""price"": 16.47, ""orders"": 3, ""quantity"": 25}, {""price"": 16.15, ""orders"": 3, ""quantity"": 310}, {""price"": 0.0, ""orders"": 6, ""quantity"": 219}]","[{""price"": 16.15, ""orders"": 5, ""quantity"": 20507}, {""price"": 16.45, ""orders"": 1, ""quantity"": 1}, {""price"": 16.79, ""orders"": 1, ""quantity"": 448}, {""price"": 0.0, ""orders"": 0, ""quantity"": 0}, {""price"": 0.0, ""orders"": 0, ""quantity"": 0}]"
2025-12-18 11:12:13.0117+05:30,137918212,MUDUNURU,16.79,13655,Thu Dec 18 10:15:00 IST 2025,13655,16.79,16.79,16.79,16.47,NULL,NULL,"[{""price"": 16.79, ""orders"": 17, ""quantity"": 2110}, {""price"": 16.51, ""orders"": 2, ""quantity"": 211}, {""price"": 16.47, ""orders"": 3, ""quantity"": 25}, {""price"": 16.15, ""orders"": 3, ""quantity"": 310}, {""price"": 0.0, ""orders"": 6, ""quantity"": 219}]","[{""price"": 16.15, ""orders"": 5, ""quantity"": 20507}, {""price"": 16.45, ""orders"": 1, ""quantity"": 1}, {""price"": 16.79, ""orders"": 1, ""quantity"": 448}, {""price"": 0.0, ""orders"": 0, ""quantity"": 0}, {""price"": 0.0, ""orders"": 0, ""quantity"": 0}]"
2025-12-18 11:12:14.134292+05:30,137918212,MUDUNURU,16.79,13655,Thu Dec 18 10:15:00 IST 2025,13655,16.79,16.79,16.79,16.47,16.15,16.79,"[{""price"": 16.79, ""orders"": 17, ""quantity"": 2110}, {""price"": 16.51, ""orders"": 2, ""quantity"": 211}, {""price"": 16.47, ""orders"": 3, ""quantity"": 25}, {""price"": 16.15, ""orders"": 3, ""quantity"": 310}, {""price"": 0.0, ""orders"": 6, ""quantity"": 219}]","[{""price"": 16.15, ""orders"": 5, ""quantity"": 20507}, {""price"": 16.45, ""orders"": 1, ""quantity"": 1}, {""price"": 16.79, ""orders"": 1, ""quantity"": 448}, {""price"": 0.0, ""orders"": 0, ""quantity"": 0}, {""price"": 0.0, ""orders"": 0, ""quantity"": 0}]"
2025-12-18 11:12:15.641737+05:30,137918212,MUDUNURU,16.79,13655,Thu Dec 18 10:15:00 IST 2025,13655,16.79,16.79,16.79,16.47,NULL,NULL,"[{""price"": 16.79, ""orders"": 17, ""quantity"": 2110}, {""price"": 16.51, ""orders"": 2, ""quantity"": 211}, {""price"": 16.47, ""orders"": 3, ""quantity"": 25}, {""price"": 16.15, ""orders"": 3, ""quantity"": 310}, {""price"": 0.0, ""orders"": 6, ""quantity"": 219}]","[{""price"": 16.15, ""orders"": 5, ""quantity"": 20507}, {""price"": 16.45, ""orders"": 1, ""quantity"": 1}, {""price"": 16.79, ""orders"": 1, ""quantity"": 448}, {""price"": 0.0, ""orders"": 0, ""quantity"": 0}, {""price"": 0.0, ""orders"": 0, ""quantity"": 0}]"
2025-12-18 11:12:16.916279+05:30,137918212,MUDUNURU,16.79,13655,Thu Dec 18 10:15:00 IST 2025,13655,16.79,16.79,16.79,16.47,NULL,NULL,"[{""price"": 16.79, ""orders"": 17, ""quantity"": 2110}, {""price"": 16.51, ""orders"": 2, ""quantity"": 211}, {""price"": 16.47, ""orders"": 3, ""quantity"": 25}, {""price"": 16.15, ""orders"": 3, ""quantity"": 310}, {""price"": 0.0, ""orders"": 6, ""quantity"": 219}]","[{""price"": 16.15, ""orders"": 5, ""quantity"": 20507}, {""price"": 16.45, ""orders"": 1, ""quantity"": 1}, {""price"": 16.79, ""orders"": 1, ""quantity"": 448}, {""price"": 0.0, ""orders"": 0, ""quantity"": 0}, {""price"": 0.0, ""orders"": 0, ""quantity"": 0}]"
2025-12-18 11:12:18.205327+05:30,137918212,MUDUNURU,16.79,13655,Thu Dec 18 10:15:00 IST 2025,13655,16.79,16.79,16.79,16.47,NULL,NULL,"[{""price"": 16.79, ""orders"": 17, ""quantity"": 2110}, {""price"": 16.51, ""orders"": 2, ""quantity"": 211}, {""price"": 16.47, ""orders"": 3, ""quantity"": 25}, {""price"": 16.15, ""orders"": 3, ""quantity"": 310}, {""price"": 0.0, ""orders"": 6, ""quantity"": 219}]","[{""price"": 16.15, ""orders"": 5, ""quantity"": 20507}, {""price"": 16.45, ""orders"": 1, ""quantity"": 1}, {""price"": 16.79, ""orders"": 1, ""quantity"": 448}, {""price"": 0.0, ""orders"": 0, ""quantity"": 0}, {""price"": 0.0, ""orders"": 0, ""quantity"": 0}]"
2025-12-18 11:12:19.590372+05:30,137918212,MUDUNURU,16.79,13655,Thu Dec 18 10:15:00 IST 2025,13655,16.79,16.79,16.79,16.47,NULL,NULL,"[{""price"": 16.79, ""orders"": 17, ""quantity"": 2110}, {""price"": 16.51, ""orders"": 2, ""quantity"": 211}, {""price"": 16.47, ""orders"": 3, ""quantity"": 25}, {""price"": 16.15, ""orders"": 3, ""quantity"": 310}, {""price"": 0.0, ""orders"": 6, ""quantity"": 219}]","[{""price"": 16.15, ""orders"": 5, ""quantity"": 20507}, {""price"": 16.45, ""orders"": 1, ""quantity"": 1}, {""price"": 16.79, ""orders"": 1, ""quantity"": 448}, {""price"": 0.0, ""orders"": 0, ""quantity"": 0}, {""price"": 0.0, ""orders"": 0, ""quantity"": 0}]"
2025-12-18 11:12:20.85752+05:30,137918212,MUDUNURU,16.79,13655,Thu Dec 18 10:15:00 IST 2025,13655,16.79,16.79,16.79,16.47,NULL,NULL,"[{""price"": 16.79, ""orders"": 17, ""quantity"": 2110}, {""price"": 16.51, ""orders"": 2, ""quantity"": 211}, {""price"": 16.47, ""orders"": 3, ""quantity"": 25}, {""price"": 16.15, ""orders"": 3, ""quantity"": 310}, {""price"": 0.0, ""orders"": 6, ""quantity"": 219}]","[{""price"": 16.15, ""orders"": 5, ""quantity"": 20507}, {""price"": 16.45, ""orders"": 1, ""quantity"": 1}, {""price"": 16.79, ""orders"": 1, ""quantity"": 448}, {""price"": 0.0, ""orders"": 0, ""quantity"": 0}, {""price"": 0.0, ""orders"": 0, ""quantity"": 0}]"
2025-12-18 11:12:22.161821+05:30,137918212,MUDUNURU,16.79,13655,Thu Dec 18 10:15:00 IST 2025,13655,16.79,16.79,16.79,16.47,NULL,NULL,"[{""price"": 16.79, ""orders"": 17, ""quantity"": 2110}, {""price"": 16.51, ""orders"": 2, ""quantity"": 211}, {""price"": 16.47, ""orders"": 3, ""quantity"": 25}, {""price"": 16.15, ""orders"": 3, ""quantity"": 310}, {""price"": 0.0, ""orders"": 6, ""quantity"": 219}]","[{""price"": 16.15, ""orders"": 5, ""quantity"": 20507}, {""price"": 16.45, ""orders"": 1, ""quantity"": 1}, {""price"": 16.79, ""orders"": 1, ""quantity"": 448}, {""price"": 0.0, ""orders"": 0, ""quantity"": 0}, {""price"": 0.0, ""orders"": 0, ""quantity"": 0}]"
2025-12-18 11:12:23.503228+05:30,137918212,MUDUNURU,16.79,13655,Thu Dec 18 10:15:00 IST 2025,13655,16.79,16.79,16.79,16.47,NULL,NULL,"[{""price"": 16.79, ""orders"": 17, ""quantity"": 2110}, {""price"": 16.51, ""orders"": 2, ""quantity"": 211}, {""price"": 16.47, ""orders"": 3, ""quantity"": 25}, {""price"": 16.15, ""orders"": 3, ""quantity"": 310}, {""price"": 0.0, ""orders"": 6, ""quantity"": 219}]","[{""price"": 16.15, ""orders"": 5, ""quantity"": 20507}, {""price"": 16.45, ""orders"": 1, ""quantity"": 1}, {""price"": 16.79, ""orders"": 1, ""quantity"": 448}, {""price"": 0.0, ""orders"": 0, ""quantity"": 0}, {""price"": 0.0, ""orders"": 0, ""quantity"": 0}]"
2025-12-18 11:12:24.834932+05:30,137918212,MUDUNURU,16.79,13655,Thu Dec 18 10:15:00 IST 2025,13655,16.79,16.79,16.79,16.47,NULL,NULL,"[{""price"": 16.79, ""orders"": 17, ""quantity"": 2110}, {""price"": 16.51, ""orders"": 2, ""quantity"": 211}, {""price"": 16.47, ""orders"": 3, ""quantity"": 25}, {""price"": 16.15, ""orders"": 3, ""quantity"": 310}, {""price"": 0.0, ""orders"": 6, ""quantity"": 219}]","[{""price"": 16.15, ""orders"": 5, ""quantity"": 20507}, {""price"": 16.45, ""orders"": 1, ""quantity"": 1}, {""price"": 16.79, ""orders"": 1, ""quantity"": 448}, {""price"": 0.0, ""orders"": 0, ""quantity"": 0}, {""price"": 0.0, ""orders"": 0, ""quantity"": 0}]"
2025-12-18 11:12:26.251332+05:30,137918212,MUDUNURU,16.79,13655,Thu Dec 18 10:15:00 IST 2025,13655,16.79,16.79,16.79,16.47,NULL,NULL,"[{""price"": 16.79, ""orders"": 17, ""quantity"": 2110}, {""price"": 16.51, ""orders"": 2, ""quantity"": 211}, {""price"": 16.47, ""orders"": 3, ""quantity"": 25}, {""price"": 16.15, ""orders"": 3, ""quantity"": 310}, {""price"": 0.0, ""orders"": 6, ""quantity"": 219}]","[{""price"": 16.15, ""orders"": 5, ""quantity"": 20507}, {""price"": 16.45, ""orders"": 1, ""quantity"": 1}, {""price"": 16.79, ""orders"": 1, ""quantity"": 448}, {""price"": 0.0, ""orders"": 0, ""quantity"": 0}, {""price"": 0.0, ""orders"": 0, ""quantity"": 0}]"
2025-12-18 11:12:27.605898+05:30,137918212,MUDUNURU,16.79,13655,Thu Dec 18 10:15:00 IST 2025,13655,16.79,16.79,16.79,16.47,NULL,NULL,"[{""price"": 16.79, ""orders"": 17, ""quantity"": 2110}, {""price"": 16.51, ""orders"": 2, ""quantity"": 211}, {""price"": 16.47, ""orders"": 3, ""quantity"": 25}, {""price"": 16.15, ""orders"": 3, ""quantity"": 310}, {""price"": 0.0, ""orders"": 6, ""quantity"": 219}]","[{""price"": 16.15, ""orders"": 5, ""quantity"": 20507}, {""price"": 16.45, ""orders"": 1, ""quantity"": 1}, {""price"": 16.79, ""orders"": 1, ""quantity"": 448}, {""price"": 0.0, ""orders"": 0, ""quantity"": 0}, {""price"": 0.0, ""orders"": 0, ""quantity"": 0}]"
2025-12-18 11:12:29.067527+05:30,137918212,MUDUNURU,16.79,13655,Thu Dec 18 10:15:00 IST 2025,13655,16.79,16.79,16.79,16.47,NULL,NULL,"[{""price"": 16.79, ""orders"": 17, ""quantity"": 2110}, {""price"": 16.51, ""orders"": 2, ""quantity"": 211}, {""price"": 16.47, ""orders"": 3, ""quantity"": 25}, {""price"": 16.15, ""orders"": 3, ""quantity"": 310}, {""price"": 0.0, ""orders"": 6, ""quantity"": 219}]","[{""price"": 16.15, ""orders"": 5, ""quantity"": 20507}, {""price"": 16.45, ""orders"": 1, ""quantity"": 1}, {""price"": 16.79, ""orders"": 1, ""quantity"": 448}, {""price"": 0.0, ""orders"": 0, ""quantity"": 0}, {""price"": 0.0, ""orders"": 0, ""quantity"": 0}]"
2025-12-18 11:12:30.464511+05:30,137918212,MUDUNURU,16.79,13655,Thu Dec 18 10:15:00 IST 2025,13655,16.79,16.79,16.79,16.47,NULL,NULL,"[{""price"": 16.79, ""orders"": 17, ""quantity"": 2110}, {""price"": 16.51, ""orders"": 2, ""quantity"": 211}, {""price"": 16.47, ""orders"": 3, ""quantity"": 25}, {""price"": 16.15, ""orders"": 3, ""quantity"": 310}, {""price"": 0.0, ""orders"": 6, ""quantity"": 219}]","[{""price"": 16.15, ""orders"": 5, ""quantity"": 20507}, {""price"": 16.45, ""orders"": 1, ""quantity"": 1}, {""price"": 16.79, ""orders"": 1, ""quantity"": 448}, {""price"": 0.0, ""orders"": 0, ""quantity"": 0}, {""price"": 0.0, ""orders"": 0, ""quantity"": 0}]"
2025-12-18 11:12:31.746553+05:30,137918212,MUDUNURU,16.79,13655,Thu Dec 18 10:15:00 IST 2025,13655,16.79,16.79,16.79,16.47,NULL,NULL,"[{""price"": 16.79, ""orders"": 17, ""quantity"": 2110}, {""price"": 16.51, ""orders"": 2, ""quantity"": 211}, {""price"": 16.47, ""orders"": 3, ""quantity"": 25}, {""price"": 16.15, ""orders"": 3, ""quantity"": 310}, {""price"": 0.0, ""orders"": 6, ""quantity"": 219}]","[{""price"": 16.15, ""orders"": 5, ""quantity"": 20507}, {""price"": 16.45, ""orders"": 1, ""quantity"": 1}, {""price"": 16.79, ""orders"": 1, ""quantity"": 448}, {""price"": 0.0, ""orders"": 0, ""quantity"": 0}, {""price"": 0.0, ""orders"": 0, ""quantity"": 0}]"
2025-12-18 11:12:33.20997+05:30,137918212,MUDUNURU,16.79,13655,Thu Dec 18 10:15:00 IST 2025,13655,16.79,16.79,16.79,16.47,NULL,NULL,"[{""price"": 16.79, ""orders"": 17, ""quantity"": 2110}, {""price"": 16.51, ""orders"": 2, ""quantity"": 211}, {""price"": 16.47, ""orders"": 3, ""quantity"": 25}, {""price"": 16.15, ""orders"": 3, ""quantity"": 310}, {""price"": 0.0, ""orders"": 6, ""quantity"": 219}]","[{""price"": 16.15, ""orders"": 5, ""quantity"": 20507}, {""price"": 16.45, ""orders"": 1, ""quantity"": 1}, {""price"": 16.79, ""orders"": 1, ""quantity"": 448}, {""price"": 0.0, ""orders"": 0, ""quantity"": 0}, {""price"": 0.0, ""orders"": 0, ""quantity"": 0}]"
2025-12-18 11:12:34.515078+05:30,137918212,MUDUNURU,16.79,13655,Thu Dec 18 10:15:00 IST 2025,13655,16.79,16.79,16.79,16.47,NULL,NULL,"[{""price"": 16.79, ""orders"": 17, ""quantity"": 2110}, {""price"": 16.51, ""orders"": 2, ""quantity"": 211}, {""price"": 16.47, ""orders"": 3, ""quantity"": 25}, {""price"": 16.15, ""orders"": 3, ""quantity"": 310}, {""price"": 0.0, ""orders"": 6, ""quantity"": 219}]","[{""price"": 16.15, ""orders"": 5, ""quantity"": 20507}, {""price"": 16.45, ""orders"": 1, ""quantity"": 1}, {""price"": 16.79, ""orders"": 1, ""quantity"": 448}, {""price"": 0.0, ""orders"": 0, ""quantity"": 0}, {""price"": 0.0, ""orders"": 0, ""quantity"": 0}]"
2025-12-18 11:12:35.899048+05:30,137918212,MUDUNURU,16.79,13655,Thu Dec 18 10:15:00 IST 2025,13655,16.79,16.79,16.79,16.47,NULL,NULL,"[{""price"": 16.79, ""orders"": 17, ""quantity"": 2110}, {""price"": 16.51, ""orders"": 2, ""quantity"": 211}, {""price"": 16.47, ""orders"": 3, ""quantity"": 25}, {""price"": 16.15, ""orders"": 3, ""quantity"": 310}, {""price"": 0.0, ""orders"": 6, ""quantity"": 219}]","[{""price"": 16.15, ""orders"": 5, ""quantity"": 20507}, {""price"": 16.45, ""orders"": 1, ""quantity"": 1}, {""price"": 16.79, ""orders"": 1, ""quantity"": 448}, {""price"": 0.0, ""orders"": 0, ""quantity"": 0}, {""price"": 0.0, ""orders"": 0, ""quantity"": 0}]"
2025-12-18 11:12:37.227907+05:30,137918212,MUDUNURU,16.79,13655,Thu Dec 18 10:15:00 IST 2025,13655,16.79,16.79,16.79,16.47,NULL,NULL,"[{""price"": 16.79, ""orders"": 17, ""quantity"": 2110}, {""price"": 16.51, ""orders"": 2, ""quantity"": 211}, {""price"": 16.47, ""orders"": 3, ""quantity"": 25}, {""price"": 16.15, ""orders"": 3, ""quantity"": 310}, {""price"": 0.0, ""orders"": 6, ""quantity"": 219}]","[{""price"": 16.15, ""orders"": 5, ""quantity"": 20507}, {""price"": 16.45, ""orders"": 1, ""quantity"": 1}, {""price"": 16.79, ""orders"": 1, ""quantity"": 448}, {""price"": 0.0, ""orders"": 0, ""quantity"": 0}, {""price"": 0.0, ""orders"": 0, ""quantity"": 0}]"
2025-12-18 11:12:38.565284+05:30,137918212,MUDUNURU,16.79,13655,Thu Dec 18 10:15:00 IST 2025,13655,16.79,16.79,16.79,16.47,NULL,NULL,"[{""price"": 16.79, ""orders"": 17, ""quantity"": 2110}, {""price"": 16.51, ""orders"": 2, ""quantity"": 211}, {""price"": 16.47, ""orders"": 3, ""quantity"": 25}, {""price"": 16.15, ""orders"": 3, ""quantity"": 310}, {""price"": 0.0, ""orders"": 6, ""quantity"": 219}]","[{""price"": 16.15, ""orders"": 5, ""quantity"": 20507}, {""price"": 16.45, ""orders"": 1, ""quantity"": 1}, {""price"": 16.79, ""orders"": 1, ""quantity"": 448}, {""price"": 0.0, ""orders"": 0, ""quantity"": 0}, {""price"": 0.0, ""orders"": 0, ""quantity"": 0}]"
2025-12-18 11:12:39.96431+05:30,137918212,MUDUNURU,16.79,13655,Thu Dec 18 10:15:00 IST 2025,13655,16.79,16.79,16.79,16.47,NULL,NULL,"[{""price"": 16.79, ""orders"": 17, ""quantity"": 2110}, {""price"": 16.51, ""orders"": 2, ""quantity"": 211}, {""price"": 16.47, ""orders"": 3, ""quantity"": 25}, {""price"": 16.15, ""orders"": 3, ""quantity"": 310}, {""price"": 0.0, ""orders"": 6, ""quantity"": 219}]","[{""price"": 16.15, ""orders"": 5, ""quantity"": 20507}, {""price"": 16.45, ""orders"": 1, ""quantity"": 1}, {""price"": 16.79, ""orders"": 1, ""quantity"": 448}, {""price"": 0.0, ""orders"": 0, ""quantity"": 0}, {""price"": 0.0, ""orders"": 0, ""quantity"": 0}]"
2025-12-18 11:12:41.298553+05:30,137918212,MUDUNURU,16.79,13655,Thu Dec 18 10:15:00 IST 2025,13655,16.79,16.79,16.79,16.47,NULL,NULL,"[{""price"": 16.79, ""orders"": 17, ""quantity"": 2110}, {""price"": 16.51, ""orders"": 2, ""quantity"": 211}, {""price"": 16.47, ""orders"": 3, ""quantity"": 25}, {""price"": 16.15, ""orders"": 3, ""quantity"": 310}, {""price"": 0.0, ""orders"": 6, ""quantity"": 219}]","[{""price"": 16.15, ""orders"": 5, ""quantity"": 20507}, {""price"": 16.45, ""orders"": 1, ""quantity"": 1}, {""price"": 16.79, ""orders"": 1, ""quantity"": 448}, {""price"": 0.0, ""orders"": 0, ""quantity"": 0}, {""price"": 0.0, ""orders"": 0, ""quantity"": 0}]"
2025-12-18 11:12:42.615413+05:30,137918212,MUDUNURU,16.79,13655,Thu Dec 18 10:15:00 IST 2025,13655,16.79,16.79,16.79,16.47,NULL,NULL,"[{""price"": 16.79, ""orders"": 17, ""quantity"": 2110}, {""price"": 16.51, ""orders"": 2, ""quantity"": 211}, {""price"": 16.47, ""orders"": 3, ""quantity"": 25}, {""price"": 16.15, ""orders"": 3, ""quantity"": 310}, {""price"": 0.0, ""orders"": 6, ""quantity"": 219}]","[{""price"": 16.15, ""orders"": 5, ""quantity"": 20507}, {""price"": 16.45, ""orders"": 1, ""quantity"": 1}, {""price"": 16.79, ""orders"": 1, ""quantity"": 448}, {""price"": 0.0, ""orders"": 0, ""quantity"": 0}, {""price"": 0.0, ""orders"": 0, ""quantity"": 0}]"
2025-12-18 11:12:43.96461+05:30,137918212,MUDUNURU,16.79,13655,Thu Dec 18 10:15:00 IST 2025,13655,16.79,16.79,16.79,16.47,NULL,NULL,"[{""price"": 16.79, ""orders"": 17, ""quantity"": 2110}, {""price"": 16.51, ""orders"": 2, ""quantity"": 211}, {""price"": 16.47, ""orders"": 3, ""quantity"": 25}, {""price"": 16.15, ""orders"": 3, ""quantity"": 310}, {""price"": 0.0, ""orders"": 6, ""quantity"": 219}]","[{""price"": 16.15, ""orders"": 5, ""quantity"": 20507}, {""price"": 16.45, ""orders"": 1, ""quantity"": 1}, {""price"": 16.79, ""orders"": 1, ""quantity"": 448}, {""price"": 0.0, ""orders"": 0, ""quantity"": 0}, {""price"": 0.0, ""orders"": 0, ""quantity"": 0}]"
2025-12-18 11:12:45.269322+05:30,137918212,MUDUNURU,16.79,13655,Thu Dec 18 10:15:00 IST 2025,13655,16.79,16.79,16.79,16.47,NULL,NULL,"[{""price"": 16.79, ""orders"": 17, ""quantity"": 2110}, {""price"": 16.51, ""orders"": 2, ""quantity"": 211}, {""price"": 16.47, ""orders"": 3, ""quantity"": 25}, {""price"": 16.15, ""orders"": 3, ""quantity"": 310}, {""price"": 0.0, ""orders"": 6, ""quantity"": 219}]","[{""price"": 16.15, ""orders"": 5, ""quantity"": 20507}, {""price"": 16.45, ""orders"": 1, ""quantity"": 1}, {""price"": 16.79, ""orders"": 1, ""quantity"": 448}, {""price"": 0.0, ""orders"": 0, ""quantity"": 0}, {""price"": 0.0, ""orders"": 0, ""quantity"": 0}]"
2025-12-18 11:12:46.59813+05:30,137918212,MUDUNURU,16.79,13655,Thu Dec 18 10:15:00 IST 2025,13655,16.79,16.79,16.79,16.47,NULL,NULL,"[{""price"": 16.79, ""orders"": 17, ""quantity"": 2110}, {""price"": 16.51, ""orders"": 2, ""quantity"": 211}, {""price"": 16.47, ""orders"": 3, ""quantity"": 25}, {""price"": 16.15, ""orders"": 3, ""quantity"": 310}, {""price"": 0.0, ""orders"": 6, ""quantity"": 219}]","[{""price"": 16.15, ""orders"": 5, ""quantity"": 20507}, {""price"": 16.45, ""orders"": 1, ""quantity"": 1}, {""price"": 16.79, ""orders"": 1, ""quantity"": 448}, {""price"": 0.0, ""orders"": 0, ""quantity"": 0}, {""price"": 0.0, ""orders"": 0, ""quantity"": 0}]"
2025-12-18 11:12:47.908343+05:30,137918212,MUDUNURU,16.79,13655,Thu Dec 18 10:15:00 IST 2025,13655,16.79,16.79,16.79,16.47,16.15,16.79,"[{""price"": 16.79, ""orders"": 17, ""quantity"": 2110}, {""price"": 16.51, ""orders"": 2, ""quantity"": 211}, {""price"": 16.47, ""orders"": 3, ""quantity"": 25}, {""price"": 16.15, ""orders"": 3, ""quantity"": 310}, {""price"": 0.0, ""orders"": 6, ""quantity"": 219}]","[{""price"": 16.15, ""orders"": 5, ""quantity"": 20507}, {""price"": 16.45, ""orders"": 1, ""quantity"": 1}, {""price"": 16.79, ""orders"": 1, ""quantity"": 448}, {""price"": 0.0, ""orders"": 0, ""quantity"": 0}, {""price"": 0.0, ""orders"": 0, ""quantity"": 0}]"
2025-12-18 11:12:49.348593+05:30,137918212,MUDUNURU,16.79,13655,Thu Dec 18 10:15:00 IST 2025,13655,16.79,16.79,16.79,16.47,NULL,NULL,"[{""price"": 16.79, ""orders"": 17, ""quantity"": 2110}, {""price"": 16.51, ""orders"": 2, ""quantity"": 211}, {""price"": 16.47, ""orders"": 3, ""quantity"": 25}, {""price"": 16.15, ""orders"": 3, ""quantity"": 310}, {""price"": 0.0, ""orders"": 6, ""quantity"": 219}]","[{""price"": 16.15, ""orders"": 5, ""quantity"": 20507}, {""price"": 16.45, ""orders"": 1, ""quantity"": 1}, {""price"": 16.79, ""orders"": 1, ""quantity"": 448}, {""price"": 0.0, ""orders"": 0, ""quantity"": 0}, {""price"": 0.0, ""orders"": 0, ""quantity"": 0}]"
2025-12-18 11:12:50.614195+05:30,137918212,MUDUNURU,16.79,13655,Thu Dec 18 10:15:00 IST 2025,13655,16.79,16.79,16.79,16.47,NULL,NULL,"[{""price"": 16.79, ""orders"": 17, ""quantity"": 2110}, {""price"": 16.51, ""orders"": 2, ""quantity"": 211}, {""price"": 16.47, ""orders"": 3, ""quantity"": 25}, {""price"": 16.15, ""orders"": 3, ""quantity"": 310}, {""price"": 0.0, ""orders"": 6, ""quantity"": 219}]","[{""price"": 16.15, ""orders"": 5, ""quantity"": 20507}, {""price"": 16.45, ""orders"": 1, ""quantity"": 1}, {""price"": 16.79, ""orders"": 1, ""quantity"": 448}, {""price"": 0.0, ""orders"": 0, ""quantity"": 0}, {""price"": 0.0, ""orders"": 0, ""quantity"": 0}]"
2025-12-18 11:12:51.942196+05:30,137918212,MUDUNURU,16.79,13655,Thu Dec 18 10:15:00 IST 2025,13655,16.79,16.79,16.79,16.47,NULL,NULL,"[{""price"": 16.79, ""orders"": 17, ""quantity"": 2110}, {""price"": 16.51, ""orders"": 2, ""quantity"": 211}, {""price"": 16.47, ""orders"": 3, ""quantity"": 25}, {""price"": 16.15, ""orders"": 3, ""quantity"": 310}, {""price"": 0.0, ""orders"": 6, ""quantity"": 219}]","[{""price"": 16.15, ""orders"": 5, ""quantity"": 20507}, {""price"": 16.45, ""orders"": 1, ""quantity"": 1}, {""price"": 16.79, ""orders"": 1, ""quantity"": 448}, {""price"": 0.0, ""orders"": 0, ""quantity"": 0}, {""price"": 0.0, ""orders"": 0, ""quantity"": 0}]"
2025-12-18 11:12:53.250159+05:30,137918212,MUDUNURU,16.79,13655,Thu Dec 18 10:15:00 IST 2025,13655,16.79,16.79,16.79,16.47,NULL,NULL,"[{""price"": 16.79, ""orders"": 17, ""quantity"": 2110}, {""price"": 16.51, ""orders"": 2, ""quantity"": 211}, {""price"": 16.47, ""orders"": 3, ""quantity"": 25}, {""price"": 16.15, ""orders"": 3, ""quantity"": 310}, {""price"": 0.0, ""orders"": 6, ""quantity"": 219}]","[{""price"": 16.15, ""orders"": 5, ""quantity"": 20507}, {""price"": 16.45, ""orders"": 1, ""quantity"": 1}, {""price"": 16.79, ""orders"": 1, ""quantity"": 448}, {""price"": 0.0, ""orders"": 0, ""quantity"": 0}, {""price"": 0.0, ""orders"": 0, ""quantity"": 0}]"
2025-12-18 11:12:54.648913+05:30,137918212,MUDUNURU,16.79,13655,Thu Dec 18 10:15:00 IST 2025,13655,16.79,16.79,16.79,16.47,NULL,NULL,"[{""price"": 16.79, ""orders"": 17, ""quantity"": 2110}, {""price"": 16.51, ""orders"": 2, ""quantity"": 211}, {""price"": 16.47, ""orders"": 3, ""quantity"": 25}, {""price"": 16.15, ""orders"": 3, ""quantity"": 310}, {""price"": 0.0, ""orders"": 6, ""quantity"": 219}]","[{""price"": 16.15, ""orders"": 5, ""quantity"": 20507}, {""price"": 16.45, ""orders"": 1, ""quantity"": 1}, {""price"": 16.79, ""orders"": 1, ""quantity"": 448}, {""price"": 0.0, ""orders"": 0, ""quantity"": 0}, {""price"": 0.0, ""orders"": 0, ""quantity"": 0}]"
2025-12-18 11:12:56.046458+05:30,137918212,MUDUNURU,16.79,13655,Thu Dec 18 10:15:00 IST 2025,13655,16.79,16.79,16.79,16.47,NULL,NULL,"[{""price"": 16.79, ""orders"": 17, ""quantity"": 2110}, {""price"": 16.51, ""orders"": 2, ""quantity"": 211}, {""price"": 16.47, ""orders"": 3, ""quantity"": 25}, {""price"": 16.15, ""orders"": 3, ""quantity"": 310}, {""price"": 0.0, ""orders"": 6, ""quantity"": 219}]","[{""price"": 16.15, ""orders"": 5, ""quantity"": 20507}, {""price"": 16.45, ""orders"": 1, ""quantity"": 1}, {""price"": 16.79, ""orders"": 1, ""quantity"": 448}, {""price"": 0.0, ""orders"": 0, ""quantity"": 0}, {""price"": 0.0, ""orders"": 0, ""quantity"": 0}]"
2025-12-18 11:12:57.452468+05:30,137918212,MUDUNURU,16.79,13655,Thu Dec 18 10:15:00 IST 2025,13655,16.79,16.79,16.79,16.47,NULL,NULL,"[{""price"": 16.79, ""orders"": 17, ""quantity"": 2110}, {""price"": 16.51, ""orders"": 2, ""quantity"": 211}, {""price"": 16.47, ""orders"": 3, ""quantity"": 25}, {""price"": 16.15, ""orders"": 3, ""quantity"": 310}, {""price"": 0.0, ""orders"": 6, ""quantity"": 219}]","[{""price"": 16.15, ""orders"": 5, ""quantity"": 20507}, {""price"": 16.45, ""orders"": 1, ""quantity"": 1}, {""price"": 16.79, ""orders"": 1, ""quantity"": 448}, {""price"": 0.0, ""orders"": 0, ""quantity"": 0}, {""price"": 0.0, ""orders"": 0, ""quantity"": 0}]"
2025-12-18 11:12:58.766667+05:30,137918212,MUDUNURU,16.79,13655,Thu Dec 18 10:15:00 IST 2025,13655,16.79,16.79,16.79,16.47,NULL,NULL,"[{""price"": 16.79, ""orders"": 17, ""quantity"": 2110}, {""price"": 16.51, ""orders"": 2, ""quantity"": 211}, {""price"": 16.47, ""orders"": 3, ""quantity"": 25}, {""price"": 16.15, ""orders"": 3, ""quantity"": 310}, {""price"": 0.0, ""orders"": 6, ""quantity"": 219}]","[{""price"": 16.15, ""orders"": 5, ""quantity"": 20507}, {""price"": 16.45, ""orders"": 1, ""quantity"": 1}, {""price"": 16.79, ""orders"": 1, ""quantity"": 448}, {""price"": 0.0, ""orders"": 0, ""quantity"": 0}, {""price"": 0.0, ""orders"": 0, ""quantity"": 0}]"
2025-12-18 11:13:00.029369+05:30,137918212,MUDUNURU,16.79,13655,Thu Dec 18 10:15:00 IST 2025,13655,16.79,16.79,16.79,16.47,NULL,NULL,"[{""price"": 16.79, ""orders"": 17, ""quantity"": 2110}, {""price"": 16.51, ""orders"": 2, ""quantity"": 211}, {""price"": 16.47, ""orders"": 3, ""quantity"": 25}, {""price"": 16.15, ""orders"": 3, ""quantity"": 310}, {""price"": 0.0, ""orders"": 6, ""quantity"": 219}]","[{""price"": 16.15, ""orders"": 5, ""quantity"": 20507}, {""price"": 16.45, ""orders"": 1, ""quantity"": 1}, {""price"": 16.79, ""orders"": 1, ""quantity"": 448}, {""price"": 0.0, ""orders"": 0, ""quantity"": 0}, {""price"": 0.0, ""orders"": 0, ""quantity"": 0}]"
2025-12-18 11:13:01.349701+05:30,137918212,MUDUNURU,16.79,13655,Thu Dec 18 10:15:00 IST 2025,13655,16.79,16.79,16.79,16.47,NULL,NULL,"[{""price"": 16.79, ""orders"": 17, ""quantity"": 2110}, {""price"": 16.51, ""orders"": 2, ""quantity"": 211}, {""price"": 16.47, ""orders"": 3, ""quantity"": 25}, {""price"": 16.15, ""orders"": 3, ""quantity"": 310}, {""price"": 0.0, ""orders"": 6, ""quantity"": 219}]","[{""price"": 16.15, ""orders"": 5, ""quantity"": 20507}, {""price"": 16.45, ""orders"": 1, ""quantity"": 1}, {""price"": 16.79, ""orders"": 1, ""quantity"": 448}, {""price"": 0.0, ""orders"": 0, ""quantity"": 0}, {""price"": 0.0, ""orders"": 0, ""quantity"": 0}]"
2025-12-18 11:13:02.749773+05:30,137918212,MUDUNURU,16.79,13655,Thu Dec 18 10:15:00 IST 2025,13655,16.79,16.79,16.79,16.47,NULL,NULL,"[{""price"": 16.79, ""orders"": 17, ""quantity"": 2110}, {""price"": 16.51, ""orders"": 2, ""quantity"": 211}, {""price"": 16.47, ""orders"": 3, ""quantity"": 25}, {""price"": 16.15, ""orders"": 3, ""quantity"": 310}, {""price"": 0.0, ""orders"": 6, ""quantity"": 219}]","[{""price"": 16.15, ""orders"": 5, ""quantity"": 20507}, {""price"": 16.45, ""orders"": 1, ""quantity"": 1}, {""price"": 16.79, ""orders"": 1, ""quantity"": 448}, {""price"": 0.0, ""orders"": 0, ""quantity"": 0}, {""price"": 0.0, ""orders"": 0, ""quantity"": 0}]"
2025-12-18 11:13:04.109294+05:30,137918212,MUDUNURU,16.79,13655,Thu Dec 18 10:15:00 IST 2025,13655,16.79,16.79,16.79,16.47,NULL,NULL,"[{""price"": 16.79, ""orders"": 17, ""quantity"": 2110}, {""price"": 16.51, ""orders"": 2, ""quantity"": 211}, {""price"": 16.47, ""orders"": 3, ""quantity"": 25}, {""price"": 16.15, ""orders"": 3, ""quantity"": 310}, {""price"": 0.0, ""orders"": 6, ""quantity"": 219}]","[{""price"": 16.15, ""orders"": 5, ""quantity"": 20507}, {""price"": 16.45, ""orders"": 1, ""quantity"": 1}, {""price"": 16.79, ""orders"": 1, ""quantity"": 448}, {""price"": 0.0, ""orders"": 0, ""quantity"": 0}, {""price"": 0.0, ""orders"": 0, ""quantity"": 0}]"
2025-12-18 11:13:05.336785+05:30,137918212,MUDUNURU,16.79,13655,Thu Dec 18 10:15:00 IST 2025,13655,16.79,16.79,16.79,16.47,16.15,16.79,"[{""price"": 16.79, ""orders"": 17, ""quantity"": 2110}, {""price"": 16.51, ""orders"": 2, ""quantity"": 211}, {""price"": 16.47, ""orders"": 3, ""quantity"": 25}, {""price"": 16.15, ""orders"": 3, ""quantity"": 310}, {""price"": 0.0, ""orders"": 6, ""quantity"": 219}]","[{""price"": 16.15, ""orders"": 5, ""quantity"": 20507}, {""price"": 16.45, ""orders"": 1, ""quantity"": 1}, {""price"": 16.79, ""orders"": 1, ""quantity"": 448}, {""price"": 0.0, ""orders"": 0, ""quantity"": 0}, {""price"": 0.0, ""orders"": 0, ""quantity"": 0}]"
2025-12-18 11:13:06.601006+05:30,137918212,MUDUNURU,16.79,13655,Thu Dec 18 10:15:00 IST 2025,13655,16.79,16.79,16.79,16.47,16.15,16.79,"[{""price"": 16.79, ""orders"": 17, ""quantity"": 2110}, {""price"": 16.51, ""orders"": 2, ""quantity"": 211}, {""price"": 16.47, ""orders"": 3, ""quantity"": 25}, {""price"": 16.15, ""orders"": 3, ""quantity"": 310}, {""price"": 0.0, ""orders"": 6, ""quantity"": 219}]","[{""price"": 16.15, ""orders"": 5, ""quantity"": 20507}, {""price"": 16.45, ""orders"": 1, ""quantity"": 1}, {""price"": 16.79, ""orders"": 1, ""quantity"": 448}, {""price"": 0.0, ""orders"": 0, ""quantity"": 0}, {""price"": 0.0, ""orders"": 0, ""quantity"": 0}]"
2025-12-18 11:13:08.127578+05:30,137918212,MUDUNURU,16.79,13655,Thu Dec 18 10:15:00 IST 2025,13655,16.79,16.79,16.79,16.47,NULL,NULL,"[{""price"": 16.79, ""orders"": 17, ""quantity"": 2110}, {""price"": 16.51, ""orders"": 2, ""quantity"": 211}, {""price"": 16.47, ""orders"": 3, ""quantity"": 25}, {""price"": 16.15, ""orders"": 3, ""quantity"": 310}, {""price"": 0.0, ""orders"": 6, ""quantity"": 219}]","[{""price"": 16.15, ""orders"": 5, ""quantity"": 20507}, {""price"": 16.45, ""orders"": 1, ""quantity"": 1}, {""price"": 16.79, ""orders"": 1, ""quantity"": 448}, {""price"": 0.0, ""orders"": 0, ""quantity"": 0}, {""price"": 0.0, ""orders"": 0, ""quantity"": 0}]"
2025-12-18 11:13:09.442146+05:30,137918212,MUDUNURU,16.79,13655,Thu Dec 18 10:15:00 IST 2025,13655,16.79,16.79,16.79,16.47,NULL,NULL,"[{""price"": 16.79, ""orders"": 17, ""quantity"": 2110}, {""price"": 16.51, ""orders"": 2, ""quantity"": 211}, {""price"": 16.47, ""orders"": 3, ""quantity"": 25}, {""price"": 16.15, ""orders"": 3, ""quantity"": 310}, {""price"": 0.0, ""orders"": 6, ""quantity"": 219}]","[{""price"": 16.15, ""orders"": 5, ""quantity"": 20507}, {""price"": 16.45, ""orders"": 1, ""quantity"": 1}, {""price"": 16.79, ""orders"": 1, ""quantity"": 448}, {""price"": 0.0, ""orders"": 0, ""quantity"": 0}, {""price"": 0.0, ""orders"": 0, ""quantity"": 0}]"
2025-12-18 11:13:10.82119+05:30,137918212,MUDUNURU,16.79,13655,Thu Dec 18 10:15:00 IST 2025,13655,16.79,16.79,16.79,16.47,NULL,NULL,"[{""price"": 16.79, ""orders"": 17, ""quantity"": 2110}, {""price"": 16.51, ""orders"": 2, ""quantity"": 211}, {""price"": 16.47, ""orders"": 3, ""quantity"": 25}, {""price"": 16.15, ""orders"": 3, ""quantity"": 310}, {""price"": 0.0, ""orders"": 6, ""quantity"": 219}]","[{""price"": 16.15, ""orders"": 5, ""quantity"": 20507}, {""price"": 16.45, ""orders"": 1, ""quantity"": 1}, {""price"": 16.79, ""orders"": 1, ""quantity"": 448}, {""price"": 0.0, ""orders"": 0, ""quantity"": 0}, {""price"": 0.0, ""orders"": 0, ""quantity"": 0}]"
2025-12-18 11:13:12.154705+05:30,137918212,MUDUNURU,16.79,13655,Thu Dec 18 10:15:00 IST 2025,13655,16.79,16.79,16.79,16.47,NULL,NULL,"[{""price"": 16.79, ""orders"": 17, ""quantity"": 2110}, {""price"": 16.51, ""orders"": 2, ""quantity"": 211}, {""price"": 16.47, ""orders"": 3, ""quantity"": 25}, {""price"": 16.15, ""orders"": 3, ""quantity"": 310}, {""price"": 0.0, ""orders"": 6, ""quantity"": 219}]","[{""price"": 16.15, ""orders"": 5, ""quantity"": 20507}, {""price"": 16.45, ""orders"": 1, ""quantity"": 1}, {""price"": 16.79, ""orders"": 1, ""quantity"": 448}, {""price"": 0.0, ""orders"": 0, ""quantity"": 0}, {""price"": 0.0, ""orders"": 0, ""quantity"": 0}]"
2025-12-18 11:13:13.692865+05:30,137918212,MUDUNURU,16.79,13655,Thu Dec 18 10:15:00 IST 2025,13655,16.79,16.79,16.79,16.47,NULL,NULL,"[{""price"": 16.79, ""orders"": 17, ""quantity"": 2110}, {""price"": 16.51, ""orders"": 2, ""quantity"": 211}, {""price"": 16.47, ""orders"": 3, ""quantity"": 25}, {""price"": 16.15, ""orders"": 3, ""quantity"": 310}, {""price"": 0.0, ""orders"": 6, ""quantity"": 219}]","[{""price"": 16.15, ""orders"": 5, ""quantity"": 20507}, {""price"": 16.45, ""orders"": 1, ""quantity"": 1}, {""price"": 16.79, ""orders"": 1, ""quantity"": 448}, {""price"": 0.0, ""orders"": 0, ""quantity"": 0}, {""price"": 0.0, ""orders"": 0, ""quantity"": 0}]"
2025-12-18 11:13:15.006052+05:30,137918212,MUDUNURU,16.79,13655,Thu Dec 18 10:15:00 IST 2025,13655,16.79,16.79,16.79,16.47,NULL,NULL,"[{""price"": 16.79, ""orders"": 17, ""quantity"": 2110}, {""price"": 16.51, ""orders"": 2, ""quantity"": 211}, {""price"": 16.47, ""orders"": 3, ""quantity"": 25}, {""price"": 16.15, ""orders"": 3, ""quantity"": 310}, {""price"": 0.0, ""orders"": 6, ""quantity"": 219}]","[{""price"": 16.15, ""orders"": 5, ""quantity"": 20507}, {""price"": 16.45, ""orders"": 1, ""quantity"": 1}, {""price"": 16.79, ""orders"": 1, ""quantity"": 448}, {""price"": 0.0, ""orders"": 0, ""quantity"": 0}, {""price"": 0.0, ""orders"": 0, ""quantity"": 0}]"
2025-12-18 11:13:16.271113+05:30,137918212,MUDUNURU,16.79,13655,Thu Dec 18 10:15:00 IST 2025,13655,16.79,16.79,16.79,16.47,NULL,NULL,"[{""price"": 16.79, ""orders"": 17, ""quantity"": 2110}, {""price"": 16.51, ""orders"": 2, ""quantity"": 211}, {""price"": 16.47, ""orders"": 3, ""quantity"": 25}, {""price"": 16.15, ""orders"": 3, ""quantity"": 310}, {""price"": 0.0, ""orders"": 6, ""quantity"": 219}]","[{""price"": 16.15, ""orders"": 5, ""quantity"": 20507}, {""price"": 16.45, ""orders"": 1, ""quantity"": 1}, {""price"": 16.79, ""orders"": 1, ""quantity"": 448}, {""price"": 0.0, ""orders"": 0, ""quantity"": 0}, {""price"": 0.0, ""orders"": 0, ""quantity"": 0}]"
2025-12-18 11:13:17.586404+05:30,137918212,MUDUNURU,16.79,13655,Thu Dec 18 10:15:00 IST 2025,13655,16.79,16.79,16.79,16.47,NULL,NULL,"[{""price"": 16.79, ""orders"": 17, ""quantity"": 2110}, {""price"": 16.51, ""orders"": 2, ""quantity"": 211}, {""price"": 16.47, ""orders"": 3, ""quantity"": 25}, {""price"": 16.15, ""orders"": 3, ""quantity"": 310}, {""price"": 0.0, ""orders"": 6, ""quantity"": 219}]","[{""price"": 16.15, ""orders"": 5, ""quantity"": 20507}, {""price"": 16.45, ""orders"": 1, ""quantity"": 1}, {""price"": 16.79, ""orders"": 1, ""quantity"": 448}, {""price"": 0.0, ""orders"": 0, ""quantity"": 0}, {""price"": 0.0, ""orders"": 0, ""quantity"": 0}]"
2025-12-18 11:13:18.892849+05:30,137918212,MUDUNURU,16.79,13655,Thu Dec 18 10:15:00 IST 2025,13655,16.79,16.79,16.79,16.47,NULL,NULL,"[{""price"": 16.79, ""orders"": 17, ""quantity"": 2110}, {""price"": 16.51, ""orders"": 2, ""quantity"": 211}, {""price"": 16.47, ""orders"": 3, ""quantity"": 25}, {""price"": 16.15, ""orders"": 3, ""quantity"": 310}, {""price"": 0.0, ""orders"": 6, ""quantity"": 219}]","[{""price"": 16.15, ""orders"": 5, ""quantity"": 20507}, {""price"": 16.45, ""orders"": 1, ""quantity"": 1}, {""price"": 16.79, ""orders"": 1, ""quantity"": 448}, {""price"": 0.0, ""orders"": 0, ""quantity"": 0}, {""price"": 0.0, ""orders"": 0, ""quantity"": 0}]"
2025-12-18 11:13:20.200333+05:30,137918212,MUDUNURU,16.79,13655,Thu Dec 18 10:15:00 IST 2025,13655,16.79,16.79,16.79,16.47,NULL,NULL,"[{""price"": 16.79, ""orders"": 17, ""quantity"": 2110}, {""price"": 16.51, ""orders"": 2, ""quantity"": 211}, {""price"": 16.47, ""orders"": 3, ""quantity"": 25}, {""price"": 16.15, ""orders"": 3, ""quantity"": 310}, {""price"": 0.0, ""orders"": 6, ""quantity"": 219}]","[{""price"": 16.15, ""orders"": 5, ""quantity"": 20507}, {""price"": 16.45, ""orders"": 1, ""quantity"": 1}, {""price"": 16.79, ""orders"": 1, ""quantity"": 448}, {""price"": 0.0, ""orders"": 0, ""quantity"": 0}, {""price"": 0.0, ""orders"": 0, ""quantity"": 0}]"
2025-12-18 11:13:21.439138+05:30,137918212,MUDUNURU,16.79,13655,Thu Dec 18 10:15:00 IST 2025,13655,16.79,16.79,16.79,16.47,NULL,NULL,"[{""price"": 16.79, ""orders"": 17, ""quantity"": 2110}, {""price"": 16.51, ""orders"": 2, ""quantity"": 211}, {""price"": 16.47, ""orders"": 3, ""quantity"": 25}, {""price"": 16.15, ""orders"": 3, ""quantity"": 310}, {""price"": 0.0, ""orders"": 6, ""quantity"": 219}]","[{""price"": 16.15, ""orders"": 5, ""quantity"": 20507}, {""price"": 16.45, ""orders"": 1, ""quantity"": 1}, {""price"": 16.79, ""orders"": 1, ""quantity"": 448}, {""price"": 0.0, ""orders"": 0, ""quantity"": 0}, {""price"": 0.0, ""orders"": 0, ""quantity"": 0}]"
2025-12-18 11:13:22.81185+05:30,137918212,MUDUNURU,16.79,13655,Thu Dec 18 10:15:00 IST 2025,13655,16.79,16.79,16.79,16.47,NULL,NULL,"[{""price"": 16.79, ""orders"": 17, ""quantity"": 2110}, {""price"": 16.51, ""orders"": 2, ""quantity"": 211}, {""price"": 16.47, ""orders"": 3, ""quantity"": 25}, {""price"": 16.15, ""orders"": 3, ""quantity"": 310}, {""price"": 0.0, ""orders"": 6, ""quantity"": 219}]","[{""price"": 16.15, ""orders"": 5, ""quantity"": 20507}, {""price"": 16.45, ""orders"": 1, ""quantity"": 1}, {""price"": 16.79, ""orders"": 1, ""quantity"": 448}, {""price"": 0.0, ""orders"": 0, ""quantity"": 0}, {""price"": 0.0, ""orders"": 0, ""quantity"": 0}]"
2025-12-18 11:13:24.193002+05:30,137918212,MUDUNURU,16.79,13655,Thu Dec 18 10:15:00 IST 2025,13655,16.79,16.79,16.79,16.47,NULL,NULL,"[{""price"": 16.79, ""orders"": 17, ""quantity"": 2110}, {""price"": 16.51, ""orders"": 2, ""quantity"": 211}, {""price"": 16.47, ""orders"": 3, ""quantity"": 25}, {""price"": 16.15, ""orders"": 3, ""quantity"": 310}, {""price"": 0.0, ""orders"": 6, ""quantity"": 219}]","[{""price"": 16.15, ""orders"": 5, ""quantity"": 20507}, {""price"": 16.45, ""orders"": 1, ""quantity"": 1}, {""price"": 16.79, ""orders"": 1, ""quantity"": 448}, {""price"": 0.0, ""orders"": 0, ""quantity"": 0}, {""price"": 0.0, ""orders"": 0, ""quantity"": 0}]"
2025-12-18 11:13:25.477473+05:30,137918212,MUDUNURU,16.79,13655,Thu Dec 18 10:15:00 IST 2025,13655,16.79,16.79,16.79,16.47,NULL,NULL,"[{""price"": 16.79, ""orders"": 17, ""quantity"": 2110}, {""price"": 16.51, ""orders"": 2, ""quantity"": 211}, {""price"": 16.47, ""orders"": 3, ""quantity"": 25}, {""price"": 16.15, ""orders"": 3, ""quantity"": 310}, {""price"": 0.0, ""orders"": 6, ""quantity"": 219}]","[{""price"": 16.15, ""orders"": 5, ""quantity"": 20507}, {""price"": 16.45, ""orders"": 1, ""quantity"": 1}, {""price"": 16.79, ""orders"": 1, ""quantity"": 448}, {""price"": 0.0, ""orders"": 0, ""quantity"": 0}, {""price"": 0.0, ""orders"": 0, ""quantity"": 0}]"
2025-12-18 11:13:26.811425+05:30,137918212,MUDUNURU,16.79,13655,Thu Dec 18 10:15:00 IST 2025,13655,16.79,16.79,16.79,16.47,NULL,NULL,"[{""price"": 16.79, ""orders"": 17, ""quantity"": 2110}, {""price"": 16.51, ""orders"": 2, ""quantity"": 211}, {""price"": 16.47, ""orders"": 3, ""quantity"": 25}, {""price"": 16.15, ""orders"": 3, ""quantity"": 310}, {""price"": 0.0, ""orders"": 6, ""quantity"": 219}]","[{""price"": 16.15, ""orders"": 5, ""quantity"": 20507}, {""price"": 16.45, ""orders"": 1, ""quantity"": 1}, {""price"": 16.79, ""orders"": 1, ""quantity"": 448}, {""price"": 0.0, ""orders"": 0, ""quantity"": 0}, {""price"": 0.0, ""orders"": 0, ""quantity"": 0}]"
2025-12-18 11:13:28.100475+05:30,137918212,MUDUNURU,16.79,13655,Thu Dec 18 10:15:00 IST 2025,13655,16.79,16.79,16.79,16.47,NULL,NULL,"[{""price"": 16.79, ""orders"": 17, ""quantity"": 2110}, {""price"": 16.51, ""orders"": 2, ""quantity"": 211}, {""price"": 16.47, ""orders"": 3, ""quantity"": 25}, {""price"": 16.15, ""orders"": 3, ""quantity"": 310}, {""price"": 0.0, ""orders"": 6, ""quantity"": 219}]","[{""price"": 16.15, ""orders"": 5, ""quantity"": 20507}, {""price"": 16.45, ""orders"": 1, ""quantity"": 1}, {""price"": 16.79, ""orders"": 1, ""quantity"": 448}, {""price"": 0.0, ""orders"": 0, ""quantity"": 0}, {""price"": 0.0, ""orders"": 0, ""quantity"": 0}]"
2025-12-18 11:13:29.458621+05:30,137918212,MUDUNURU,16.79,13655,Thu Dec 18 10:15:00 IST 2025,13655,16.79,16.79,16.79,16.47,NULL,NULL,"[{""price"": 16.79, ""orders"": 17, ""quantity"": 2110}, {""price"": 16.51, ""orders"": 2, ""quantity"": 211}, {""price"": 16.47, ""orders"": 3, ""quantity"": 25}, {""price"": 16.15, ""orders"": 3, ""quantity"": 310}, {""price"": 0.0, ""orders"": 6, ""quantity"": 219}]","[{""price"": 16.15, ""orders"": 5, ""quantity"": 20507}, {""price"": 16.45, ""orders"": 1, ""quantity"": 1}, {""price"": 16.79, ""orders"": 1, ""quantity"": 448}, {""price"": 0.0, ""orders"": 0, ""quantity"": 0}, {""price"": 0.0, ""orders"": 0, ""quantity"": 0}]"
2025-12-18 11:13:30.768904+05:30,137918212,MUDUNURU,16.79,13655,Thu Dec 18 10:15:00 IST 2025,13655,16.79,16.79,16.79,16.47,NULL,NULL,"[{""price"": 16.79, ""orders"": 17, ""quantity"": 2110}, {""price"": 16.51, ""orders"": 2, ""quantity"": 211}, {""price"": 16.47, ""orders"": 3, ""quantity"": 25}, {""price"": 16.15, ""orders"": 3, ""quantity"": 310}, {""price"": 0.0, ""orders"": 6, ""quantity"": 219}]","[{""price"": 16.15, ""orders"": 5, ""quantity"": 20507}, {""price"": 16.45, ""orders"": 1, ""quantity"": 1}, {""price"": 16.79, ""orders"": 1, ""quantity"": 448}, {""price"": 0.0, ""orders"": 0, ""quantity"": 0}, {""price"": 0.0, ""orders"": 0, ""quantity"": 0}]"
2025-12-18 11:13:32.116911+05:30,137918212,MUDUNURU,16.79,13655,Thu Dec 18 10:15:00 IST 2025,13655,16.79,16.79,16.79,16.47,NULL,NULL,"[{""price"": 16.79, ""orders"": 17, ""quantity"": 2110}, {""price"": 16.51, ""orders"": 2, ""quantity"": 211}, {""price"": 16.47, ""orders"": 3, ""quantity"": 25}, {""price"": 16.15, ""orders"": 3, ""quantity"": 310}, {""price"": 0.0, ""orders"": 6, ""quantity"": 219}]","[{""price"": 16.15, ""orders"": 5, ""quantity"": 20507}, {""price"": 16.45, ""orders"": 1, ""quantity"": 1}, {""price"": 16.79, ""orders"": 1, ""quantity"": 448}, {""price"": 0.0, ""orders"": 0, ""quantity"": 0}, {""price"": 0.0, ""orders"": 0, ""quantity"": 0}]"
2025-12-18 11:13:33.393034+05:30,137918212,MUDUNURU,16.79,13655,Thu Dec 18 10:15:00 IST 2025,13655,16.79,16.79,16.79,16.47,NULL,NULL,"[{""price"": 16.79, ""orders"": 17, ""quantity"": 2110}, {""price"": 16.51, ""orders"": 2, ""quantity"": 211}, {""price"": 16.47, ""orders"": 3, ""quantity"": 25}, {""price"": 16.15, ""orders"": 3, ""quantity"": 310}, {""price"": 0.0, ""orders"": 6, ""quantity"": 219}]","[{""price"": 16.15, ""orders"": 5, ""quantity"": 20507}, {""price"": 16.45, ""orders"": 1, ""quantity"": 1}, {""price"": 16.79, ""orders"": 1, ""quantity"": 448}, {""price"": 0.0, ""orders"": 0, ""quantity"": 0}, {""price"": 0.0, ""orders"": 0, ""quantity"": 0}]"
2025-12-18 11:13:34.762928+05:30,137918212,MUDUNURU,16.79,13655,Thu Dec 18 10:15:00 IST 2025,13655,16.79,16.79,16.79,16.47,NULL,NULL,"[{""price"": 16.79, ""orders"": 17, ""quantity"": 2110}, {""price"": 16.51, ""orders"": 2, ""quantity"": 211}, {""price"": 16.47, ""orders"": 3, ""quantity"": 25}, {""price"": 16.15, ""orders"": 3, ""quantity"": 310}, {""price"": 0.0, ""orders"": 6, ""quantity"": 219}]","[{""price"": 16.15, ""orders"": 5, ""quantity"": 20507}, {""price"": 16.45, ""orders"": 1, ""quantity"": 1}, {""price"": 16.79, ""orders"": 1, ""quantity"": 448}, {""price"": 0.0, ""orders"": 0, ""quantity"": 0}, {""price"": 0.0, ""orders"": 0, ""quantity"": 0}]"
2025-12-18 11:13:36.043199+05:30,137918212,MUDUNURU,16.79,13655,Thu Dec 18 10:15:00 IST 2025,13655,16.79,16.79,16.79,16.47,NULL,NULL,"[{""price"": 16.79, ""orders"": 17, ""quantity"": 2110}, {""price"": 16.51, ""orders"": 2, ""quantity"": 211}, {""price"": 16.47, ""orders"": 3, ""quantity"": 25}, {""price"": 16.15, ""orders"": 3, ""quantity"": 310}, {""price"": 0.0, ""orders"": 6, ""quantity"": 219}]","[{""price"": 16.15, ""orders"": 5, ""quantity"": 20507}, {""price"": 16.45, ""orders"": 1, ""quantity"": 1}, {""price"": 16.79, ""orders"": 1, ""quantity"": 448}, {""price"": 0.0, ""orders"": 0, ""quantity"": 0}, {""price"": 0.0, ""orders"": 0, ""quantity"": 0}]"
2025-12-18 11:13:37.300776+05:30,137918212,MUDUNURU,16.79,13655,Thu Dec 18 10:15:00 IST 2025,13655,16.79,16.79,16.79,16.47,16.15,16.79,"[{""price"": 16.79, ""orders"": 17, ""quantity"": 2110}, {""price"": 16.51, ""orders"": 2, ""quantity"": 211}, {""price"": 16.47, ""orders"": 3, ""quantity"": 25}, {""price"": 16.15, ""orders"": 3, ""quantity"": 310}, {""price"": 0.0, ""orders"": 6, ""quantity"": 219}]","[{""price"": 16.15, ""orders"": 5, ""quantity"": 20507}, {""price"": 16.45, ""orders"": 1, ""quantity"": 1}, {""price"": 16.79, ""orders"": 1, ""quantity"": 448}, {""price"": 0.0, ""orders"": 0, ""quantity"": 0}, {""price"": 0.0, ""orders"": 0, ""quantity"": 0}]"
2025-12-18 11:13:38.793044+05:30,137918212,MUDUNURU,16.79,13655,Thu Dec 18 10:15:00 IST 2025,13655,16.79,16.79,16.79,16.47,NULL,NULL,"[{""price"": 16.79, ""orders"": 17, ""quantity"": 2110}, {""price"": 16.51, ""orders"": 2, ""quantity"": 211}, {""price"": 16.47, ""orders"": 3, ""quantity"": 25}, {""price"": 16.15, ""orders"": 3, ""quantity"": 310}, {""price"": 0.0, ""orders"": 6, ""quantity"": 219}]","[{""price"": 16.15, ""orders"": 5, ""quantity"": 20507}, {""price"": 16.45, ""orders"": 1, ""quantity"": 1}, {""price"": 16.79, ""orders"": 1, ""quantity"": 448}, {""price"": 0.0, ""orders"": 0, ""quantity"": 0}, {""price"": 0.0, ""orders"": 0, ""quantity"": 0}]"
2025-12-18 11:13:40.142089+05:30,137918212,MUDUNURU,16.79,13655,Thu Dec 18 10:15:00 IST 2025,13655,16.79,16.79,16.79,16.47,NULL,NULL,"[{""price"": 16.79, ""orders"": 17, ""quantity"": 2110}, {""price"": 16.51, ""orders"": 2, ""quantity"": 211}, {""price"": 16.47, ""orders"": 3, ""quantity"": 25}, {""price"": 16.15, ""orders"": 3, ""quantity"": 310}, {""price"": 0.0, ""orders"": 6, ""quantity"": 219}]","[{""price"": 16.15, ""orders"": 5, ""quantity"": 20507}, {""price"": 16.45, ""orders"": 1, ""quantity"": 1}, {""price"": 16.79, ""orders"": 1, ""quantity"": 448}, {""price"": 0.0, ""orders"": 0, ""quantity"": 0}, {""price"": 0.0, ""orders"": 0, ""quantity"": 0}]"
2025-12-18 11:13:41.430313+05:30,137918212,MUDUNURU,16.79,13655,Thu Dec 18 10:15:00 IST 2025,13655,16.79,16.79,16.79,16.47,NULL,NULL,"[{""price"": 16.79, ""orders"": 17, ""quantity"": 2110}, {""price"": 16.51, ""orders"": 2, ""quantity"": 211}, {""price"": 16.47, ""orders"": 3, ""quantity"": 25}, {""price"": 16.15, ""orders"": 3, ""quantity"": 310}, {""price"": 0.0, ""orders"": 6, ""quantity"": 219}]","[{""price"": 16.15, ""orders"": 5, ""quantity"": 20507}, {""price"": 16.45, ""orders"": 1, ""quantity"": 1}, {""price"": 16.79, ""orders"": 1, ""quantity"": 448}, {""price"": 0.0, ""orders"": 0, ""quantity"": 0}, {""price"": 0.0, ""orders"": 0, ""quantity"": 0}]"
2025-12-18 11:13:42.767292+05:30,137918212,MUDUNURU,16.79,13655,Thu Dec 18 10:15:00 IST 2025,13655,16.79,16.79,16.79,16.47,NULL,NULL,"[{""price"": 16.79, ""orders"": 17, ""quantity"": 2110}, {""price"": 16.51, ""orders"": 2, ""quantity"": 211}, {""price"": 16.47, ""orders"": 3, ""quantity"": 25}, {""price"": 16.15, ""orders"": 3, ""quantity"": 310}, {""price"": 0.0, ""orders"": 6, ""quantity"": 219}]","[{""price"": 16.15, ""orders"": 5, ""quantity"": 20507}, {""price"": 16.45, ""orders"": 1, ""quantity"": 1}, {""price"": 16.79, ""orders"": 1, ""quantity"": 448}, {""price"": 0.0, ""orders"": 0, ""quantity"": 0}, {""price"": 0.0, ""orders"": 0, ""quantity"": 0}]"
2025-12-18 11:13:44.071307+05:30,137918212,MUDUNURU,16.79,13655,Thu Dec 18 10:15:00 IST 2025,13655,16.79,16.79,16.79,16.47,NULL,NULL,"[{""price"": 16.79, ""orders"": 17, ""quantity"": 2110}, {""price"": 16.51, ""orders"": 2, ""quantity"": 211}, {""price"": 16.47, ""orders"": 3, ""quantity"": 25}, {""price"": 16.15, ""orders"": 3, ""quantity"": 310}, {""price"": 0.0, ""orders"": 6, ""quantity"": 219}]","[{""price"": 16.15, ""orders"": 5, ""quantity"": 20507}, {""price"": 16.45, ""orders"": 1, ""quantity"": 1}, {""price"": 16.79, ""orders"": 1, ""quantity"": 448}, {""price"": 0.0, ""orders"": 0, ""quantity"": 0}, {""price"": 0.0, ""orders"": 0, ""quantity"": 0}]"
2025-12-18 11:13:45.497534+05:30,137918212,MUDUNURU,16.79,13655,Thu Dec 18 10:15:00 IST 2025,13655,16.79,16.79,16.79,16.47,NULL,NULL,"[{""price"": 16.79, ""orders"": 17, ""quantity"": 2110}, {""price"": 16.51, ""orders"": 2, ""quantity"": 211}, {""price"": 16.47, ""orders"": 3, ""quantity"": 25}, {""price"": 16.15, ""orders"": 3, ""quantity"": 310}, {""price"": 0.0, ""orders"": 6, ""quantity"": 219}]","[{""price"": 16.15, ""orders"": 5, ""quantity"": 20507}, {""price"": 16.45, ""orders"": 1, ""quantity"": 1}, {""price"": 16.79, ""orders"": 1, ""quantity"": 448}, {""price"": 0.0, ""orders"": 0, ""quantity"": 0}, {""price"": 0.0, ""orders"": 0, ""quantity"": 0}]"
2025-12-18 11:13:46.863538+05:30,137918212,MUDUNURU,16.79,13655,Thu Dec 18 10:15:00 IST 2025,13655,16.79,16.79,16.79,16.47,NULL,NULL,"[{""price"": 16.79, ""orders"": 17, ""quantity"": 2110}, {""price"": 16.51, ""orders"": 2, ""quantity"": 211}, {""price"": 16.47, ""orders"": 3, ""quantity"": 25}, {""price"": 16.15, ""orders"": 3, ""quantity"": 310}, {""price"": 0.0, ""orders"": 6, ""quantity"": 219}]","[{""price"": 16.15, ""orders"": 5, ""quantity"": 20507}, {""price"": 16.45, ""orders"": 1, ""quantity"": 1}, {""price"": 16.79, ""orders"": 1, ""quantity"": 448}, {""price"": 0.0, ""orders"": 0, ""quantity"": 0}, {""price"": 0.0, ""orders"": 0, ""quantity"": 0}]"
2025-12-18 11:13:48.166924+05:30,137918212,MUDUNURU,16.79,13655,Thu Dec 18 10:15:00 IST 2025,13655,16.79,16.79,16.79,16.47,NULL,NULL,"[{""price"": 16.79, ""orders"": 17, ""quantity"": 2110}, {""price"": 16.51, ""orders"": 2, ""quantity"": 211}, {""price"": 16.47, ""orders"": 3, ""quantity"": 25}, {""price"": 16.15, ""orders"": 3, ""quantity"": 310}, {""price"": 0.0, ""orders"": 6, ""quantity"": 219}]","[{""price"": 16.15, ""orders"": 5, ""quantity"": 20507}, {""price"": 16.45, ""orders"": 1, ""quantity"": 1}, {""price"": 16.79, ""orders"": 1, ""quantity"": 448}, {""price"": 0.0, ""orders"": 0, ""quantity"": 0}, {""price"": 0.0, ""orders"": 0, ""quantity"": 0}]"
2025-12-18 11:13:49.500071+05:30,137918212,MUDUNURU,16.79,13655,Thu Dec 18 10:15:00 IST 2025,13655,16.79,16.79,16.79,16.47,NULL,NULL,"[{""price"": 16.79, ""orders"": 17, ""quantity"": 2110}, {""price"": 16.51, ""orders"": 2, ""quantity"": 211}, {""price"": 16.47, ""orders"": 3, ""quantity"": 25}, {""price"": 16.15, ""orders"": 3, ""quantity"": 310}, {""price"": 0.0, ""orders"": 6, ""quantity"": 219}]","[{""price"": 16.15, ""orders"": 5, ""quantity"": 20507}, {""price"": 16.45, ""orders"": 1, ""quantity"": 1}, {""price"": 16.79, ""orders"": 1, ""quantity"": 448}, {""price"": 0.0, ""orders"": 0, ""quantity"": 0}, {""price"": 0.0, ""orders"": 0, ""quantity"": 0}]"
2025-12-18 11:13:50.728685+05:30,137918212,MUDUNURU,16.79,13655,Thu Dec 18 10:15:00 IST 2025,13655,16.79,16.79,16.79,16.47,NULL,NULL,"[{""price"": 16.79, ""orders"": 17, ""quantity"": 2110}, {""price"": 16.51, ""orders"": 2, ""quantity"": 211}, {""price"": 16.47, ""orders"": 3, ""quantity"": 25}, {""price"": 16.15, ""orders"": 3, ""quantity"": 310}, {""price"": 0.0, ""orders"": 6, ""quantity"": 219}]","[{""price"": 16.15, ""orders"": 5, ""quantity"": 20507}, {""price"": 16.45, ""orders"": 1, ""quantity"": 1}, {""price"": 16.79, ""orders"": 1, ""quantity"": 448}, {""price"": 0.0, ""orders"": 0, ""quantity"": 0}, {""price"": 0.0, ""orders"": 0, ""quantity"": 0}]"
2025-12-18 11:13:52.08667+05:30,137918212,MUDUNURU,16.79,13655,Thu Dec 18 10:15:00 IST 2025,13655,16.79,16.79,16.79,16.47,NULL,NULL,"[{""price"": 16.79, ""orders"": 17, ""quantity"": 2110}, {""price"": 16.51, ""orders"": 2, ""quantity"": 211}, {""price"": 16.47, ""orders"": 3, ""quantity"": 25}, {""price"": 16.15, ""orders"": 3, ""quantity"": 310}, {""price"": 0.0, ""orders"": 6, ""quantity"": 219}]","[{""price"": 16.15, ""orders"": 5, ""quantity"": 20507}, {""price"": 16.45, ""orders"": 1, ""quantity"": 1}, {""price"": 16.79, ""orders"": 1, ""quantity"": 448}, {""price"": 0.0, ""orders"": 0, ""quantity"": 0}, {""price"": 0.0, ""orders"": 0, ""quantity"": 0}]"
2025-12-18 11:13:53.451307+05:30,137918212,MUDUNURU,16.79,13655,Thu Dec 18 10:15:00 IST 2025,13655,16.79,16.79,16.79,16.47,NULL,NULL,"[{""price"": 16.79, ""orders"": 17, ""quantity"": 2110}, {""price"": 16.51, ""orders"": 2, ""quantity"": 211}, {""price"": 16.47, ""orders"": 3, ""quantity"": 25}, {""price"": 16.15, ""orders"": 3, ""quantity"": 310}, {""price"": 0.0, ""orders"": 6, ""quantity"": 219}]","[{""price"": 16.15, ""orders"": 5, ""quantity"": 20507}, {""price"": 16.45, ""orders"": 1, ""quantity"": 1}, {""price"": 16.79, ""orders"": 1, ""quantity"": 448}, {""price"": 0.0, ""orders"": 0, ""quantity"": 0}, {""price"": 0.0, ""orders"": 0, ""quantity"": 0}]"
2025-12-18 11:13:54.692661+05:30,137918212,MUDUNURU,16.79,13655,Thu Dec 18 10:15:00 IST 2025,13655,16.79,16.79,16.79,16.47,NULL,NULL,"[{""price"": 16.79, ""orders"": 17, ""quantity"": 2110}, {""price"": 16.51, ""orders"": 2, ""quantity"": 211}, {""price"": 16.47, ""orders"": 3, ""quantity"": 25}, {""price"": 16.15, ""orders"": 3, ""quantity"": 310}, {""price"": 0.0, ""orders"": 6, ""quantity"": 219}]","[{""price"": 16.15, ""orders"": 5, ""quantity"": 20507}, {""price"": 16.45, ""orders"": 1, ""quantity"": 1}, {""price"": 16.79, ""orders"": 1, ""quantity"": 448}, {""price"": 0.0, ""orders"": 0, ""quantity"": 0}, {""price"": 0.0, ""orders"": 0, ""quantity"": 0}]"
2025-12-18 11:13:55.998443+05:30,137918212,MUDUNURU,16.79,13655,Thu Dec 18 10:15:00 IST 2025,13655,16.79,16.79,16.79,16.47,NULL,NULL,"[{""price"": 16.79, ""orders"": 17, ""quantity"": 2110}, {""price"": 16.51, ""orders"": 2, ""quantity"": 211}, {""price"": 16.47, ""orders"": 3, ""quantity"": 25}, {""price"": 16.15, ""orders"": 3, ""quantity"": 310}, {""price"": 0.0, ""orders"": 6, ""quantity"": 219}]","[{""price"": 16.15, ""orders"": 5, ""quantity"": 20507}, {""price"": 16.45, ""orders"": 1, ""quantity"": 1}, {""price"": 16.79, ""orders"": 1, ""quantity"": 448}, {""price"": 0.0, ""orders"": 0, ""quantity"": 0}, {""price"": 0.0, ""orders"": 0, ""quantity"": 0}]"
2025-12-18 11:13:57.343095+05:30,137918212,MUDUNURU,16.79,13655,Thu Dec 18 10:15:00 IST 2025,13655,16.79,16.79,16.79,16.47,NULL,NULL,"[{""price"": 16.79, ""orders"": 17, ""quantity"": 2110}, {""price"": 16.51, ""orders"": 2, ""quantity"": 211}, {""price"": 16.47, ""orders"": 3, ""quantity"": 25}, {""price"": 16.15, ""orders"": 3, ""quantity"": 310}, {""price"": 0.0, ""orders"": 6, ""quantity"": 219}]","[{""price"": 16.15, ""orders"": 5, ""quantity"": 20507}, {""price"": 16.45, ""orders"": 1, ""quantity"": 1}, {""price"": 16.79, ""orders"": 1, ""quantity"": 448}, {""price"": 0.0, ""orders"": 0, ""quantity"": 0}, {""price"": 0.0, ""orders"": 0, ""quantity"": 0}]"
2025-12-18 11:13:58.618604+05:30,137918212,MUDUNURU,16.79,13655,Thu Dec 18 10:15:00 IST 2025,13655,16.79,16.79,16.79,16.47,NULL,NULL,"[{""price"": 16.79, ""orders"": 17, ""quantity"": 2110}, {""price"": 16.51, ""orders"": 2, ""quantity"": 211}, {""price"": 16.47, ""orders"": 3, ""quantity"": 25}, {""price"": 16.15, ""orders"": 3, ""quantity"": 310}, {""price"": 0.0, ""orders"": 6, ""quantity"": 219}]","[{""price"": 16.15, ""orders"": 5, ""quantity"": 20507}, {""price"": 16.45, ""orders"": 1, ""quantity"": 1}, {""price"": 16.79, ""orders"": 1, ""quantity"": 448}, {""price"": 0.0, ""orders"": 0, ""quantity"": 0}, {""price"": 0.0, ""orders"": 0, ""quantity"": 0}]"
2025-12-18 11:13:59.936664+05:30,137918212,MUDUNURU,16.79,13655,Thu Dec 18 10:15:00 IST 2025,13655,16.79,16.79,16.79,16.47,NULL,NULL,"[{""price"": 16.79, ""orders"": 17, ""quantity"": 2110}, {""price"": 16.51, ""orders"": 2, ""quantity"": 211}, {""price"": 16.47, ""orders"": 3, ""quantity"": 25}, {""price"": 16.15, ""orders"": 3, ""quantity"": 310}, {""price"": 0.0, ""orders"": 6, ""quantity"": 219}]","[{""price"": 16.15, ""orders"": 5, ""quantity"": 20507}, {""price"": 16.45, ""orders"": 1, ""quantity"": 1}, {""price"": 16.79, ""orders"": 1, ""quantity"": 448}, {""price"": 0.0, ""orders"": 0, ""quantity"": 0}, {""price"": 0.0, ""orders"": 0, ""quantity"": 0}]"
2025-12-18 11:14:01.23918+05:30,137918212,MUDUNURU,16.79,13655,Thu Dec 18 10:15:00 IST 2025,13655,16.79,16.79,16.79,16.47,NULL,NULL,"[{""price"": 16.79, ""orders"": 17, ""quantity"": 2110}, {""price"": 16.51, ""orders"": 2, ""quantity"": 211}, {""price"": 16.47, ""orders"": 3, ""quantity"": 25}, {""price"": 16.15, ""orders"": 3, ""quantity"": 310}, {""price"": 0.0, ""orders"": 6, ""quantity"": 219}]","[{""price"": 16.15, ""orders"": 5, ""quantity"": 20507}, {""price"": 16.45, ""orders"": 1, ""quantity"": 1}, {""price"": 16.79, ""orders"": 1, ""quantity"": 448}, {""price"": 0.0, ""orders"": 0, ""quantity"": 0}, {""price"": 0.0, ""orders"": 0, ""quantity"": 0}]"
2025-12-18 11:14:02.516981+05:30,137918212,MUDUNURU,16.79,13655,Thu Dec 18 10:15:00 IST 2025,13655,16.79,16.79,16.79,16.47,NULL,NULL,"[{""price"": 16.79, ""orders"": 17, ""quantity"": 2110}, {""price"": 16.51, ""orders"": 2, ""quantity"": 211}, {""price"": 16.47, ""orders"": 3, ""quantity"": 25}, {""price"": 16.15, ""orders"": 3, ""quantity"": 310}, {""price"": 0.0, ""orders"": 6, ""quantity"": 219}]","[{""price"": 16.15, ""orders"": 5, ""quantity"": 20507}, {""price"": 16.45, ""orders"": 1, ""quantity"": 1}, {""price"": 16.79, ""orders"": 1, ""quantity"": 448}, {""price"": 0.0, ""orders"": 0, ""quantity"": 0}, {""price"": 0.0, ""orders"": 0, ""quantity"": 0}]"
2025-12-18 11:14:03.832004+05:30,137918212,MUDUNURU,16.79,13655,Thu Dec 18 10:15:00 IST 2025,13655,16.79,16.79,16.79,16.47,NULL,NULL,"[{""price"": 16.79, ""orders"": 17, ""quantity"": 2110}, {""price"": 16.51, ""orders"": 2, ""quantity"": 211}, {""price"": 16.47, ""orders"": 3, ""quantity"": 25}, {""price"": 16.15, ""orders"": 3, ""quantity"": 310}, {""price"": 0.0, ""orders"": 6, ""quantity"": 219}]","[{""price"": 16.15, ""orders"": 5, ""quantity"": 20507}, {""price"": 16.45, ""orders"": 1, ""quantity"": 1}, {""price"": 16.79, ""orders"": 1, ""quantity"": 448}, {""price"": 0.0, ""orders"": 0, ""quantity"": 0}, {""price"": 0.0, ""orders"": 0, ""quantity"": 0}]"
2025-12-18 11:14:05.177622+05:30,137918212,MUDUNURU,16.79,13655,Thu Dec 18 10:15:00 IST 2025,13655,16.79,16.79,16.79,16.47,NULL,NULL,"[{""price"": 16.79, ""orders"": 17, ""quantity"": 2110}, {""price"": 16.51, ""orders"": 2, ""quantity"": 211}, {""price"": 16.47, ""orders"": 3, ""quantity"": 25}, {""price"": 16.15, ""orders"": 3, ""quantity"": 310}, {""price"": 0.0, ""orders"": 6, ""quantity"": 219}]","[{""price"": 16.15, ""orders"": 5, ""quantity"": 20507}, {""price"": 16.45, ""orders"": 1, ""quantity"": 1}, {""price"": 16.79, ""orders"": 1, ""quantity"": 448}, {""price"": 0.0, ""orders"": 0, ""quantity"": 0}, {""price"": 0.0, ""orders"": 0, ""quantity"": 0}]"
2025-12-18 11:14:06.482252+05:30,137918212,MUDUNURU,16.79,13655,Thu Dec 18 10:15:00 IST 2025,13655,16.79,16.79,16.79,16.47,NULL,NULL,"[{""price"": 16.79, ""orders"": 17, ""quantity"": 2110}, {""price"": 16.51, ""orders"": 2, ""quantity"": 211}, {""price"": 16.47, ""orders"": 3, ""quantity"": 25}, {""price"": 16.15, ""orders"": 3, ""quantity"": 310}, {""price"": 0.0, ""orders"": 6, ""quantity"": 219}]","[{""price"": 16.15, ""orders"": 5, ""quantity"": 20507}, {""price"": 16.45, ""orders"": 1, ""quantity"": 1}, {""price"": 16.79, ""orders"": 1, ""quantity"": 448}, {""price"": 0.0, ""orders"": 0, ""quantity"": 0}, {""price"": 0.0, ""orders"": 0, ""quantity"": 0}]"
2025-12-18 11:14:07.8115+05:30,137918212,MUDUNURU,16.79,13655,Thu Dec 18 10:15:00 IST 2025,13655,16.79,16.79,16.79,16.47,NULL,NULL,"[{""price"": 16.79, ""orders"": 17, ""quantity"": 2110}, {""price"": 16.51, ""orders"": 2, ""quantity"": 211}, {""price"": 16.47, ""orders"": 3, ""quantity"": 25}, {""price"": 16.15, ""orders"": 3, ""quantity"": 310}, {""price"": 0.0, ""orders"": 6, ""quantity"": 219}]","[{""price"": 16.15, ""orders"": 5, ""quantity"": 20507}, {""price"": 16.45, ""orders"": 1, ""quantity"": 1}, {""price"": 16.79, ""orders"": 1, ""quantity"": 448}, {""price"": 0.0, ""orders"": 0, ""quantity"": 0}, {""price"": 0.0, ""orders"": 0, ""quantity"": 0}]"
2025-12-18 11:14:09.101075+05:30,137918212,MUDUNURU,16.79,13655,Thu Dec 18 10:15:00 IST 2025,13655,16.79,16.79,16.79,16.47,NULL,NULL,"[{""price"": 16.79, ""orders"": 17, ""quantity"": 2110}, {""price"": 16.51, ""orders"": 2, ""quantity"": 211}, {""price"": 16.47, ""orders"": 3, ""quantity"": 25}, {""price"": 16.15, ""orders"": 3, ""quantity"": 310}, {""price"": 0.0, ""orders"": 6, ""quantity"": 219}]","[{""price"": 16.15, ""orders"": 5, ""quantity"": 20507}, {""price"": 16.45, ""orders"": 1, ""quantity"": 1}, {""price"": 16.79, ""orders"": 1, ""quantity"": 448}, {""price"": 0.0, ""orders"": 0, ""quantity"": 0}, {""price"": 0.0, ""orders"": 0, ""quantity"": 0}]"
2025-12-18 11:14:10.393215+05:30,137918212,MUDUNURU,16.79,13655,Thu Dec 18 10:15:00 IST 2025,13655,16.79,16.79,16.79,16.47,NULL,NULL,"[{""price"": 16.79, ""orders"": 17, ""quantity"": 2110}, {""price"": 16.51, ""orders"": 2, ""quantity"": 211}, {""price"": 16.47, ""orders"": 3, ""quantity"": 25}, {""price"": 16.15, ""orders"": 3, ""quantity"": 310}, {""price"": 0.0, ""orders"": 6, ""quantity"": 219}]","[{""price"": 16.15, ""orders"": 5, ""quantity"": 20507}, {""price"": 16.45, ""orders"": 1, ""quantity"": 1}, {""price"": 16.79, ""orders"": 1, ""quantity"": 448}, {""price"": 0.0, ""orders"": 0, ""quantity"": 0}, {""price"": 0.0, ""orders"": 0, ""quantity"": 0}]"
2025-12-18 11:14:11.762279+05:30,137918212,MUDUNURU,16.79,13655,Thu Dec 18 10:15:00 IST 2025,13655,16.79,16.79,16.79,16.47,NULL,NULL,"[{""price"": 16.79, ""orders"": 17, ""quantity"": 2110}, {""price"": 16.51, ""orders"": 2, ""quantity"": 211}, {""price"": 16.47, ""orders"": 3, ""quantity"": 25}, {""price"": 16.15, ""orders"": 3, ""quantity"": 310}, {""price"": 0.0, ""orders"": 6, ""quantity"": 219}]","[{""price"": 16.15, ""orders"": 5, ""quantity"": 20507}, {""price"": 16.45, ""orders"": 1, ""quantity"": 1}, {""price"": 16.79, ""orders"": 1, ""quantity"": 448}, {""price"": 0.0, ""orders"": 0, ""quantity"": 0}, {""price"": 0.0, ""orders"": 0, ""quantity"": 0}]"
2025-12-18 11:14:13.127423+05:30,137918212,MUDUNURU,16.79,13655,Thu Dec 18 10:15:00 IST 2025,13655,16.79,16.79,16.79,16.47,NULL,NULL,"[{""price"": 16.79, ""orders"": 17, ""quantity"": 2110}, {""price"": 16.51, ""orders"": 2, ""quantity"": 211}, {""price"": 16.47, ""orders"": 3, ""quantity"": 25}, {""price"": 16.15, ""orders"": 3, ""quantity"": 310}, {""price"": 0.0, ""orders"": 6, ""quantity"": 219}]","[{""price"": 16.15, ""orders"": 5, ""quantity"": 20507}, {""price"": 16.45, ""orders"": 1, ""quantity"": 1}, {""price"": 16.79, ""orders"": 1, ""quantity"": 448}, {""price"": 0.0, ""orders"": 0, ""quantity"": 0}, {""price"": 0.0, ""orders"": 0, ""quantity"": 0}]"
2025-12-18 11:14:14.439601+05:30,137918212,MUDUNURU,16.79,13655,Thu Dec 18 10:15:00 IST 2025,13655,16.79,16.79,16.79,16.47,16.15,16.79,"[{""price"": 16.79, ""orders"": 17, ""quantity"": 2110}, {""price"": 16.51, ""orders"": 2, ""quantity"": 211}, {""price"": 16.47, ""orders"": 3, ""quantity"": 25}, {""price"": 16.15, ""orders"": 3, ""quantity"": 310}, {""price"": 0.0, ""orders"": 6, ""quantity"": 219}]","[{""price"": 16.15, ""orders"": 5, ""quantity"": 20507}, {""price"": 16.45, ""orders"": 1, ""quantity"": 1}, {""price"": 16.79, ""orders"": 1, ""quantity"": 448}, {""price"": 0.0, ""orders"": 0, ""quantity"": 0}, {""price"": 0.0, ""orders"": 0, ""quantity"": 0}]"
2025-12-18 11:14:15.820973+05:30,137918212,MUDUNURU,16.79,13655,Thu Dec 18 10:15:00 IST 2025,13655,16.79,16.79,16.79,16.47,NULL,NULL,"[{""price"": 16.79, ""orders"": 17, ""quantity"": 2110}, {""price"": 16.51, ""orders"": 2, ""quantity"": 211}, {""price"": 16.47, ""orders"": 3, ""quantity"": 25}, {""price"": 16.15, ""orders"": 3, ""quantity"": 310}, {""price"": 0.0, ""orders"": 6, ""quantity"": 219}]","[{""price"": 16.15, ""orders"": 5, ""quantity"": 20507}, {""price"": 16.45, ""orders"": 1, ""quantity"": 1}, {""price"": 16.79, ""orders"": 1, ""quantity"": 448}, {""price"": 0.0, ""orders"": 0, ""quantity"": 0}, {""price"": 0.0, ""orders"": 0, ""quantity"": 0}]"
2025-12-18 11:14:17.148461+05:30,137918212,MUDUNURU,16.79,13655,Thu Dec 18 10:15:00 IST 2025,13655,16.79,16.79,16.79,16.47,NULL,NULL,"[{""price"": 16.79, ""orders"": 17, ""quantity"": 2110}, {""price"": 16.51, ""orders"": 2, ""quantity"": 211}, {""price"": 16.47, ""orders"": 3, ""quantity"": 25}, {""price"": 16.15, ""orders"": 3, ""quantity"": 310}, {""price"": 0.0, ""orders"": 6, ""quantity"": 219}]","[{""price"": 16.15, ""orders"": 5, ""quantity"": 20507}, {""price"": 16.45, ""orders"": 1, ""quantity"": 1}, {""price"": 16.79, ""orders"": 1, ""quantity"": 448}, {""price"": 0.0, ""orders"": 0, ""quantity"": 0}, {""price"": 0.0, ""orders"": 0, ""quantity"": 0}]"
2025-12-18 11:14:18.540483+05:30,137918212,MUDUNURU,16.79,13655,Thu Dec 18 10:15:00 IST 2025,13655,16.79,16.79,16.79,16.47,NULL,NULL,"[{""price"": 16.79, ""orders"": 17, ""quantity"": 2110}, {""price"": 16.51, ""orders"": 2, ""quantity"": 211}, {""price"": 16.47, ""orders"": 3, ""quantity"": 25}, {""price"": 16.15, ""orders"": 3, ""quantity"": 310}, {""price"": 0.0, ""orders"": 6, ""quantity"": 219}]","[{""price"": 16.15, ""orders"": 5, ""quantity"": 20507}, {""price"": 16.45, ""orders"": 1, ""quantity"": 1}, {""price"": 16.79, ""orders"": 1, ""quantity"": 448}, {""price"": 0.0, ""orders"": 0, ""quantity"": 0}, {""price"": 0.0, ""orders"": 0, ""quantity"": 0}]"
2025-12-18 11:14:19.839219+05:30,137918212,MUDUNURU,16.79,13655,Thu Dec 18 10:15:00 IST 2025,13655,16.79,16.79,16.79,16.47,16.15,16.79,"[{""price"": 16.79, ""orders"": 17, ""quantity"": 2110}, {""price"": 16.51, ""orders"": 2, ""quantity"": 211}, {""price"": 16.47, ""orders"": 3, ""quantity"": 25}, {""price"": 16.15, ""orders"": 3, ""quantity"": 310}, {""price"": 0.0, ""orders"": 6, ""quantity"": 219}]","[{""price"": 16.15, ""orders"": 5, ""quantity"": 20507}, {""price"": 16.45, ""orders"": 1, ""quantity"": 1}, {""price"": 16.79, ""orders"": 1, ""quantity"": 448}, {""price"": 0.0, ""orders"": 0, ""quantity"": 0}, {""price"": 0.0, ""orders"": 0, ""quantity"": 0}]"
2025-12-18 11:14:21.177575+05:30,137918212,MUDUNURU,16.79,13655,Thu Dec 18 10:15:00 IST 2025,13655,16.79,16.79,16.79,16.47,NULL,NULL,"[{""price"": 16.79, ""orders"": 17, ""quantity"": 2110}, {""price"": 16.51, ""orders"": 2, ""quantity"": 211}, {""price"": 16.47, ""orders"": 3, ""quantity"": 25}, {""price"": 16.15, ""orders"": 3, ""quantity"": 310}, {""price"": 0.0, ""orders"": 6, ""quantity"": 219}]","[{""price"": 16.15, ""orders"": 5, ""quantity"": 20507}, {""price"": 16.45, ""orders"": 1, ""quantity"": 1}, {""price"": 16.79, ""orders"": 1, ""quantity"": 448}, {""price"": 0.0, ""orders"": 0, ""quantity"": 0}, {""price"": 0.0, ""orders"": 0, ""quantity"": 0}]"
2025-12-18 11:14:22.517456+05:30,137918212,MUDUNURU,16.79,13655,Thu Dec 18 10:15:00 IST 2025,13655,16.79,16.79,16.79,16.47,NULL,NULL,"[{""price"": 16.79, ""orders"": 17, ""quantity"": 2110}, {""price"": 16.51, ""orders"": 2, ""quantity"": 211}, {""price"": 16.47, ""orders"": 3, ""quantity"": 25}, {""price"": 16.15, ""orders"": 3, ""quantity"": 310}, {""price"": 0.0, ""orders"": 6, ""quantity"": 219}]","[{""price"": 16.15, ""orders"": 5, ""quantity"": 20507}, {""price"": 16.45, ""orders"": 1, ""quantity"": 1}, {""price"": 16.79, ""orders"": 1, ""quantity"": 448}, {""price"": 0.0, ""orders"": 0, ""quantity"": 0}, {""price"": 0.0, ""orders"": 0, ""quantity"": 0}]"
2025-12-18 11:14:23.842861+05:30,137918212,MUDUNURU,16.79,13655,Thu Dec 18 10:15:00 IST 2025,13655,16.79,16.79,16.79,16.47,NULL,NULL,"[{""price"": 16.79, ""orders"": 17, ""quantity"": 2110}, {""price"": 16.51, ""orders"": 2, ""quantity"": 211}, {""price"": 16.47, ""orders"": 3, ""quantity"": 25}, {""price"": 16.15, ""orders"": 3, ""quantity"": 310}, {""price"": 0.0, ""orders"": 6, ""quantity"": 219}]","[{""price"": 16.15, ""orders"": 5, ""quantity"": 20507}, {""price"": 16.45, ""orders"": 1, ""quantity"": 1}, {""price"": 16.79, ""orders"": 1, ""quantity"": 448}, {""price"": 0.0, ""orders"": 0, ""quantity"": 0}, {""price"": 0.0, ""orders"": 0, ""quantity"": 0}]"
2025-12-18 11:14:25.161427+05:30,137918212,MUDUNURU,16.79,13655,Thu Dec 18 10:15:00 IST 2025,13655,16.79,16.79,16.79,16.47,NULL,NULL,"[{""price"": 16.79, ""orders"": 17, ""quantity"": 2110}, {""price"": 16.51, ""orders"": 2, ""quantity"": 211}, {""price"": 16.47, ""orders"": 3, ""quantity"": 25}, {""price"": 16.15, ""orders"": 3, ""quantity"": 310}, {""price"": 0.0, ""orders"": 6, ""quantity"": 219}]","[{""price"": 16.15, ""orders"": 5, ""quantity"": 20507}, {""price"": 16.45, ""orders"": 1, ""quantity"": 1}, {""price"": 16.79, ""orders"": 1, ""quantity"": 448}, {""price"": 0.0, ""orders"": 0, ""quantity"": 0}, {""price"": 0.0, ""orders"": 0, ""quantity"": 0}]"
2025-12-18 11:14:26.492792+05:30,137918212,MUDUNURU,16.79,13655,Thu Dec 18 10:15:00 IST 2025,13655,16.79,16.79,16.79,16.47,NULL,NULL,"[{""price"": 16.79, ""orders"": 17, ""quantity"": 2110}, {""price"": 16.51, ""orders"": 2, ""quantity"": 211}, {""price"": 16.47, ""orders"": 3, ""quantity"": 25}, {""price"": 16.15, ""orders"": 3, ""quantity"": 310}, {""price"": 0.0, ""orders"": 6, ""quantity"": 219}]","[{""price"": 16.15, ""orders"": 5, ""quantity"": 20507}, {""price"": 16.45, ""orders"": 1, ""quantity"": 1}, {""price"": 16.79, ""orders"": 1, ""quantity"": 448}, {""price"": 0.0, ""orders"": 0, ""quantity"": 0}, {""price"": 0.0, ""orders"": 0, ""quantity"": 0}]"
2025-12-18 11:14:27.771125+05:30,137918212,MUDUNURU,16.79,13655,Thu Dec 18 10:15:00 IST 2025,13655,16.79,16.79,16.79,16.47,NULL,NULL,"[{""price"": 16.79, ""orders"": 17, ""quantity"": 2110}, {""price"": 16.51, ""orders"": 2, ""quantity"": 211}, {""price"": 16.47, ""orders"": 3, ""quantity"": 25}, {""price"": 16.15, ""orders"": 3, ""quantity"": 310}, {""price"": 0.0, ""orders"": 6, ""quantity"": 219}]","[{""price"": 16.15, ""orders"": 5, ""quantity"": 20507}, {""price"": 16.45, ""orders"": 1, ""quantity"": 1}, {""price"": 16.79, ""orders"": 1, ""quantity"": 448}, {""price"": 0.0, ""orders"": 0, ""quantity"": 0}, {""price"": 0.0, ""orders"": 0, ""quantity"": 0}]"
2025-12-18 11:14:29.07152+05:30,137918212,MUDUNURU,16.79,13655,Thu Dec 18 10:15:00 IST 2025,13655,16.79,16.79,16.79,16.47,NULL,NULL,"[{""price"": 16.79, ""orders"": 17, ""quantity"": 2110}, {""price"": 16.51, ""orders"": 2, ""quantity"": 211}, {""price"": 16.47, ""orders"": 3, ""quantity"": 25}, {""price"": 16.15, ""orders"": 3, ""quantity"": 310}, {""price"": 0.0, ""orders"": 6, ""quantity"": 219}]","[{""price"": 16.15, ""orders"": 5, ""quantity"": 20507}, {""price"": 16.45, ""orders"": 1, ""quantity"": 1}, {""price"": 16.79, ""orders"": 1, ""quantity"": 448}, {""price"": 0.0, ""orders"": 0, ""quantity"": 0}, {""price"": 0.0, ""orders"": 0, ""quantity"": 0}]"
2025-12-18 11:14:30.427765+05:30,137918212,MUDUNURU,16.79,13655,Thu Dec 18 10:15:00 IST 2025,13655,16.79,16.79,16.79,16.47,NULL,NULL,"[{""price"": 16.79, ""orders"": 17, ""quantity"": 2110}, {""price"": 16.51, ""orders"": 2, ""quantity"": 211}, {""price"": 16.47, ""orders"": 3, ""quantity"": 25}, {""price"": 16.15, ""orders"": 3, ""quantity"": 310}, {""price"": 0.0, ""orders"": 6, ""quantity"": 219}]","[{""price"": 16.15, ""orders"": 5, ""quantity"": 20507}, {""price"": 16.45, ""orders"": 1, ""quantity"": 1}, {""price"": 16.79, ""orders"": 1, ""quantity"": 448}, {""price"": 0.0, ""orders"": 0, ""quantity"": 0}, {""price"": 0.0, ""orders"": 0, ""quantity"": 0}]"
2025-12-18 11:14:31.73059+05:30,137918212,MUDUNURU,16.79,13655,Thu Dec 18 10:15:00 IST 2025,13655,16.79,16.79,16.79,16.47,NULL,NULL,"[{""price"": 16.79, ""orders"": 17, ""quantity"": 2110}, {""price"": 16.51, ""orders"": 2, ""quantity"": 211}, {""price"": 16.47, ""orders"": 3, ""quantity"": 25}, {""price"": 16.15, ""orders"": 3, ""quantity"": 310}, {""price"": 0.0, ""orders"": 6, ""quantity"": 219}]","[{""price"": 16.15, ""orders"": 5, ""quantity"": 20507}, {""price"": 16.45, ""orders"": 1, ""quantity"": 1}, {""price"": 16.79, ""orders"": 1, ""quantity"": 448}, {""price"": 0.0, ""orders"": 0, ""quantity"": 0}, {""price"": 0.0, ""orders"": 0, ""quantity"": 0}]"
2025-12-18 11:14:33.01185+05:30,137918212,MUDUNURU,16.79,13655,Thu Dec 18 10:15:00 IST 2025,13655,16.79,16.79,16.79,16.47,NULL,NULL,"[{""price"": 16.79, ""orders"": 17, ""quantity"": 2110}, {""price"": 16.51, ""orders"": 2, ""quantity"": 211}, {""price"": 16.47, ""orders"": 3, ""quantity"": 25}, {""price"": 16.15, ""orders"": 3, ""quantity"": 310}, {""price"": 0.0, ""orders"": 6, ""quantity"": 219}]","[{""price"": 16.15, ""orders"": 5, ""quantity"": 20507}, {""price"": 16.45, ""orders"": 1, ""quantity"": 1}, {""price"": 16.79, ""orders"": 1, ""quantity"": 448}, {""price"": 0.0, ""orders"": 0, ""quantity"": 0}, {""price"": 0.0, ""orders"": 0, ""quantity"": 0}]"
2025-12-18 11:14:34.361604+05:30,137918212,MUDUNURU,16.79,13655,Thu Dec 18 10:15:00 IST 2025,13655,16.79,16.79,16.79,16.47,NULL,NULL,"[{""price"": 16.79, ""orders"": 17, ""quantity"": 2110}, {""price"": 16.51, ""orders"": 2, ""quantity"": 211}, {""price"": 16.47, ""orders"": 3, ""quantity"": 25}, {""price"": 16.15, ""orders"": 3, ""quantity"": 310}, {""price"": 0.0, ""orders"": 6, ""quantity"": 219}]","[{""price"": 16.15, ""orders"": 5, ""quantity"": 20507}, {""price"": 16.45, ""orders"": 1, ""quantity"": 1}, {""price"": 16.79, ""orders"": 1, ""quantity"": 448}, {""price"": 0.0, ""orders"": 0, ""quantity"": 0}, {""price"": 0.0, ""orders"": 0, ""quantity"": 0}]"
2025-12-18 11:14:35.633219+05:30,137918212,MUDUNURU,16.79,13655,Thu Dec 18 10:15:00 IST 2025,13655,16.79,16.79,16.79,16.47,NULL,NULL,"[{""price"": 16.79, ""orders"": 17, ""quantity"": 2110}, {""price"": 16.51, ""orders"": 2, ""quantity"": 211}, {""price"": 16.47, ""orders"": 3, ""quantity"": 25}, {""price"": 16.15, ""orders"": 3, ""quantity"": 310}, {""price"": 0.0, ""orders"": 6, ""quantity"": 219}]","[{""price"": 16.15, ""orders"": 5, ""quantity"": 20507}, {""price"": 16.45, ""orders"": 1, ""quantity"": 1}, {""price"": 16.79, ""orders"": 1, ""quantity"": 448}, {""price"": 0.0, ""orders"": 0, ""quantity"": 0}, {""price"": 0.0, ""orders"": 0, ""quantity"": 0}]"
2025-12-18 11:14:36.950279+05:30,137918212,MUDUNURU,16.79,13655,Thu Dec 18 10:15:00 IST 2025,13655,16.79,16.79,16.79,16.47,NULL,NULL,"[{""price"": 16.79, ""orders"": 17, ""quantity"": 2110}, {""price"": 16.51, ""orders"": 2, ""quantity"": 211}, {""price"": 16.47, ""orders"": 3, ""quantity"": 25}, {""price"": 16.15, ""orders"": 3, ""quantity"": 310}, {""price"": 0.0, ""orders"": 6, ""quantity"": 219}]","[{""price"": 16.15, ""orders"": 5, ""quantity"": 20507}, {""price"": 16.45, ""orders"": 1, ""quantity"": 1}, {""price"": 16.79, ""orders"": 1, ""quantity"": 448}, {""price"": 0.0, ""orders"": 0, ""quantity"": 0}, {""price"": 0.0, ""orders"": 0, ""quantity"": 0}]"
2025-12-18 11:14:59.251123+05:30,137918212,MUDUNURU,16.15,2875,Thu Dec 18 11:15:00 IST 2025,16530,16.79,16.79,16.15,16.47,NULL,NULL,"[{""price"": 0.0, ""orders"": 0, ""quantity"": 0}, {""price"": 0.0, ""orders"": 0, ""quantity"": 0}, {""price"": 0.0, ""orders"": 0, ""quantity"": 0}, {""price"": 0.0, ""orders"": 0, ""quantity"": 0}, {""price"": 0.0, ""orders"": 0, ""quantity"": 0}]","[{""price"": 16.15, ""orders"": 5, ""quantity"": 17632}, {""price"": 16.45, ""orders"": 1, ""quantity"": 1}, {""price"": 16.79, ""orders"": 1, ""quantity"": 448}, {""price"": 0.0, ""orders"": 0, ""quantity"": 0}, {""price"": 0.0, ""orders"": 0, ""quantity"": 0}]"
2025-12-18 11:15:31.680371+05:30,137918212,MUDUNURU,16.15,2875,Thu Dec 18 11:15:00 IST 2025,16530,16.79,16.79,16.15,16.47,NULL,NULL,"[{""price"": 0.0, ""orders"": 0, ""quantity"": 0}, {""price"": 0.0, ""orders"": 0, ""quantity"": 0}, {""price"": 0.0, ""orders"": 0, ""quantity"": 0}, {""price"": 0.0, ""orders"": 0, ""quantity"": 0}, {""price"": 0.0, ""orders"": 0, ""quantity"": 0}]","[{""price"": 16.15, ""orders"": 5, ""quantity"": 17632}, {""price"": 16.45, ""orders"": 1, ""quantity"": 1}, {""price"": 16.79, ""orders"": 1, ""quantity"": 448}, {""price"": 0.0, ""orders"": 0, ""quantity"": 0}, {""price"": 0.0, ""orders"": 0, ""quantity"": 0}]"
2025-12-18 11:15:33.050482+05:30,137918212,MUDUNURU,16.15,2875,Thu Dec 18 11:15:00 IST 2025,16530,16.79,16.79,16.15,16.47,NULL,NULL,"[{""price"": 0.0, ""orders"": 0, ""quantity"": 0}, {""price"": 0.0, ""orders"": 0, ""quantity"": 0}, {""price"": 0.0, ""orders"": 0, ""quantity"": 0}, {""price"": 0.0, ""orders"": 0, ""quantity"": 0}, {""price"": 0.0, ""orders"": 0, ""quantity"": 0}]","[{""price"": 16.15, ""orders"": 5, ""quantity"": 17632}, {""price"": 16.45, ""orders"": 1, ""quantity"": 1}, {""price"": 16.79, ""orders"": 1, ""quantity"": 448}, {""price"": 0.0, ""orders"": 0, ""quantity"": 0}, {""price"": 0.0, ""orders"": 0, ""quantity"": 0}]"
2025-12-18 11:15:34.311773+05:30,137918212,MUDUNURU,16.15,2875,Thu Dec 18 11:15:00 IST 2025,16530,16.79,16.79,16.15,16.47,NULL,NULL,"[{""price"": 0.0, ""orders"": 0, ""quantity"": 0}, {""price"": 0.0, ""orders"": 0, ""quantity"": 0}, {""price"": 0.0, ""orders"": 0, ""quantity"": 0}, {""price"": 0.0, ""orders"": 0, ""quantity"": 0}, {""price"": 0.0, ""orders"": 0, ""quantity"": 0}]","[{""price"": 16.15, ""orders"": 5, ""quantity"": 17632}, {""price"": 16.45, ""orders"": 1, ""quantity"": 1}, {""price"": 16.79, ""orders"": 1, ""quantity"": 448}, {""price"": 0.0, ""orders"": 0, ""quantity"": 0}, {""price"": 0.0, ""orders"": 0, ""quantity"": 0}]"
2025-12-18 11:15:35.6428+05:30,137918212,MUDUNURU,16.15,2875,Thu Dec 18 11:15:00 IST 2025,16530,16.79,16.79,16.15,16.47,NULL,NULL,"[{""price"": 0.0, ""orders"": 0, ""quantity"": 0}, {""price"": 0.0, ""orders"": 0, ""quantity"": 0}, {""price"": 0.0, ""orders"": 0, ""quantity"": 0}, {""price"": 0.0, ""orders"": 0, ""quantity"": 0}, {""price"": 0.0, ""orders"": 0, ""quantity"": 0}]","[{""price"": 16.15, ""orders"": 5, ""quantity"": 17632}, {""price"": 16.45, ""orders"": 1, ""quantity"": 1}, {""price"": 16.79, ""orders"": 1, ""quantity"": 448}, {""price"": 0.0, ""orders"": 0, ""quantity"": 0}, {""price"": 0.0, ""orders"": 0, ""quantity"": 0}]"
2025-12-18 11:15:36.970974+05:30,137918212,MUDUNURU,16.15,2875,Thu Dec 18 11:15:00 IST 2025,16530,16.79,16.79,16.15,16.47,NULL,NULL,"[{""price"": 0.0, ""orders"": 0, ""quantity"": 0}, {""price"": 0.0, ""orders"": 0, ""quantity"": 0}, {""price"": 0.0, ""orders"": 0, ""quantity"": 0}, {""price"": 0.0, ""orders"": 0, ""quantity"": 0}, {""price"": 0.0, ""orders"": 0, ""quantity"": 0}]","[{""price"": 16.15, ""orders"": 5, ""quantity"": 17632}, {""price"": 16.45, ""orders"": 1, ""quantity"": 1}, {""price"": 16.79, ""orders"": 1, ""quantity"": 448}, {""price"": 0.0, ""orders"": 0, ""quantity"": 0}, {""price"": 0.0, ""orders"": 0, ""quantity"": 0}]"
2025-12-18 11:15:38.377734+05:30,137918212,MUDUNURU,16.15,2875,Thu Dec 18 11:15:00 IST 2025,16530,16.79,16.79,16.15,16.47,NULL,NULL,"[{""price"": 0.0, ""orders"": 0, ""quantity"": 0}, {""price"": 0.0, ""orders"": 0, ""quantity"": 0}, {""price"": 0.0, ""orders"": 0, ""quantity"": 0}, {""price"": 0.0, ""orders"": 0, ""quantity"": 0}, {""price"": 0.0, ""orders"": 0, ""quantity"": 0}]","[{""price"": 16.15, ""orders"": 5, ""quantity"": 17632}, {""price"": 16.45, ""orders"": 1, ""quantity"": 1}, {""price"": 16.79, ""orders"": 1, ""quantity"": 448}, {""price"": 0.0, ""orders"": 0, ""quantity"": 0}, {""price"": 0.0, ""orders"": 0, ""quantity"": 0}]"
2025-12-18 11:15:39.688226+05:30,137918212,MUDUNURU,16.15,2875,Thu Dec 18 11:15:00 IST 2025,16530,16.79,16.79,16.15,16.47,NULL,NULL,"[{""price"": 0.0, ""orders"": 0, ""quantity"": 0}, {""price"": 0.0, ""orders"": 0, ""quantity"": 0}, {""price"": 0.0, ""orders"": 0, ""quantity"": 0}, {""price"": 0.0, ""orders"": 0, ""quantity"": 0}, {""price"": 0.0, ""orders"": 0, ""quantity"": 0}]","[{""price"": 16.15, ""orders"": 5, ""quantity"": 17632}, {""price"": 16.45, ""orders"": 1, ""quantity"": 1}, {""price"": 16.79, ""orders"": 1, ""quantity"": 448}, {""price"": 0.0, ""orders"": 0, ""quantity"": 0}, {""price"": 0.0, ""orders"": 0, ""quantity"": 0}]"
2025-12-18 11:15:41.112715+05:30,137918212,MUDUNURU,16.15,2875,Thu Dec 18 11:15:00 IST 2025,16530,16.79,16.79,16.15,16.47,NULL,NULL,"[{""price"": 0.0, ""orders"": 0, ""quantity"": 0}, {""price"": 0.0, ""orders"": 0, ""quantity"": 0}, {""price"": 0.0, ""orders"": 0, ""quantity"": 0}, {""price"": 0.0, ""orders"": 0, ""quantity"": 0}, {""price"": 0.0, ""orders"": 0, ""quantity"": 0}]","[{""price"": 16.15, ""orders"": 5, ""quantity"": 17632}, {""price"": 16.45, ""orders"": 1, ""quantity"": 1}, {""price"": 16.79, ""orders"": 1, ""quantity"": 448}, {""price"": 0.0, ""orders"": 0, ""quantity"": 0}, {""price"": 0.0, ""orders"": 0, ""quantity"": 0}]"
2025-12-18 11:15:42.518366+05:30,137918212,MUDUNURU,16.15,2875,Thu Dec 18 11:15:00 IST 2025,16530,16.79,16.79,16.15,16.47,NULL,NULL,"[{""price"": 0.0, ""orders"": 0, ""quantity"": 0}, {""price"": 0.0, ""orders"": 0, ""quantity"": 0}, {""price"": 0.0, ""orders"": 0, ""quantity"": 0}, {""price"": 0.0, ""orders"": 0, ""quantity"": 0}, {""price"": 0.0, ""orders"": 0, ""quantity"": 0}]","[{""price"": 16.15, ""orders"": 5, ""quantity"": 17632}, {""price"": 16.45, ""orders"": 1, ""quantity"": 1}, {""price"": 16.79, ""orders"": 1, ""quantity"": 448}, {""price"": 0.0, ""orders"": 0, ""quantity"": 0}, {""price"": 0.0, ""orders"": 0, ""quantity"": 0}]"
2025-12-18 11:15:43.877229+05:30,137918212,MUDUNURU,16.15,2875,Thu Dec 18 11:15:00 IST 2025,16530,16.79,16.79,16.15,16.47,NULL,NULL,"[{""price"": 0.0, ""orders"": 0, ""quantity"": 0}, {""price"": 0.0, ""orders"": 0, ""quantity"": 0}, {""price"": 0.0, ""orders"": 0, ""quantity"": 0}, {""price"": 0.0, ""orders"": 0, ""quantity"": 0}, {""price"": 0.0, ""orders"": 0, ""quantity"": 0}]","[{""price"": 16.15, ""orders"": 5, ""quantity"": 17632}, {""price"": 16.45, ""orders"": 1, ""quantity"": 1}, {""price"": 16.79, ""orders"": 1, ""quantity"": 448}, {""price"": 0.0, ""orders"": 0, ""quantity"": 0}, {""price"": 0.0, ""orders"": 0, ""quantity"": 0}]"
2025-12-18 11:15:45.25324+05:30,137918212,MUDUNURU,16.15,2875,Thu Dec 18 11:15:00 IST 2025,16530,16.79,16.79,16.15,16.47,NULL,NULL,"[{""price"": 0.0, ""orders"": 0, ""quantity"": 0}, {""price"": 0.0, ""orders"": 0, ""quantity"": 0}, {""price"": 0.0, ""orders"": 0, ""quantity"": 0}, {""price"": 0.0, ""orders"": 0, ""quantity"": 0}, {""price"": 0.0, ""orders"": 0, ""quantity"": 0}]","[{""price"": 16.15, ""orders"": 5, ""quantity"": 17632}, {""price"": 16.45, ""orders"": 1, ""quantity"": 1}, {""price"": 16.79, ""orders"": 1, ""quantity"": 448}, {""price"": 0.0, ""orders"": 0, ""quantity"": 0}, {""price"": 0.0, ""orders"": 0, ""quantity"": 0}]"
2025-12-18 11:15:46.619421+05:30,137918212,MUDUNURU,16.15,2875,Thu Dec 18 11:15:00 IST 2025,16530,16.79,16.79,16.15,16.47,NULL,NULL,"[{""price"": 0.0, ""orders"": 0, ""quantity"": 0}, {""price"": 0.0, ""orders"": 0, ""quantity"": 0}, {""price"": 0.0, ""orders"": 0, ""quantity"": 0}, {""price"": 0.0, ""orders"": 0, ""quantity"": 0}, {""price"": 0.0, ""orders"": 0, ""quantity"": 0}]","[{""price"": 16.15, ""orders"": 5, ""quantity"": 17632}, {""price"": 16.45, ""orders"": 1, ""quantity"": 1}, {""price"": 16.79, ""orders"": 1, ""quantity"": 448}, {""price"": 0.0, ""orders"": 0, ""quantity"": 0}, {""price"": 0.0, ""orders"": 0, ""quantity"": 0}]"
2025-12-18 11:15:48.002435+05:30,137918212,MUDUNURU,16.15,2875,Thu Dec 18 11:15:00 IST 2025,16530,16.79,16.79,16.15,16.47,NULL,NULL,"[{""price"": 0.0, ""orders"": 0, ""quantity"": 0}, {""price"": 0.0, ""orders"": 0, ""quantity"": 0}, {""price"": 0.0, ""orders"": 0, ""quantity"": 0}, {""price"": 0.0, ""orders"": 0, ""quantity"": 0}, {""price"": 0.0, ""orders"": 0, ""quantity"": 0}]","[{""price"": 16.15, ""orders"": 5, ""quantity"": 17632}, {""price"": 16.45, ""orders"": 1, ""quantity"": 1}, {""price"": 16.79, ""orders"": 1, ""quantity"": 448}, {""price"": 0.0, ""orders"": 0, ""quantity"": 0}, {""price"": 0.0, ""orders"": 0, ""quantity"": 0}]"
2025-12-18 11:15:49.313372+05:30,137918212,MUDUNURU,16.15,2875,Thu Dec 18 11:15:00 IST 2025,16530,16.79,16.79,16.15,16.47,NULL,NULL,"[{""price"": 0.0, ""orders"": 0, ""quantity"": 0}, {""price"": 0.0, ""orders"": 0, ""quantity"": 0}, {""price"": 0.0, ""orders"": 0, ""quantity"": 0}, {""price"": 0.0, ""orders"": 0, ""quantity"": 0}, {""price"": 0.0, ""orders"": 0, ""quantity"": 0}]","[{""price"": 16.15, ""orders"": 5, ""quantity"": 17632}, {""price"": 16.45, ""orders"": 1, ""quantity"": 1}, {""price"": 16.79, ""orders"": 1, ""quantity"": 448}, {""price"": 0.0, ""orders"": 0, ""quantity"": 0}, {""price"": 0.0, ""orders"": 0, ""quantity"": 0}]"
2025-12-18 11:15:50.643395+05:30,137918212,MUDUNURU,16.15,2875,Thu Dec 18 11:15:00 IST 2025,16530,16.79,16.79,16.15,16.47,NULL,NULL,"[{""price"": 0.0, ""orders"": 0, ""quantity"": 0}, {""price"": 0.0, ""orders"": 0, ""quantity"": 0}, {""price"": 0.0, ""orders"": 0, ""quantity"": 0}, {""price"": 0.0, ""orders"": 0, ""quantity"": 0}, {""price"": 0.0, ""orders"": 0, ""quantity"": 0}]","[{""price"": 16.15, ""orders"": 5, ""quantity"": 17632}, {""price"": 16.45, ""orders"": 1, ""quantity"": 1}, {""price"": 16.79, ""orders"": 1, ""quantity"": 448}, {""price"": 0.0, ""orders"": 0, ""quantity"": 0}, {""price"": 0.0, ""orders"": 0, ""quantity"": 0}]"
2025-12-18 11:15:51.923933+05:30,137918212,MUDUNURU,16.15,2875,Thu Dec 18 11:15:00 IST 2025,16530,16.79,16.79,16.15,16.47,NULL,NULL,"[{""price"": 0.0, ""orders"": 0, ""quantity"": 0}, {""price"": 0.0, ""orders"": 0, ""quantity"": 0}, {""price"": 0.0, ""orders"": 0, ""quantity"": 0}, {""price"": 0.0, ""orders"": 0, ""quantity"": 0}, {""price"": 0.0, ""orders"": 0, ""quantity"": 0}]","[{""price"": 16.15, ""orders"": 5, ""quantity"": 17632}, {""price"": 16.45, ""orders"": 1, ""quantity"": 1}, {""price"": 16.79, ""orders"": 1, ""quantity"": 448}, {""price"": 0.0, ""orders"": 0, ""quantity"": 0}, {""price"": 0.0, ""orders"": 0, ""quantity"": 0}]"
2025-12-18 11:15:53.261542+05:30,137918212,MUDUNURU,16.15,2875,Thu Dec 18 11:15:00 IST 2025,16530,16.79,16.79,16.15,16.47,NULL,NULL,"[{""price"": 0.0, ""orders"": 0, ""quantity"": 0}, {""price"": 0.0, ""orders"": 0, ""quantity"": 0}, {""price"": 0.0, ""orders"": 0, ""quantity"": 0}, {""price"": 0.0, ""orders"": 0, ""quantity"": 0}, {""price"": 0.0, ""orders"": 0, ""quantity"": 0}]","[{""price"": 16.15, ""orders"": 5, ""quantity"": 17632}, {""price"": 16.45, ""orders"": 1, ""quantity"": 1}, {""price"": 16.79, ""orders"": 1, ""quantity"": 448}, {""price"": 0.0, ""orders"": 0, ""quantity"": 0}, {""price"": 0.0, ""orders"": 0, ""quantity"": 0}]"
2025-12-18 11:15:54.577646+05:30,137918212,MUDUNURU,16.15,2875,Thu Dec 18 11:15:00 IST 2025,16530,16.79,16.79,16.15,16.47,NULL,NULL,"[{""price"": 0.0, ""orders"": 0, ""quantity"": 0}, {""price"": 0.0, ""orders"": 0, ""quantity"": 0}, {""price"": 0.0, ""orders"": 0, ""quantity"": 0}, {""price"": 0.0, ""orders"": 0, ""quantity"": 0}, {""price"": 0.0, ""orders"": 0, ""quantity"": 0}]","[{""price"": 16.15, ""orders"": 5, ""quantity"": 17632}, {""price"": 16.45, ""orders"": 1, ""quantity"": 1}, {""price"": 16.79, ""orders"": 1, ""quantity"": 448}, {""price"": 0.0, ""orders"": 0, ""quantity"": 0}, {""price"": 0.0, ""orders"": 0, ""quantity"": 0}]"
2025-12-18 11:15:56.015216+05:30,137918212,MUDUNURU,16.15,2875,Thu Dec 18 11:15:00 IST 2025,16530,16.79,16.79,16.15,16.47,NULL,NULL,"[{""price"": 0.0, ""orders"": 0, ""quantity"": 0}, {""price"": 0.0, ""orders"": 0, ""quantity"": 0}, {""price"": 0.0, ""orders"": 0, ""quantity"": 0}, {""price"": 0.0, ""orders"": 0, ""quantity"": 0}, {""price"": 0.0, ""orders"": 0, ""quantity"": 0}]","[{""price"": 16.15, ""orders"": 5, ""quantity"": 17632}, {""price"": 16.45, ""orders"": 1, ""quantity"": 1}, {""price"": 16.79, ""orders"": 1, ""quantity"": 448}, {""price"": 0.0, ""orders"": 0, ""quantity"": 0}, {""price"": 0.0, ""orders"": 0, ""quantity"": 0}]"
2025-12-18 11:15:57.337477+05:30,137918212,MUDUNURU,16.15,2875,Thu Dec 18 11:15:00 IST 2025,16530,16.79,16.79,16.15,16.47,NULL,NULL,"[{""price"": 0.0, ""orders"": 0, ""quantity"": 0}, {""price"": 0.0, ""orders"": 0, ""quantity"": 0}, {""price"": 0.0, ""orders"": 0, ""quantity"": 0}, {""price"": 0.0, ""orders"": 0, ""quantity"": 0}, {""price"": 0.0, ""orders"": 0, ""quantity"": 0}]","[{""price"": 16.15, ""orders"": 5, ""quantity"": 17632}, {""price"": 16.45, ""orders"": 1, ""quantity"": 1}, {""price"": 16.79, ""orders"": 1, ""quantity"": 448}, {""price"": 0.0, ""orders"": 0, ""quantity"": 0}, {""price"": 0.0, ""orders"": 0, ""quantity"": 0}]"
2025-12-18 11:15:58.721094+05:30,137918212,MUDUNURU,16.15,2875,Thu Dec 18 11:15:00 IST 2025,16530,16.79,16.79,16.15,16.47,NULL,NULL,"[{""price"": 0.0, ""orders"": 0, ""quantity"": 0}, {""price"": 0.0, ""orders"": 0, ""quantity"": 0}, {""price"": 0.0, ""orders"": 0, ""quantity"": 0}, {""price"": 0.0, ""orders"": 0, ""quantity"": 0}, {""price"": 0.0, ""orders"": 0, ""quantity"": 0}]","[{""price"": 16.15, ""orders"": 5, ""quantity"": 17632}, {""price"": 16.45, ""orders"": 1, ""quantity"": 1}, {""price"": 16.79, ""orders"": 1, ""quantity"": 448}, {""price"": 0.0, ""orders"": 0, ""quantity"": 0}, {""price"": 0.0, ""orders"": 0, ""quantity"": 0}]"
2025-12-18 11:16:00.089189+05:30,137918212,MUDUNURU,16.15,2875,Thu Dec 18 11:15:00 IST 2025,16530,16.79,16.79,16.15,16.47,NULL,NULL,"[{""price"": 0.0, ""orders"": 0, ""quantity"": 0}, {""price"": 0.0, ""orders"": 0, ""quantity"": 0}, {""price"": 0.0, ""orders"": 0, ""quantity"": 0}, {""price"": 0.0, ""orders"": 0, ""quantity"": 0}, {""price"": 0.0, ""orders"": 0, ""quantity"": 0}]","[{""price"": 16.15, ""orders"": 5, ""quantity"": 17632}, {""price"": 16.45, ""orders"": 1, ""quantity"": 1}, {""price"": 16.79, ""orders"": 1, ""quantity"": 448}, {""price"": 0.0, ""orders"": 0, ""quantity"": 0}, {""price"": 0.0, ""orders"": 0, ""quantity"": 0}]"
2025-12-18 11:16:30.278447+05:30,137918212,MUDUNURU,16.15,2875,Thu Dec 18 11:15:00 IST 2025,16530,16.79,16.79,16.15,16.47,NULL,NULL,"[{""price"": 0.0, ""orders"": 0, ""quantity"": 0}, {""price"": 0.0, ""orders"": 0, ""quantity"": 0}, {""price"": 0.0, ""orders"": 0, ""quantity"": 0}, {""price"": 0.0, ""orders"": 0, ""quantity"": 0}, {""price"": 0.0, ""orders"": 0, ""quantity"": 0}]","[{""price"": 16.15, ""orders"": 5, ""quantity"": 17632}, {""price"": 16.45, ""orders"": 1, ""quantity"": 1}, {""price"": 16.79, ""orders"": 1, ""quantity"": 448}, {""price"": 0.0, ""orders"": 0, ""quantity"": 0}, {""price"": 0.0, ""orders"": 0, ""quantity"": 0}]"
2025-12-18 11:16:31.64849+05:30,137918212,MUDUNURU,16.15,2875,Thu Dec 18 11:15:00 IST 2025,16530,16.79,16.79,16.15,16.47,NULL,NULL,"[{""price"": 0.0, ""orders"": 0, ""quantity"": 0}, {""price"": 0.0, ""orders"": 0, ""quantity"": 0}, {""price"": 0.0, ""orders"": 0, ""quantity"": 0}, {""price"": 0.0, ""orders"": 0, ""quantity"": 0}, {""price"": 0.0, ""orders"": 0, ""quantity"": 0}]","[{""price"": 16.15, ""orders"": 5, ""quantity"": 17632}, {""price"": 16.45, ""orders"": 1, ""quantity"": 1}, {""price"": 16.79, ""orders"": 1, ""quantity"": 448}, {""price"": 0.0, ""orders"": 0, ""quantity"": 0}, {""price"": 0.0, ""orders"": 0, ""quantity"": 0}]"
2025-12-18 11:16:33.06877+05:30,137918212,MUDUNURU,16.15,2875,Thu Dec 18 11:15:00 IST 2025,16530,16.79,16.79,16.15,16.47,NULL,NULL,"[{""price"": 0.0, ""orders"": 0, ""quantity"": 0}, {""price"": 0.0, ""orders"": 0, ""quantity"": 0}, {""price"": 0.0, ""orders"": 0, ""quantity"": 0}, {""price"": 0.0, ""orders"": 0, ""quantity"": 0}, {""price"": 0.0, ""orders"": 0, ""quantity"": 0}]","[{""price"": 16.15, ""orders"": 5, ""quantity"": 17632}, {""price"": 16.45, ""orders"": 1, ""quantity"": 1}, {""price"": 16.79, ""orders"": 1, ""quantity"": 448}, {""price"": 0.0, ""orders"": 0, ""quantity"": 0}, {""price"": 0.0, ""orders"": 0, ""quantity"": 0}]"
2025-12-18 11:16:34.384511+05:30,137918212,MUDUNURU,16.15,2875,Thu Dec 18 11:15:00 IST 2025,16530,16.79,16.79,16.15,16.47,NULL,NULL,"[{""price"": 0.0, ""orders"": 0, ""quantity"": 0}, {""price"": 0.0, ""orders"": 0, ""quantity"": 0}, {""price"": 0.0, ""orders"": 0, ""quantity"": 0}, {""price"": 0.0, ""orders"": 0, ""quantity"": 0}, {""price"": 0.0, ""orders"": 0, ""quantity"": 0}]","[{""price"": 16.15, ""orders"": 5, ""quantity"": 17632}, {""price"": 16.45, ""orders"": 1, ""quantity"": 1}, {""price"": 16.79, ""orders"": 1, ""quantity"": 448}, {""price"": 0.0, ""orders"": 0, ""quantity"": 0}, {""price"": 0.0, ""orders"": 0, ""quantity"": 0}]"
2025-12-18 11:16:35.690739+05:30,137918212,MUDUNURU,16.15,2875,Thu Dec 18 11:15:00 IST 2025,16530,16.79,16.79,16.15,16.47,NULL,NULL,"[{""price"": 0.0, ""orders"": 0, ""quantity"": 0}, {""price"": 0.0, ""orders"": 0, ""quantity"": 0}, {""price"": 0.0, ""orders"": 0, ""quantity"": 0}, {""price"": 0.0, ""orders"": 0, ""quantity"": 0}, {""price"": 0.0, ""orders"": 0, ""quantity"": 0}]","[{""price"": 16.15, ""orders"": 5, ""quantity"": 17632}, {""price"": 16.45, ""orders"": 1, ""quantity"": 1}, {""price"": 16.79, ""orders"": 1, ""quantity"": 448}, {""price"": 0.0, ""orders"": 0, ""quantity"": 0}, {""price"": 0.0, ""orders"": 0, ""quantity"": 0}]"
2025-12-18 11:16:36.946059+05:30,137918212,MUDUNURU,16.15,2875,Thu Dec 18 11:15:00 IST 2025,16530,16.79,16.79,16.15,16.47,NULL,NULL,"[{""price"": 0.0, ""orders"": 0, ""quantity"": 0}, {""price"": 0.0, ""orders"": 0, ""quantity"": 0}, {""price"": 0.0, ""orders"": 0, ""quantity"": 0}, {""price"": 0.0, ""orders"": 0, ""quantity"": 0}, {""price"": 0.0, ""orders"": 0, ""quantity"": 0}]","[{""price"": 16.15, ""orders"": 5, ""quantity"": 17632}, {""price"": 16.45, ""orders"": 1, ""quantity"": 1}, {""price"": 16.79, ""orders"": 1, ""quantity"": 448}, {""price"": 0.0, ""orders"": 0, ""quantity"": 0}, {""price"": 0.0, ""orders"": 0, ""quantity"": 0}]"
2025-12-18 11:16:38.373664+05:30,137918212,MUDUNURU,16.15,2875,Thu Dec 18 11:15:00 IST 2025,16530,16.79,16.79,16.15,16.47,NULL,NULL,"[{""price"": 0.0, ""orders"": 0, ""quantity"": 0}, {""price"": 0.0, ""orders"": 0, ""quantity"": 0}, {""price"": 0.0, ""orders"": 0, ""quantity"": 0}, {""price"": 0.0, ""orders"": 0, ""quantity"": 0}, {""price"": 0.0, ""orders"": 0, ""quantity"": 0}]","[{""price"": 16.15, ""orders"": 5, ""quantity"": 17632}, {""price"": 16.45, ""orders"": 1, ""quantity"": 1}, {""price"": 16.79, ""orders"": 1, ""quantity"": 448}, {""price"": 0.0, ""orders"": 0, ""quantity"": 0}, {""price"": 0.0, ""orders"": 0, ""quantity"": 0}]"
2025-12-18 11:16:39.754272+05:30,137918212,MUDUNURU,16.15,2875,Thu Dec 18 11:15:00 IST 2025,16530,16.79,16.79,16.15,16.47,NULL,NULL,"[{""price"": 0.0, ""orders"": 0, ""quantity"": 0}, {""price"": 0.0, ""orders"": 0, ""quantity"": 0}, {""price"": 0.0, ""orders"": 0, ""quantity"": 0}, {""price"": 0.0, ""orders"": 0, ""quantity"": 0}, {""price"": 0.0, ""orders"": 0, ""quantity"": 0}]","[{""price"": 16.15, ""orders"": 5, ""quantity"": 17632}, {""price"": 16.45, ""orders"": 1, ""quantity"": 1}, {""price"": 16.79, ""orders"": 1, ""quantity"": 448}, {""price"": 0.0, ""orders"": 0, ""quantity"": 0}, {""price"": 0.0, ""orders"": 0, ""quantity"": 0}]"
2025-12-18 11:16:41.082703+05:30,137918212,MUDUNURU,16.15,2875,Thu Dec 18 11:15:00 IST 2025,16530,16.79,16.79,16.15,16.47,NULL,NULL,"[{""price"": 0.0, ""orders"": 0, ""quantity"": 0}, {""price"": 0.0, ""orders"": 0, ""quantity"": 0}, {""price"": 0.0, ""orders"": 0, ""quantity"": 0}, {""price"": 0.0, ""orders"": 0, ""quantity"": 0}, {""price"": 0.0, ""orders"": 0, ""quantity"": 0}]","[{""price"": 16.15, ""orders"": 5, ""quantity"": 17632}, {""price"": 16.45, ""orders"": 1, ""quantity"": 1}, {""price"": 16.79, ""orders"": 1, ""quantity"": 448}, {""price"": 0.0, ""orders"": 0, ""quantity"": 0}, {""price"": 0.0, ""orders"": 0, ""quantity"": 0}]"
2025-12-18 11:16:42.477396+05:30,137918212,MUDUNURU,16.15,2875,Thu Dec 18 11:15:00 IST 2025,16530,16.79,16.79,16.15,16.47,NULL,NULL,"[{""price"": 0.0, ""orders"": 0, ""quantity"": 0}, {""price"": 0.0, ""orders"": 0, ""quantity"": 0}, {""price"": 0.0, ""orders"": 0, ""quantity"": 0}, {""price"": 0.0, ""orders"": 0, ""quantity"": 0}, {""price"": 0.0, ""orders"": 0, ""quantity"": 0}]","[{""price"": 16.15, ""orders"": 5, ""quantity"": 17632}, {""price"": 16.45, ""orders"": 1, ""quantity"": 1}, {""price"": 16.79, ""orders"": 1, ""quantity"": 448}, {""price"": 0.0, ""orders"": 0, ""quantity"": 0}, {""price"": 0.0, ""orders"": 0, ""quantity"": 0}]"
2025-12-18 11:16:43.816809+05:30,137918212,MUDUNURU,16.15,2875,Thu Dec 18 11:15:00 IST 2025,16530,16.79,16.79,16.15,16.47,NULL,NULL,"[{""price"": 0.0, ""orders"": 0, ""quantity"": 0}, {""price"": 0.0, ""orders"": 0, ""quantity"": 0}, {""price"": 0.0, ""orders"": 0, ""quantity"": 0}, {""price"": 0.0, ""orders"": 0, ""quantity"": 0}, {""price"": 0.0, ""orders"": 0, ""quantity"": 0}]","[{""price"": 16.15, ""orders"": 5, ""quantity"": 17632}, {""price"": 16.45, ""orders"": 1, ""quantity"": 1}, {""price"": 16.79, ""orders"": 1, ""quantity"": 448}, {""price"": 0.0, ""orders"": 0, ""quantity"": 0}, {""price"": 0.0, ""orders"": 0, ""quantity"": 0}]"
2025-12-18 11:16:45.121832+05:30,137918212,MUDUNURU,16.15,2875,Thu Dec 18 11:15:00 IST 2025,16530,16.79,16.79,16.15,16.47,NULL,NULL,"[{""price"": 0.0, ""orders"": 0, ""quantity"": 0}, {""price"": 0.0, ""orders"": 0, ""quantity"": 0}, {""price"": 0.0, ""orders"": 0, ""quantity"": 0}, {""price"": 0.0, ""orders"": 0, ""quantity"": 0}, {""price"": 0.0, ""orders"": 0, ""quantity"": 0}]","[{""price"": 16.15, ""orders"": 5, ""quantity"": 17632}, {""price"": 16.45, ""orders"": 1, ""quantity"": 1}, {""price"": 16.79, ""orders"": 1, ""quantity"": 448}, {""price"": 0.0, ""orders"": 0, ""quantity"": 0}, {""price"": 0.0, ""orders"": 0, ""quantity"": 0}]"
2025-12-18 11:16:46.517734+05:30,137918212,MUDUNURU,16.15,2875,Thu Dec 18 11:15:00 IST 2025,16530,16.79,16.79,16.15,16.47,NULL,NULL,"[{""price"": 0.0, ""orders"": 0, ""quantity"": 0}, {""price"": 0.0, ""orders"": 0, ""quantity"": 0}, {""price"": 0.0, ""orders"": 0, ""quantity"": 0}, {""price"": 0.0, ""orders"": 0, ""quantity"": 0}, {""price"": 0.0, ""orders"": 0, ""quantity"": 0}]","[{""price"": 16.15, ""orders"": 5, ""quantity"": 17632}, {""price"": 16.45, ""orders"": 1, ""quantity"": 1}, {""price"": 16.79, ""orders"": 1, ""quantity"": 448}, {""price"": 0.0, ""orders"": 0, ""quantity"": 0}, {""price"": 0.0, ""orders"": 0, ""quantity"": 0}]"
2025-12-18 11:16:47.93145+05:30,137918212,MUDUNURU,16.15,2875,Thu Dec 18 11:15:00 IST 2025,16530,16.79,16.79,16.15,16.47,NULL,NULL,"[{""price"": 0.0, ""orders"": 0, ""quantity"": 0}, {""price"": 0.0, ""orders"": 0, ""quantity"": 0}, {""price"": 0.0, ""orders"": 0, ""quantity"": 0}, {""price"": 0.0, ""orders"": 0, ""quantity"": 0}, {""price"": 0.0, ""orders"": 0, ""quantity"": 0}]","[{""price"": 16.15, ""orders"": 5, ""quantity"": 17632}, {""price"": 16.45, ""orders"": 1, ""quantity"": 1}, {""price"": 16.79, ""orders"": 1, ""quantity"": 448}, {""price"": 0.0, ""orders"": 0, ""quantity"": 0}, {""price"": 0.0, ""orders"": 0, ""quantity"": 0}]"
2025-12-18 11:16:49.218232+05:30,137918212,MUDUNURU,16.15,2875,Thu Dec 18 11:15:00 IST 2025,16530,16.79,16.79,16.15,16.47,NULL,NULL,"[{""price"": 0.0, ""orders"": 0, ""quantity"": 0}, {""price"": 0.0, ""orders"": 0, ""quantity"": 0}, {""price"": 0.0, ""orders"": 0, ""quantity"": 0}, {""price"": 0.0, ""orders"": 0, ""quantity"": 0}, {""price"": 0.0, ""orders"": 0, ""quantity"": 0}]","[{""price"": 16.15, ""orders"": 5, ""quantity"": 17632}, {""price"": 16.45, ""orders"": 1, ""quantity"": 1}, {""price"": 0.0, ""orders"": 0, ""quantity"": 0}, {""price"": 0.0, ""orders"": 0, ""quantity"": 0}, {""price"": 0.0, ""orders"": 0, ""quantity"": 0}]"
2025-12-18 11:17:19.561202+05:30,137918212,MUDUNURU,16.15,2875,Thu Dec 18 11:15:00 IST 2025,16530,16.79,16.79,16.15,16.47,NULL,NULL,"[{""price"": 0.0, ""orders"": 0, ""quantity"": 0}, {""price"": 0.0, ""orders"": 0, ""quantity"": 0}, {""price"": 0.0, ""orders"": 0, ""quantity"": 0}, {""price"": 0.0, ""orders"": 0, ""quantity"": 0}, {""price"": 0.0, ""orders"": 0, ""quantity"": 0}]","[{""price"": 16.15, ""orders"": 5, ""quantity"": 17632}, {""price"": 16.45, ""orders"": 1, ""quantity"": 1}, {""price"": 0.0, ""orders"": 0, ""quantity"": 0}, {""price"": 0.0, ""orders"": 0, ""quantity"": 0}, {""price"": 0.0, ""orders"": 0, ""quantity"": 0}]"
2025-12-18 11:17:20.852917+05:30,137918212,MUDUNURU,16.15,2875,Thu Dec 18 11:15:00 IST 2025,16530,16.79,16.79,16.15,16.47,NULL,NULL,"[{""price"": 0.0, ""orders"": 0, ""quantity"": 0}, {""price"": 0.0, ""orders"": 0, ""quantity"": 0}, {""price"": 0.0, ""orders"": 0, ""quantity"": 0}, {""price"": 0.0, ""orders"": 0, ""quantity"": 0}, {""price"": 0.0, ""orders"": 0, ""quantity"": 0}]","[{""price"": 16.15, ""orders"": 5, ""quantity"": 17632}, {""price"": 16.45, ""orders"": 1, ""quantity"": 1}, {""price"": 0.0, ""orders"": 0, ""quantity"": 0}, {""price"": 0.0, ""orders"": 0, ""quantity"": 0}, {""price"": 0.0, ""orders"": 0, ""quantity"": 0}]"
2025-12-18 11:17:22.205293+05:30,137918212,MUDUNURU,16.15,2875,Thu Dec 18 11:15:00 IST 2025,16530,16.79,16.79,16.15,16.47,NULL,NULL,"[{""price"": 0.0, ""orders"": 0, ""quantity"": 0}, {""price"": 0.0, ""orders"": 0, ""quantity"": 0}, {""price"": 0.0, ""orders"": 0, ""quantity"": 0}, {""price"": 0.0, ""orders"": 0, ""quantity"": 0}, {""price"": 0.0, ""orders"": 0, ""quantity"": 0}]","[{""price"": 16.15, ""orders"": 5, ""quantity"": 17632}, {""price"": 16.45, ""orders"": 1, ""quantity"": 1}, {""price"": 0.0, ""orders"": 0, ""quantity"": 0}, {""price"": 0.0, ""orders"": 0, ""quantity"": 0}, {""price"": 0.0, ""orders"": 0, ""quantity"": 0}]"
2025-12-18 11:17:23.53677+05:30,137918212,MUDUNURU,16.15,2875,Thu Dec 18 11:15:00 IST 2025,16530,16.79,16.79,16.15,16.47,NULL,NULL,"[{""price"": 0.0, ""orders"": 0, ""quantity"": 0}, {""price"": 0.0, ""orders"": 0, ""quantity"": 0}, {""price"": 0.0, ""orders"": 0, ""quantity"": 0}, {""price"": 0.0, ""orders"": 0, ""quantity"": 0}, {""price"": 0.0, ""orders"": 0, ""quantity"": 0}]","[{""price"": 16.15, ""orders"": 5, ""quantity"": 17632}, {""price"": 16.45, ""orders"": 1, ""quantity"": 1}, {""price"": 0.0, ""orders"": 0, ""quantity"": 0}, {""price"": 0.0, ""orders"": 0, ""quantity"": 0}, {""price"": 0.0, ""orders"": 0, ""quantity"": 0}]"
2025-12-18 11:17:24.836727+05:30,137918212,MUDUNURU,16.15,2875,Thu Dec 18 11:15:00 IST 2025,16530,16.79,16.79,16.15,16.47,NULL,NULL,"[{""price"": 0.0, ""orders"": 0, ""quantity"": 0}, {""price"": 0.0, ""orders"": 0, ""quantity"": 0}, {""price"": 0.0, ""orders"": 0, ""quantity"": 0}, {""price"": 0.0, ""orders"": 0, ""quantity"": 0}, {""price"": 0.0, ""orders"": 0, ""quantity"": 0}]","[{""price"": 16.15, ""orders"": 5, ""quantity"": 17632}, {""price"": 16.45, ""orders"": 1, ""quantity"": 1}, {""price"": 0.0, ""orders"": 0, ""quantity"": 0}, {""price"": 0.0, ""orders"": 0, ""quantity"": 0}, {""price"": 0.0, ""orders"": 0, ""quantity"": 0}]"
2025-12-18 11:17:26.195187+05:30,137918212,MUDUNURU,16.15,2875,Thu Dec 18 11:15:00 IST 2025,16530,16.79,16.79,16.15,16.47,NULL,NULL,"[{""price"": 0.0, ""orders"": 0, ""quantity"": 0}, {""price"": 0.0, ""orders"": 0, ""quantity"": 0}, {""price"": 0.0, ""orders"": 0, ""quantity"": 0}, {""price"": 0.0, ""orders"": 0, ""quantity"": 0}, {""price"": 0.0, ""orders"": 0, ""quantity"": 0}]","[{""price"": 16.15, ""orders"": 5, ""quantity"": 17632}, {""price"": 16.45, ""orders"": 1, ""quantity"": 1}, {""price"": 0.0, ""orders"": 0, ""quantity"": 0}, {""price"": 0.0, ""orders"": 0, ""quantity"": 0}, {""price"": 0.0, ""orders"": 0, ""quantity"": 0}]"
2025-12-18 11:17:27.566904+05:30,137918212,MUDUNURU,16.15,2875,Thu Dec 18 11:15:00 IST 2025,16530,16.79,16.79,16.15,16.47,NULL,NULL,"[{""price"": 0.0, ""orders"": 0, ""quantity"": 0}, {""price"": 0.0, ""orders"": 0, ""quantity"": 0}, {""price"": 0.0, ""orders"": 0, ""quantity"": 0}, {""price"": 0.0, ""orders"": 0, ""quantity"": 0}, {""price"": 0.0, ""orders"": 0, ""quantity"": 0}]","[{""price"": 16.15, ""orders"": 5, ""quantity"": 17632}, {""price"": 16.45, ""orders"": 1, ""quantity"": 1}, {""price"": 0.0, ""orders"": 0, ""quantity"": 0}, {""price"": 0.0, ""orders"": 0, ""quantity"": 0}, {""price"": 0.0, ""orders"": 0, ""quantity"": 0}]"
2025-12-18 11:17:28.910433+05:30,137918212,MUDUNURU,16.15,2875,Thu Dec 18 11:15:00 IST 2025,16530,16.79,16.79,16.15,16.47,NULL,NULL,"[{""price"": 0.0, ""orders"": 0, ""quantity"": 0}, {""price"": 0.0, ""orders"": 0, ""quantity"": 0}, {""price"": 0.0, ""orders"": 0, ""quantity"": 0}, {""price"": 0.0, ""orders"": 0, ""quantity"": 0}, {""price"": 0.0, ""orders"": 0, ""quantity"": 0}]","[{""price"": 16.15, ""orders"": 5, ""quantity"": 17632}, {""price"": 16.45, ""orders"": 1, ""quantity"": 1}, {""price"": 0.0, ""orders"": 0, ""quantity"": 0}, {""price"": 0.0, ""orders"": 0, ""quantity"": 0}, {""price"": 0.0, ""orders"": 0, ""quantity"": 0}]"
2025-12-18 11:17:30.312949+05:30,137918212,MUDUNURU,16.15,2875,Thu Dec 18 11:15:00 IST 2025,16530,16.79,16.79,16.15,16.47,NULL,NULL,"[{""price"": 0.0, ""orders"": 0, ""quantity"": 0}, {""price"": 0.0, ""orders"": 0, ""quantity"": 0}, {""price"": 0.0, ""orders"": 0, ""quantity"": 0}, {""price"": 0.0, ""orders"": 0, ""quantity"": 0}, {""price"": 0.0, ""orders"": 0, ""quantity"": 0}]","[{""price"": 16.15, ""orders"": 5, ""quantity"": 17632}, {""price"": 16.45, ""orders"": 1, ""quantity"": 1}, {""price"": 0.0, ""orders"": 0, ""quantity"": 0}, {""price"": 0.0, ""orders"": 0, ""quantity"": 0}, {""price"": 0.0, ""orders"": 0, ""quantity"": 0}]"
2025-12-18 11:17:31.588955+05:30,137918212,MUDUNURU,16.15,2875,Thu Dec 18 11:15:00 IST 2025,16530,16.79,16.79,16.15,16.47,NULL,NULL,"[{""price"": 0.0, ""orders"": 0, ""quantity"": 0}, {""price"": 0.0, ""orders"": 0, ""quantity"": 0}, {""price"": 0.0, ""orders"": 0, ""quantity"": 0}, {""price"": 0.0, ""orders"": 0, ""quantity"": 0}, {""price"": 0.0, ""orders"": 0, ""quantity"": 0}]","[{""price"": 16.15, ""orders"": 5, ""quantity"": 17632}, {""price"": 16.45, ""orders"": 1, ""quantity"": 1}, {""price"": 0.0, ""orders"": 0, ""quantity"": 0}, {""price"": 0.0, ""orders"": 0, ""quantity"": 0}, {""price"": 0.0, ""orders"": 0, ""quantity"": 0}]"
2025-12-18 11:17:33.003847+05:30,137918212,MUDUNURU,16.15,2875,Thu Dec 18 11:15:00 IST 2025,16530,16.79,16.79,16.15,16.47,NULL,NULL,"[{""price"": 0.0, ""orders"": 0, ""quantity"": 0}, {""price"": 0.0, ""orders"": 0, ""quantity"": 0}, {""price"": 0.0, ""orders"": 0, ""quantity"": 0}, {""price"": 0.0, ""orders"": 0, ""quantity"": 0}, {""price"": 0.0, ""orders"": 0, ""quantity"": 0}]","[{""price"": 16.15, ""orders"": 5, ""quantity"": 17632}, {""price"": 16.45, ""orders"": 1, ""quantity"": 1}, {""price"": 0.0, ""orders"": 0, ""quantity"": 0}, {""price"": 0.0, ""orders"": 0, ""quantity"": 0}, {""price"": 0.0, ""orders"": 0, ""quantity"": 0}]"
2025-12-18 11:17:34.321737+05:30,137918212,MUDUNURU,16.15,2875,Thu Dec 18 11:15:00 IST 2025,16530,16.79,16.79,16.15,16.47,NULL,NULL,"[{""price"": 0.0, ""orders"": 0, ""quantity"": 0}, {""price"": 0.0, ""orders"": 0, ""quantity"": 0}, {""price"": 0.0, ""orders"": 0, ""quantity"": 0}, {""price"": 0.0, ""orders"": 0, ""quantity"": 0}, {""price"": 0.0, ""orders"": 0, ""quantity"": 0}]","[{""price"": 16.15, ""orders"": 5, ""quantity"": 17632}, {""price"": 16.45, ""orders"": 1, ""quantity"": 1}, {""price"": 0.0, ""orders"": 0, ""quantity"": 0}, {""price"": 0.0, ""orders"": 0, ""quantity"": 0}, {""price"": 0.0, ""orders"": 0, ""quantity"": 0}]"
2025-12-18 11:17:35.755599+05:30,137918212,MUDUNURU,16.15,2875,Thu Dec 18 11:15:00 IST 2025,16530,16.79,16.79,16.15,16.47,NULL,NULL,"[{""price"": 0.0, ""orders"": 0, ""quantity"": 0}, {""price"": 0.0, ""orders"": 0, ""quantity"": 0}, {""price"": 0.0, ""orders"": 0, ""quantity"": 0}, {""price"": 0.0, ""orders"": 0, ""quantity"": 0}, {""price"": 0.0, ""orders"": 0, ""quantity"": 0}]","[{""price"": 16.15, ""orders"": 5, ""quantity"": 17632}, {""price"": 16.45, ""orders"": 1, ""quantity"": 1}, {""price"": 0.0, ""orders"": 0, ""quantity"": 0}, {""price"": 0.0, ""orders"": 0, ""quantity"": 0}, {""price"": 0.0, ""orders"": 0, ""quantity"": 0}]"
2025-12-18 11:17:37.077196+05:30,137918212,MUDUNURU,16.15,2875,Thu Dec 18 11:15:00 IST 2025,16530,16.79,16.79,16.15,16.47,NULL,NULL,"[{""price"": 0.0, ""orders"": 0, ""quantity"": 0}, {""price"": 0.0, ""orders"": 0, ""quantity"": 0}, {""price"": 0.0, ""orders"": 0, ""quantity"": 0}, {""price"": 0.0, ""orders"": 0, ""quantity"": 0}, {""price"": 0.0, ""orders"": 0, ""quantity"": 0}]","[{""price"": 16.15, ""orders"": 5, ""quantity"": 17632}, {""price"": 16.45, ""orders"": 1, ""quantity"": 1}, {""price"": 0.0, ""orders"": 0, ""quantity"": 0}, {""price"": 0.0, ""orders"": 0, ""quantity"": 0}, {""price"": 0.0, ""orders"": 0, ""quantity"": 0}]"
2025-12-18 11:17:38.300376+05:30,137918212,MUDUNURU,16.15,2875,Thu Dec 18 11:15:00 IST 2025,16530,16.79,16.79,16.15,16.47,16.15,16.79,"[{""price"": 0.0, ""orders"": 0, ""quantity"": 0}, {""price"": 0.0, ""orders"": 0, ""quantity"": 0}, {""price"": 0.0, ""orders"": 0, ""quantity"": 0}, {""price"": 0.0, ""orders"": 0, ""quantity"": 0}, {""price"": 0.0, ""orders"": 0, ""quantity"": 0}]","[{""price"": 16.15, ""orders"": 5, ""quantity"": 17632}, {""price"": 16.45, ""orders"": 1, ""quantity"": 1}, {""price"": 0.0, ""orders"": 0, ""quantity"": 0}, {""price"": 0.0, ""orders"": 0, ""quantity"": 0}, {""price"": 0.0, ""orders"": 0, ""quantity"": 0}]"
2025-12-18 11:17:39.78919+05:30,137918212,MUDUNURU,16.15,2875,Thu Dec 18 11:15:00 IST 2025,16530,16.79,16.79,16.15,16.47,NULL,NULL,"[{""price"": 0.0, ""orders"": 0, ""quantity"": 0}, {""price"": 0.0, ""orders"": 0, ""quantity"": 0}, {""price"": 0.0, ""orders"": 0, ""quantity"": 0}, {""price"": 0.0, ""orders"": 0, ""quantity"": 0}, {""price"": 0.0, ""orders"": 0, ""quantity"": 0}]","[{""price"": 16.15, ""orders"": 5, ""quantity"": 17632}, {""price"": 16.45, ""orders"": 1, ""quantity"": 1}, {""price"": 0.0, ""orders"": 0, ""quantity"": 0}, {""price"": 0.0, ""orders"": 0, ""quantity"": 0}, {""price"": 0.0, ""orders"": 0, ""quantity"": 0}]"
2025-12-18 11:17:41.100777+05:30,137918212,MUDUNURU,16.15,2875,Thu Dec 18 11:15:00 IST 2025,16530,16.79,16.79,16.15,16.47,NULL,NULL,"[{""price"": 0.0, ""orders"": 0, ""quantity"": 0}, {""price"": 0.0, ""orders"": 0, ""quantity"": 0}, {""price"": 0.0, ""orders"": 0, ""quantity"": 0}, {""price"": 0.0, ""orders"": 0, ""quantity"": 0}, {""price"": 0.0, ""orders"": 0, ""quantity"": 0}]","[{""price"": 16.15, ""orders"": 5, ""quantity"": 17632}, {""price"": 16.45, ""orders"": 1, ""quantity"": 1}, {""price"": 0.0, ""orders"": 0, ""quantity"": 0}, {""price"": 0.0, ""orders"": 0, ""quantity"": 0}, {""price"": 0.0, ""orders"": 0, ""quantity"": 0}]"
2025-12-18 11:17:42.467003+05:30,137918212,MUDUNURU,16.15,2875,Thu Dec 18 11:15:00 IST 2025,16530,16.79,16.79,16.15,16.47,NULL,NULL,"[{""price"": 0.0, ""orders"": 0, ""quantity"": 0}, {""price"": 0.0, ""orders"": 0, ""quantity"": 0}, {""price"": 0.0, ""orders"": 0, ""quantity"": 0}, {""price"": 0.0, ""orders"": 0, ""quantity"": 0}, {""price"": 0.0, ""orders"": 0, ""quantity"": 0}]","[{""price"": 16.15, ""orders"": 5, ""quantity"": 17632}, {""price"": 16.45, ""orders"": 1, ""quantity"": 1}, {""price"": 0.0, ""orders"": 0, ""quantity"": 0}, {""price"": 0.0, ""orders"": 0, ""quantity"": 0}, {""price"": 0.0, ""orders"": 0, ""quantity"": 0}]"
2025-12-18 11:17:43.929512+05:30,137918212,MUDUNURU,16.15,2875,Thu Dec 18 11:15:00 IST 2025,16530,16.79,16.79,16.15,16.47,NULL,NULL,"[{""price"": 0.0, ""orders"": 0, ""quantity"": 0}, {""price"": 0.0, ""orders"": 0, ""quantity"": 0}, {""price"": 0.0, ""orders"": 0, ""quantity"": 0}, {""price"": 0.0, ""orders"": 0, ""quantity"": 0}, {""price"": 0.0, ""orders"": 0, ""quantity"": 0}]","[{""price"": 16.15, ""orders"": 5, ""quantity"": 17632}, {""price"": 16.45, ""orders"": 1, ""quantity"": 1}, {""price"": 0.0, ""orders"": 0, ""quantity"": 0}, {""price"": 0.0, ""orders"": 0, ""quantity"": 0}, {""price"": 0.0, ""orders"": 0, ""quantity"": 0}]"
2025-12-18 11:17:45.250812+05:30,137918212,MUDUNURU,16.15,2875,Thu Dec 18 11:15:00 IST 2025,16530,16.79,16.79,16.15,16.47,NULL,NULL,"[{""price"": 0.0, ""orders"": 0, ""quantity"": 0}, {""price"": 0.0, ""orders"": 0, ""quantity"": 0}, {""price"": 0.0, ""orders"": 0, ""quantity"": 0}, {""price"": 0.0, ""orders"": 0, ""quantity"": 0}, {""price"": 0.0, ""orders"": 0, ""quantity"": 0}]","[{""price"": 16.15, ""orders"": 5, ""quantity"": 17632}, {""price"": 16.45, ""orders"": 1, ""quantity"": 1}, {""price"": 0.0, ""orders"": 0, ""quantity"": 0}, {""price"": 0.0, ""orders"": 0, ""quantity"": 0}, {""price"": 0.0, ""orders"": 0, ""quantity"": 0}]"
2025-12-18 11:17:46.521792+05:30,137918212,MUDUNURU,16.15,2875,Thu Dec 18 11:15:00 IST 2025,16530,16.79,16.79,16.15,16.47,NULL,NULL,"[{""price"": 0.0, ""orders"": 0, ""quantity"": 0}, {""price"": 0.0, ""orders"": 0, ""quantity"": 0}, {""price"": 0.0, ""orders"": 0, ""quantity"": 0}, {""price"": 0.0, ""orders"": 0, ""quantity"": 0}, {""price"": 0.0, ""orders"": 0, ""quantity"": 0}]","[{""price"": 16.15, ""orders"": 5, ""quantity"": 17632}, {""price"": 16.45, ""orders"": 1, ""quantity"": 1}, {""price"": 0.0, ""orders"": 0, ""quantity"": 0}, {""price"": 0.0, ""orders"": 0, ""quantity"": 0}, {""price"": 0.0, ""orders"": 0, ""quantity"": 0}]"
2025-12-18 11:17:47.876101+05:30,137918212,MUDUNURU,16.15,2875,Thu Dec 18 11:15:00 IST 2025,16530,16.79,16.79,16.15,16.47,NULL,NULL,"[{""price"": 0.0, ""orders"": 0, ""quantity"": 0}, {""price"": 0.0, ""orders"": 0, ""quantity"": 0}, {""price"": 0.0, ""orders"": 0, ""quantity"": 0}, {""price"": 0.0, ""orders"": 0, ""quantity"": 0}, {""price"": 0.0, ""orders"": 0, ""quantity"": 0}]","[{""price"": 16.15, ""orders"": 5, ""quantity"": 17632}, {""price"": 16.45, ""orders"": 1, ""quantity"": 1}, {""price"": 0.0, ""orders"": 0, ""quantity"": 0}, {""price"": 0.0, ""orders"": 0, ""quantity"": 0}, {""price"": 0.0, ""orders"": 0, ""quantity"": 0}]"
2025-12-18 11:17:49.28561+05:30,137918212,MUDUNURU,16.15,2875,Thu Dec 18 11:15:00 IST 2025,16530,16.79,16.79,16.15,16.47,NULL,NULL,"[{""price"": 0.0, ""orders"": 0, ""quantity"": 0}, {""price"": 0.0, ""orders"": 0, ""quantity"": 0}, {""price"": 0.0, ""orders"": 0, ""quantity"": 0}, {""price"": 0.0, ""orders"": 0, ""quantity"": 0}, {""price"": 0.0, ""orders"": 0, ""quantity"": 0}]","[{""price"": 16.15, ""orders"": 5, ""quantity"": 17632}, {""price"": 16.45, ""orders"": 1, ""quantity"": 1}, {""price"": 0.0, ""orders"": 0, ""quantity"": 0}, {""price"": 0.0, ""orders"": 0, ""quantity"": 0}, {""price"": 0.0, ""orders"": 0, ""quantity"": 0}]"
2025-12-18 11:17:50.629216+05:30,137918212,MUDUNURU,16.15,2875,Thu Dec 18 11:15:00 IST 2025,16530,16.79,16.79,16.15,16.47,NULL,NULL,"[{""price"": 0.0, ""orders"": 0, ""quantity"": 0}, {""price"": 0.0, ""orders"": 0, ""quantity"": 0}, {""price"": 0.0, ""orders"": 0, ""quantity"": 0}, {""price"": 0.0, ""orders"": 0, ""quantity"": 0}, {""price"": 0.0, ""orders"": 0, ""quantity"": 0}]","[{""price"": 16.15, ""orders"": 5, ""quantity"": 17632}, {""price"": 16.45, ""orders"": 1, ""quantity"": 1}, {""price"": 0.0, ""orders"": 0, ""quantity"": 0}, {""price"": 0.0, ""orders"": 0, ""quantity"": 0}, {""price"": 0.0, ""orders"": 0, ""quantity"": 0}]"
2025-12-18 11:17:52.061385+05:30,137918212,MUDUNURU,16.15,2875,Thu Dec 18 11:15:00 IST 2025,16530,16.79,16.79,16.15,16.47,NULL,NULL,"[{""price"": 0.0, ""orders"": 0, ""quantity"": 0}, {""price"": 0.0, ""orders"": 0, ""quantity"": 0}, {""price"": 0.0, ""orders"": 0, ""quantity"": 0}, {""price"": 0.0, ""orders"": 0, ""quantity"": 0}, {""price"": 0.0, ""orders"": 0, ""quantity"": 0}]","[{""price"": 16.15, ""orders"": 5, ""quantity"": 17632}, {""price"": 16.45, ""orders"": 1, ""quantity"": 1}, {""price"": 0.0, ""orders"": 0, ""quantity"": 0}, {""price"": 0.0, ""orders"": 0, ""quantity"": 0}, {""price"": 0.0, ""orders"": 0, ""quantity"": 0}]"
2025-12-18 11:17:53.341818+05:30,137918212,MUDUNURU,16.15,2875,Thu Dec 18 11:15:00 IST 2025,16530,16.79,16.79,16.15,16.47,NULL,NULL,"[{""price"": 0.0, ""orders"": 0, ""quantity"": 0}, {""price"": 0.0, ""orders"": 0, ""quantity"": 0}, {""price"": 0.0, ""orders"": 0, ""quantity"": 0}, {""price"": 0.0, ""orders"": 0, ""quantity"": 0}, {""price"": 0.0, ""orders"": 0, ""quantity"": 0}]","[{""price"": 16.15, ""orders"": 5, ""quantity"": 17632}, {""price"": 16.45, ""orders"": 1, ""quantity"": 1}, {""price"": 0.0, ""orders"": 0, ""quantity"": 0}, {""price"": 0.0, ""orders"": 0, ""quantity"": 0}, {""price"": 0.0, ""orders"": 0, ""quantity"": 0}]"
2025-12-18 11:17:54.808605+05:30,137918212,MUDUNURU,16.15,2875,Thu Dec 18 11:15:00 IST 2025,16530,16.79,16.79,16.15,16.47,NULL,NULL,"[{""price"": 0.0, ""orders"": 0, ""quantity"": 0}, {""price"": 0.0, ""orders"": 0, ""quantity"": 0}, {""price"": 0.0, ""orders"": 0, ""quantity"": 0}, {""price"": 0.0, ""orders"": 0, ""quantity"": 0}, {""price"": 0.0, ""orders"": 0, ""quantity"": 0}]","[{""price"": 16.15, ""orders"": 5, ""quantity"": 17632}, {""price"": 16.45, ""orders"": 1, ""quantity"": 1}, {""price"": 0.0, ""orders"": 0, ""quantity"": 0}, {""price"": 0.0, ""orders"": 0, ""quantity"": 0}, {""price"": 0.0, ""orders"": 0, ""quantity"": 0}]"
2025-12-18 11:17:56.121143+05:30,137918212,MUDUNURU,16.15,2875,Thu Dec 18 11:15:00 IST 2025,16530,16.79,16.79,16.15,16.47,NULL,NULL,"[{""price"": 0.0, ""orders"": 0, ""quantity"": 0}, {""price"": 0.0, ""orders"": 0, ""quantity"": 0}, {""price"": 0.0, ""orders"": 0, ""quantity"": 0}, {""price"": 0.0, ""orders"": 0, ""quantity"": 0}, {""price"": 0.0, ""orders"": 0, ""quantity"": 0}]","[{""price"": 16.15, ""orders"": 5, ""quantity"": 17632}, {""price"": 16.45, ""orders"": 1, ""quantity"": 1}, {""price"": 0.0, ""orders"": 0, ""quantity"": 0}, {""price"": 0.0, ""orders"": 0, ""quantity"": 0}, {""price"": 0.0, ""orders"": 0, ""quantity"": 0}]"
2025-12-18 11:17:57.5004+05:30,137918212,MUDUNURU,16.15,2875,Thu Dec 18 11:15:00 IST 2025,16530,16.79,16.79,16.15,16.47,NULL,NULL,"[{""price"": 0.0, ""orders"": 0, ""quantity"": 0}, {""price"": 0.0, ""orders"": 0, ""quantity"": 0}, {""price"": 0.0, ""orders"": 0, ""quantity"": 0}, {""price"": 0.0, ""orders"": 0, ""quantity"": 0}, {""price"": 0.0, ""orders"": 0, ""quantity"": 0}]","[{""price"": 16.15, ""orders"": 5, ""quantity"": 17632}, {""price"": 16.45, ""orders"": 1, ""quantity"": 1}, {""price"": 0.0, ""orders"": 0, ""quantity"": 0}, {""price"": 0.0, ""orders"": 0, ""quantity"": 0}, {""price"": 0.0, ""orders"": 0, ""quantity"": 0}]"
2025-12-18 11:17:58.927646+05:30,137918212,MUDUNURU,16.15,2875,Thu Dec 18 11:15:00 IST 2025,16530,16.79,16.79,16.15,16.47,NULL,NULL,"[{""price"": 0.0, ""orders"": 0, ""quantity"": 0}, {""price"": 0.0, ""orders"": 0, ""quantity"": 0}, {""price"": 0.0, ""orders"": 0, ""quantity"": 0}, {""price"": 0.0, ""orders"": 0, ""quantity"": 0}, {""price"": 0.0, ""orders"": 0, ""quantity"": 0}]","[{""price"": 16.15, ""orders"": 5, ""quantity"": 17632}, {""price"": 16.45, ""orders"": 1, ""quantity"": 1}, {""price"": 0.0, ""orders"": 0, ""quantity"": 0}, {""price"": 0.0, ""orders"": 0, ""quantity"": 0}, {""price"": 0.0, ""orders"": 0, ""quantity"": 0}]"
2025-12-18 11:18:00.250373+05:30,137918212,MUDUNURU,16.15,2875,Thu Dec 18 11:15:00 IST 2025,16530,16.79,16.79,16.15,16.47,NULL,NULL,"[{""price"": 0.0, ""orders"": 0, ""quantity"": 0}, {""price"": 0.0, ""orders"": 0, ""quantity"": 0}, {""price"": 0.0, ""orders"": 0, ""quantity"": 0}, {""price"": 0.0, ""orders"": 0, ""quantity"": 0}, {""price"": 0.0, ""orders"": 0, ""quantity"": 0}]","[{""price"": 16.15, ""orders"": 5, ""quantity"": 17632}, {""price"": 16.45, ""orders"": 1, ""quantity"": 1}, {""price"": 0.0, ""orders"": 0, ""quantity"": 0}, {""price"": 0.0, ""orders"": 0, ""quantity"": 0}, {""price"": 0.0, ""orders"": 0, ""quantity"": 0}]"
2025-12-18 11:18:01.680563+05:30,137918212,MUDUNURU,16.15,2875,Thu Dec 18 11:15:00 IST 2025,16530,16.79,16.79,16.15,16.47,NULL,NULL,"[{""price"": 0.0, ""orders"": 0, ""quantity"": 0}, {""price"": 0.0, ""orders"": 0, ""quantity"": 0}, {""price"": 0.0, ""orders"": 0, ""quantity"": 0}, {""price"": 0.0, ""orders"": 0, ""quantity"": 0}, {""price"": 0.0, ""orders"": 0, ""quantity"": 0}]","[{""price"": 16.15, ""orders"": 5, ""quantity"": 17632}, {""price"": 16.45, ""orders"": 1, ""quantity"": 1}, {""price"": 0.0, ""orders"": 0, ""quantity"": 0}, {""price"": 0.0, ""orders"": 0, ""quantity"": 0}, {""price"": 0.0, ""orders"": 0, ""quantity"": 0}]"
2025-12-18 11:18:02.996118+05:30,137918212,MUDUNURU,16.15,2875,Thu Dec 18 11:15:00 IST 2025,16530,16.79,16.79,16.15,16.47,NULL,NULL,"[{""price"": 0.0, ""orders"": 0, ""quantity"": 0}, {""price"": 0.0, ""orders"": 0, ""quantity"": 0}, {""price"": 0.0, ""orders"": 0, ""quantity"": 0}, {""price"": 0.0, ""orders"": 0, ""quantity"": 0}, {""price"": 0.0, ""orders"": 0, ""quantity"": 0}]","[{""price"": 16.15, ""orders"": 5, ""quantity"": 17632}, {""price"": 16.45, ""orders"": 1, ""quantity"": 1}, {""price"": 0.0, ""orders"": 0, ""quantity"": 0}, {""price"": 0.0, ""orders"": 0, ""quantity"": 0}, {""price"": 0.0, ""orders"": 0, ""quantity"": 0}]"
2025-12-18 11:18:04.371216+05:30,137918212,MUDUNURU,16.15,2875,Thu Dec 18 11:15:00 IST 2025,16530,16.79,16.79,16.15,16.47,NULL,NULL,"[{""price"": 0.0, ""orders"": 0, ""quantity"": 0}, {""price"": 0.0, ""orders"": 0, ""quantity"": 0}, {""price"": 0.0, ""orders"": 0, ""quantity"": 0}, {""price"": 0.0, ""orders"": 0, ""quantity"": 0}, {""price"": 0.0, ""orders"": 0, ""quantity"": 0}]","[{""price"": 16.15, ""orders"": 5, ""quantity"": 17632}, {""price"": 16.45, ""orders"": 1, ""quantity"": 1}, {""price"": 0.0, ""orders"": 0, ""quantity"": 0}, {""price"": 0.0, ""orders"": 0, ""quantity"": 0}, {""price"": 0.0, ""orders"": 0, ""quantity"": 0}]"
2025-12-18 11:18:05.750343+05:30,137918212,MUDUNURU,16.15,2875,Thu Dec 18 11:15:00 IST 2025,16530,16.79,16.79,16.15,16.47,NULL,NULL,"[{""price"": 0.0, ""orders"": 0, ""quantity"": 0}, {""price"": 0.0, ""orders"": 0, ""quantity"": 0}, {""price"": 0.0, ""orders"": 0, ""quantity"": 0}, {""price"": 0.0, ""orders"": 0, ""quantity"": 0}, {""price"": 0.0, ""orders"": 0, ""quantity"": 0}]","[{""price"": 16.15, ""orders"": 5, ""quantity"": 17632}, {""price"": 16.45, ""orders"": 1, ""quantity"": 1}, {""price"": 0.0, ""orders"": 0, ""quantity"": 0}, {""price"": 0.0, ""orders"": 0, ""quantity"": 0}, {""price"": 0.0, ""orders"": 0, ""quantity"": 0}]"
2025-12-18 11:18:07.123407+05:30,137918212,MUDUNURU,16.15,2875,Thu Dec 18 11:15:00 IST 2025,16530,16.79,16.79,16.15,16.47,NULL,NULL,"[{""price"": 0.0, ""orders"": 0, ""quantity"": 0}, {""price"": 0.0, ""orders"": 0, ""quantity"": 0}, {""price"": 0.0, ""orders"": 0, ""quantity"": 0}, {""price"": 0.0, ""orders"": 0, ""quantity"": 0}, {""price"": 0.0, ""orders"": 0, ""quantity"": 0}]","[{""price"": 16.15, ""orders"": 5, ""quantity"": 17632}, {""price"": 16.45, ""orders"": 1, ""quantity"": 1}, {""price"": 0.0, ""orders"": 0, ""quantity"": 0}, {""price"": 0.0, ""orders"": 0, ""quantity"": 0}, {""price"": 0.0, ""orders"": 0, ""quantity"": 0}]"
2025-12-18 11:18:08.448947+05:30,137918212,MUDUNURU,16.15,2875,Thu Dec 18 11:15:00 IST 2025,16530,16.79,16.79,16.15,16.47,NULL,NULL,"[{""price"": 0.0, ""orders"": 0, ""quantity"": 0}, {""price"": 0.0, ""orders"": 0, ""quantity"": 0}, {""price"": 0.0, ""orders"": 0, ""quantity"": 0}, {""price"": 0.0, ""orders"": 0, ""quantity"": 0}, {""price"": 0.0, ""orders"": 0, ""quantity"": 0}]","[{""price"": 16.15, ""orders"": 5, ""quantity"": 17632}, {""price"": 16.45, ""orders"": 1, ""quantity"": 1}, {""price"": 0.0, ""orders"": 0, ""quantity"": 0}, {""price"": 0.0, ""orders"": 0, ""quantity"": 0}, {""price"": 0.0, ""orders"": 0, ""quantity"": 0}]"
2025-12-18 11:18:09.800371+05:30,137918212,MUDUNURU,16.15,2875,Thu Dec 18 11:15:00 IST 2025,16530,16.79,16.79,16.15,16.47,NULL,NULL,"[{""price"": 0.0, ""orders"": 0, ""quantity"": 0}, {""price"": 0.0, ""orders"": 0, ""quantity"": 0}, {""price"": 0.0, ""orders"": 0, ""quantity"": 0}, {""price"": 0.0, ""orders"": 0, ""quantity"": 0}, {""price"": 0.0, ""orders"": 0, ""quantity"": 0}]","[{""price"": 16.15, ""orders"": 5, ""quantity"": 17632}, {""price"": 16.45, ""orders"": 1, ""quantity"": 1}, {""price"": 0.0, ""orders"": 0, ""quantity"": 0}, {""price"": 0.0, ""orders"": 0, ""quantity"": 0}, {""price"": 0.0, ""orders"": 0, ""quantity"": 0}]"
2025-12-18 11:18:11.154019+05:30,137918212,MUDUNURU,16.15,2875,Thu Dec 18 11:15:00 IST 2025,16530,16.79,16.79,16.15,16.47,NULL,NULL,"[{""price"": 0.0, ""orders"": 0, ""quantity"": 0}, {""price"": 0.0, ""orders"": 0, ""quantity"": 0}, {""price"": 0.0, ""orders"": 0, ""quantity"": 0}, {""price"": 0.0, ""orders"": 0, ""quantity"": 0}, {""price"": 0.0, ""orders"": 0, ""quantity"": 0}]","[{""price"": 16.15, ""orders"": 5, ""quantity"": 17632}, {""price"": 16.45, ""orders"": 1, ""quantity"": 1}, {""price"": 0.0, ""orders"": 0, ""quantity"": 0}, {""price"": 0.0, ""orders"": 0, ""quantity"": 0}, {""price"": 0.0, ""orders"": 0, ""quantity"": 0}]"
2025-12-18 11:18:12.489201+05:30,137918212,MUDUNURU,16.15,2875,Thu Dec 18 11:15:00 IST 2025,16530,16.79,16.79,16.15,16.47,NULL,NULL,"[{""price"": 0.0, ""orders"": 0, ""quantity"": 0}, {""price"": 0.0, ""orders"": 0, ""quantity"": 0}, {""price"": 0.0, ""orders"": 0, ""quantity"": 0}, {""price"": 0.0, ""orders"": 0, ""quantity"": 0}, {""price"": 0.0, ""orders"": 0, ""quantity"": 0}]","[{""price"": 16.15, ""orders"": 5, ""quantity"": 17632}, {""price"": 16.45, ""orders"": 1, ""quantity"": 1}, {""price"": 0.0, ""orders"": 0, ""quantity"": 0}, {""price"": 0.0, ""orders"": 0, ""quantity"": 0}, {""price"": 0.0, ""orders"": 0, ""quantity"": 0}]"
2025-12-18 11:18:13.793018+05:30,137918212,MUDUNURU,16.15,2875,Thu Dec 18 11:15:00 IST 2025,16530,16.79,16.79,16.15,16.47,NULL,NULL,"[{""price"": 0.0, ""orders"": 0, ""quantity"": 0}, {""price"": 0.0, ""orders"": 0, ""quantity"": 0}, {""price"": 0.0, ""orders"": 0, ""quantity"": 0}, {""price"": 0.0, ""orders"": 0, ""quantity"": 0}, {""price"": 0.0, ""orders"": 0, ""quantity"": 0}]","[{""price"": 16.15, ""orders"": 5, ""quantity"": 17632}, {""price"": 16.45, ""orders"": 1, ""quantity"": 1}, {""price"": 0.0, ""orders"": 0, ""quantity"": 0}, {""price"": 0.0, ""orders"": 0, ""quantity"": 0}, {""price"": 0.0, ""orders"": 0, ""quantity"": 0}]"
2025-12-18 11:18:15.312222+05:30,137918212,MUDUNURU,16.15,2875,Thu Dec 18 11:15:00 IST 2025,16530,16.79,16.79,16.15,16.47,NULL,NULL,"[{""price"": 0.0, ""orders"": 0, ""quantity"": 0}, {""price"": 0.0, ""orders"": 0, ""quantity"": 0}, {""price"": 0.0, ""orders"": 0, ""quantity"": 0}, {""price"": 0.0, ""orders"": 0, ""quantity"": 0}, {""price"": 0.0, ""orders"": 0, ""quantity"": 0}]","[{""price"": 16.15, ""orders"": 5, ""quantity"": 17632}, {""price"": 16.45, ""orders"": 1, ""quantity"": 1}, {""price"": 0.0, ""orders"": 0, ""quantity"": 0}, {""price"": 0.0, ""orders"": 0, ""quantity"": 0}, {""price"": 0.0, ""orders"": 0, ""quantity"": 0}]"
2025-12-18 11:18:16.693428+05:30,137918212,MUDUNURU,16.15,2875,Thu Dec 18 11:15:00 IST 2025,16530,16.79,16.79,16.15,16.47,NULL,NULL,"[{""price"": 0.0, ""orders"": 0, ""quantity"": 0}, {""price"": 0.0, ""orders"": 0, ""quantity"": 0}, {""price"": 0.0, ""orders"": 0, ""quantity"": 0}, {""price"": 0.0, ""orders"": 0, ""quantity"": 0}, {""price"": 0.0, ""orders"": 0, ""quantity"": 0}]","[{""price"": 16.15, ""orders"": 5, ""quantity"": 17632}, {""price"": 16.45, ""orders"": 1, ""quantity"": 1}, {""price"": 0.0, ""orders"": 0, ""quantity"": 0}, {""price"": 0.0, ""orders"": 0, ""quantity"": 0}, {""price"": 0.0, ""orders"": 0, ""quantity"": 0}]"
2025-12-18 11:18:18.043072+05:30,137918212,MUDUNURU,16.15,2875,Thu Dec 18 11:15:00 IST 2025,16530,16.79,16.79,16.15,16.47,NULL,NULL,"[{""price"": 0.0, ""orders"": 0, ""quantity"": 0}, {""price"": 0.0, ""orders"": 0, ""quantity"": 0}, {""price"": 0.0, ""orders"": 0, ""quantity"": 0}, {""price"": 0.0, ""orders"": 0, ""quantity"": 0}, {""price"": 0.0, ""orders"": 0, ""quantity"": 0}]","[{""price"": 16.15, ""orders"": 5, ""quantity"": 17632}, {""price"": 16.45, ""orders"": 1, ""quantity"": 1}, {""price"": 0.0, ""orders"": 0, ""quantity"": 0}, {""price"": 0.0, ""orders"": 0, ""quantity"": 0}, {""price"": 0.0, ""orders"": 0, ""quantity"": 0}]"
2025-12-18 11:18:19.412851+05:30,137918212,MUDUNURU,16.15,2875,Thu Dec 18 11:15:00 IST 2025,16530,16.79,16.79,16.15,16.47,NULL,NULL,"[{""price"": 0.0, ""orders"": 0, ""quantity"": 0}, {""price"": 0.0, ""orders"": 0, ""quantity"": 0}, {""price"": 0.0, ""orders"": 0, ""quantity"": 0}, {""price"": 0.0, ""orders"": 0, ""quantity"": 0}, {""price"": 0.0, ""orders"": 0, ""quantity"": 0}]","[{""price"": 16.15, ""orders"": 5, ""quantity"": 17632}, {""price"": 16.45, ""orders"": 1, ""quantity"": 1}, {""price"": 0.0, ""orders"": 0, ""quantity"": 0}, {""price"": 0.0, ""orders"": 0, ""quantity"": 0}, {""price"": 0.0, ""orders"": 0, ""quantity"": 0}]"
2025-12-18 11:18:20.74828+05:30,137918212,MUDUNURU,16.15,2875,Thu Dec 18 11:15:00 IST 2025,16530,16.79,16.79,16.15,16.47,NULL,NULL,"[{""price"": 0.0, ""orders"": 0, ""quantity"": 0}, {""price"": 0.0, ""orders"": 0, ""quantity"": 0}, {""price"": 0.0, ""orders"": 0, ""quantity"": 0}, {""price"": 0.0, ""orders"": 0, ""quantity"": 0}, {""price"": 0.0, ""orders"": 0, ""quantity"": 0}]","[{""price"": 16.15, ""orders"": 5, ""quantity"": 17632}, {""price"": 16.45, ""orders"": 1, ""quantity"": 1}, {""price"": 0.0, ""orders"": 0, ""quantity"": 0}, {""price"": 0.0, ""orders"": 0, ""quantity"": 0}, {""price"": 0.0, ""orders"": 0, ""quantity"": 0}]"
2025-12-18 11:18:22.174576+05:30,137918212,MUDUNURU,16.15,2875,Thu Dec 18 11:15:00 IST 2025,16530,16.79,16.79,16.15,16.47,NULL,NULL,"[{""price"": 0.0, ""orders"": 0, ""quantity"": 0}, {""price"": 0.0, ""orders"": 0, ""quantity"": 0}, {""price"": 0.0, ""orders"": 0, ""quantity"": 0}, {""price"": 0.0, ""orders"": 0, ""quantity"": 0}, {""price"": 0.0, ""orders"": 0, ""quantity"": 0}]","[{""price"": 16.15, ""orders"": 5, ""quantity"": 17632}, {""price"": 16.45, ""orders"": 1, ""quantity"": 1}, {""price"": 0.0, ""orders"": 0, ""quantity"": 0}, {""price"": 0.0, ""orders"": 0, ""quantity"": 0}, {""price"": 0.0, ""orders"": 0, ""quantity"": 0}]"
2025-12-18 11:18:23.560939+05:30,137918212,MUDUNURU,16.15,2875,Thu Dec 18 11:15:00 IST 2025,16530,16.79,16.79,16.15,16.47,NULL,NULL,"[{""price"": 0.0, ""orders"": 0, ""quantity"": 0}, {""price"": 0.0, ""orders"": 0, ""quantity"": 0}, {""price"": 0.0, ""orders"": 0, ""quantity"": 0}, {""price"": 0.0, ""orders"": 0, ""quantity"": 0}, {""price"": 0.0, ""orders"": 0, ""quantity"": 0}]","[{""price"": 16.15, ""orders"": 5, ""quantity"": 17632}, {""price"": 16.45, ""orders"": 1, ""quantity"": 1}, {""price"": 0.0, ""orders"": 0, ""quantity"": 0}, {""price"": 0.0, ""orders"": 0, ""quantity"": 0}, {""price"": 0.0, ""orders"": 0, ""quantity"": 0}]"
2025-12-18 11:18:24.740503+05:30,137918212,MUDUNURU,16.15,2875,Thu Dec 18 11:15:00 IST 2025,16530,16.79,16.79,16.15,16.47,16.15,16.79,"[{""price"": 0.0, ""orders"": 0, ""quantity"": 0}, {""price"": 0.0, ""orders"": 0, ""quantity"": 0}, {""price"": 0.0, ""orders"": 0, ""quantity"": 0}, {""price"": 0.0, ""orders"": 0, ""quantity"": 0}, {""price"": 0.0, ""orders"": 0, ""quantity"": 0}]","[{""price"": 16.15, ""orders"": 5, ""quantity"": 17632}, {""price"": 16.45, ""orders"": 1, ""quantity"": 1}, {""price"": 0.0, ""orders"": 0, ""quantity"": 0}, {""price"": 0.0, ""orders"": 0, ""quantity"": 0}, {""price"": 0.0, ""orders"": 0, ""quantity"": 0}]"
2025-12-18 11:18:26.378267+05:30,137918212,MUDUNURU,16.15,2875,Thu Dec 18 11:15:00 IST 2025,16530,16.79,16.79,16.15,16.47,NULL,NULL,"[{""price"": 0.0, ""orders"": 0, ""quantity"": 0}, {""price"": 0.0, ""orders"": 0, ""quantity"": 0}, {""price"": 0.0, ""orders"": 0, ""quantity"": 0}, {""price"": 0.0, ""orders"": 0, ""quantity"": 0}, {""price"": 0.0, ""orders"": 0, ""quantity"": 0}]","[{""price"": 16.15, ""orders"": 5, ""quantity"": 17632}, {""price"": 16.45, ""orders"": 1, ""quantity"": 1}, {""price"": 0.0, ""orders"": 0, ""quantity"": 0}, {""price"": 0.0, ""orders"": 0, ""quantity"": 0}, {""price"": 0.0, ""orders"": 0, ""quantity"": 0}]"
2025-12-18 11:18:27.727385+05:30,137918212,MUDUNURU,16.15,2875,Thu Dec 18 11:15:00 IST 2025,16530,16.79,16.79,16.15,16.47,NULL,NULL,"[{""price"": 0.0, ""orders"": 0, ""quantity"": 0}, {""price"": 0.0, ""orders"": 0, ""quantity"": 0}, {""price"": 0.0, ""orders"": 0, ""quantity"": 0}, {""price"": 0.0, ""orders"": 0, ""quantity"": 0}, {""price"": 0.0, ""orders"": 0, ""quantity"": 0}]","[{""price"": 16.15, ""orders"": 5, ""quantity"": 17632}, {""price"": 16.45, ""orders"": 1, ""quantity"": 1}, {""price"": 0.0, ""orders"": 0, ""quantity"": 0}, {""price"": 0.0, ""orders"": 0, ""quantity"": 0}, {""price"": 0.0, ""orders"": 0, ""quantity"": 0}]"
2025-12-18 11:18:29.118523+05:30,137918212,MUDUNURU,16.15,2875,Thu Dec 18 11:15:00 IST 2025,16530,16.79,16.79,16.15,16.47,NULL,NULL,"[{""price"": 0.0, ""orders"": 0, ""quantity"": 0}, {""price"": 0.0, ""orders"": 0, ""quantity"": 0}, {""price"": 0.0, ""orders"": 0, ""quantity"": 0}, {""price"": 0.0, ""orders"": 0, ""quantity"": 0}, {""price"": 0.0, ""orders"": 0, ""quantity"": 0}]","[{""price"": 16.15, ""orders"": 5, ""quantity"": 17632}, {""price"": 16.45, ""orders"": 1, ""quantity"": 1}, {""price"": 0.0, ""orders"": 0, ""quantity"": 0}, {""price"": 0.0, ""orders"": 0, ""quantity"": 0}, {""price"": 0.0, ""orders"": 0, ""quantity"": 0}]"
2025-12-18 11:18:30.461395+05:30,137918212,MUDUNURU,16.15,2875,Thu Dec 18 11:15:00 IST 2025,16530,16.79,16.79,16.15,16.47,NULL,NULL,"[{""price"": 0.0, ""orders"": 0, ""quantity"": 0}, {""price"": 0.0, ""orders"": 0, ""quantity"": 0}, {""price"": 0.0, ""orders"": 0, ""quantity"": 0}, {""price"": 0.0, ""orders"": 0, ""quantity"": 0}, {""price"": 0.0, ""orders"": 0, ""quantity"": 0}]","[{""price"": 16.15, ""orders"": 5, ""quantity"": 17632}, {""price"": 16.45, ""orders"": 1, ""quantity"": 1}, {""price"": 0.0, ""orders"": 0, ""quantity"": 0}, {""price"": 0.0, ""orders"": 0, ""quantity"": 0}, {""price"": 0.0, ""orders"": 0, ""quantity"": 0}]"
2025-12-18 11:18:32.014834+05:30,137918212,MUDUNURU,16.15,2875,Thu Dec 18 11:15:00 IST 2025,16530,16.79,16.79,16.15,16.47,NULL,NULL,"[{""price"": 0.0, ""orders"": 0, ""quantity"": 0}, {""price"": 0.0, ""orders"": 0, ""quantity"": 0}, {""price"": 0.0, ""orders"": 0, ""quantity"": 0}, {""price"": 0.0, ""orders"": 0, ""quantity"": 0}, {""price"": 0.0, ""orders"": 0, ""quantity"": 0}]","[{""price"": 16.15, ""orders"": 5, ""quantity"": 17632}, {""price"": 16.45, ""orders"": 1, ""quantity"": 1}, {""price"": 0.0, ""orders"": 0, ""quantity"": 0}, {""price"": 0.0, ""orders"": 0, ""quantity"": 0}, {""price"": 0.0, ""orders"": 0, ""quantity"": 0}]"
2025-12-18 11:18:33.331147+05:30,137918212,MUDUNURU,16.15,2875,Thu Dec 18 11:15:00 IST 2025,16530,16.79,16.79,16.15,16.47,NULL,NULL,"[{""price"": 0.0, ""orders"": 0, ""quantity"": 0}, {""price"": 0.0, ""orders"": 0, ""quantity"": 0}, {""price"": 0.0, ""orders"": 0, ""quantity"": 0}, {""price"": 0.0, ""orders"": 0, ""quantity"": 0}, {""price"": 0.0, ""orders"": 0, ""quantity"": 0}]","[{""price"": 16.15, ""orders"": 5, ""quantity"": 17632}, {""price"": 16.45, ""orders"": 1, ""quantity"": 1}, {""price"": 0.0, ""orders"": 0, ""quantity"": 0}, {""price"": 0.0, ""orders"": 0, ""quantity"": 0}, {""price"": 0.0, ""orders"": 0, ""quantity"": 0}]"
2025-12-18 11:18:34.657555+05:30,137918212,MUDUNURU,16.15,2875,Thu Dec 18 11:15:00 IST 2025,16530,16.79,16.79,16.15,16.47,NULL,NULL,"[{""price"": 0.0, ""orders"": 0, ""quantity"": 0}, {""price"": 0.0, ""orders"": 0, ""quantity"": 0}, {""price"": 0.0, ""orders"": 0, ""quantity"": 0}, {""price"": 0.0, ""orders"": 0, ""quantity"": 0}, {""price"": 0.0, ""orders"": 0, ""quantity"": 0}]","[{""price"": 16.15, ""orders"": 5, ""quantity"": 17632}, {""price"": 16.45, ""orders"": 1, ""quantity"": 1}, {""price"": 0.0, ""orders"": 0, ""quantity"": 0}, {""price"": 0.0, ""orders"": 0, ""quantity"": 0}, {""price"": 0.0, ""orders"": 0, ""quantity"": 0}]"
2025-12-18 11:18:36.077356+05:30,137918212,MUDUNURU,16.15,2875,Thu Dec 18 11:15:00 IST 2025,16530,16.79,16.79,16.15,16.47,16.15,16.79,"[{""price"": 0.0, ""orders"": 0, ""quantity"": 0}, {""price"": 0.0, ""orders"": 0, ""quantity"": 0}, {""price"": 0.0, ""orders"": 0, ""quantity"": 0}, {""price"": 0.0, ""orders"": 0, ""quantity"": 0}, {""price"": 0.0, ""orders"": 0, ""quantity"": 0}]","[{""price"": 16.15, ""orders"": 5, ""quantity"": 17632}, {""price"": 16.45, ""orders"": 1, ""quantity"": 1}, {""price"": 0.0, ""orders"": 0, ""quantity"": 0}, {""price"": 0.0, ""orders"": 0, ""quantity"": 0}, {""price"": 0.0, ""orders"": 0, ""quantity"": 0}]"
2025-12-18 11:18:37.700489+05:30,137918212,MUDUNURU,16.15,2875,Thu Dec 18 11:15:00 IST 2025,16530,16.79,16.79,16.15,16.47,NULL,NULL,"[{""price"": 0.0, ""orders"": 0, ""quantity"": 0}, {""price"": 0.0, ""orders"": 0, ""quantity"": 0}, {""price"": 0.0, ""orders"": 0, ""quantity"": 0}, {""price"": 0.0, ""orders"": 0, ""quantity"": 0}, {""price"": 0.0, ""orders"": 0, ""quantity"": 0}]","[{""price"": 16.15, ""orders"": 5, ""quantity"": 17632}, {""price"": 16.45, ""orders"": 1, ""quantity"": 1}, {""price"": 0.0, ""orders"": 0, ""quantity"": 0}, {""price"": 0.0, ""orders"": 0, ""quantity"": 0}, {""price"": 0.0, ""orders"": 0, ""quantity"": 0}]"
2025-12-18 11:18:38.893776+05:30,137918212,MUDUNURU,16.15,2875,Thu Dec 18 11:15:00 IST 2025,16530,16.79,16.79,16.15,16.47,16.15,16.79,"[{""price"": 0.0, ""orders"": 0, ""quantity"": 0}, {""price"": 0.0, ""orders"": 0, ""quantity"": 0}, {""price"": 0.0, ""orders"": 0, ""quantity"": 0}, {""price"": 0.0, ""orders"": 0, ""quantity"": 0}, {""price"": 0.0, ""orders"": 0, ""quantity"": 0}]","[{""price"": 16.15, ""orders"": 5, ""quantity"": 17632}, {""price"": 16.45, ""orders"": 1, ""quantity"": 1}, {""price"": 0.0, ""orders"": 0, ""quantity"": 0}, {""price"": 0.0, ""orders"": 0, ""quantity"": 0}, {""price"": 0.0, ""orders"": 0, ""quantity"": 0}]"
2025-12-18 11:18:40.327355+05:30,137918212,MUDUNURU,16.15,2875,Thu Dec 18 11:15:00 IST 2025,16530,16.79,16.79,16.15,16.47,NULL,NULL,"[{""price"": 0.0, ""orders"": 0, ""quantity"": 0}, {""price"": 0.0, ""orders"": 0, ""quantity"": 0}, {""price"": 0.0, ""orders"": 0, ""quantity"": 0}, {""price"": 0.0, ""orders"": 0, ""quantity"": 0}, {""price"": 0.0, ""orders"": 0, ""quantity"": 0}]","[{""price"": 16.15, ""orders"": 5, ""quantity"": 17632}, {""price"": 16.45, ""orders"": 1, ""quantity"": 1}, {""price"": 0.0, ""orders"": 0, ""quantity"": 0}, {""price"": 0.0, ""orders"": 0, ""quantity"": 0}, {""price"": 0.0, ""orders"": 0, ""quantity"": 0}]"
2025-12-18 11:18:41.734569+05:30,137918212,MUDUNURU,16.15,2875,Thu Dec 18 11:15:00 IST 2025,16530,16.79,16.79,16.15,16.47,NULL,NULL,"[{""price"": 0.0, ""orders"": 0, ""quantity"": 0}, {""price"": 0.0, ""orders"": 0, ""quantity"": 0}, {""price"": 0.0, ""orders"": 0, ""quantity"": 0}, {""price"": 0.0, ""orders"": 0, ""quantity"": 0}, {""price"": 0.0, ""orders"": 0, ""quantity"": 0}]","[{""price"": 16.15, ""orders"": 5, ""quantity"": 17632}, {""price"": 16.45, ""orders"": 1, ""quantity"": 1}, {""price"": 0.0, ""orders"": 0, ""quantity"": 0}, {""price"": 0.0, ""orders"": 0, ""quantity"": 0}, {""price"": 0.0, ""orders"": 0, ""quantity"": 0}]"
2025-12-18 11:18:43.10241+05:30,137918212,MUDUNURU,16.15,2875,Thu Dec 18 11:15:00 IST 2025,16530,16.79,16.79,16.15,16.47,NULL,NULL,"[{""price"": 0.0, ""orders"": 0, ""quantity"": 0}, {""price"": 0.0, ""orders"": 0, ""quantity"": 0}, {""price"": 0.0, ""orders"": 0, ""quantity"": 0}, {""price"": 0.0, ""orders"": 0, ""quantity"": 0}, {""price"": 0.0, ""orders"": 0, ""quantity"": 0}]","[{""price"": 16.15, ""orders"": 5, ""quantity"": 17632}, {""price"": 16.45, ""orders"": 1, ""quantity"": 1}, {""price"": 0.0, ""orders"": 0, ""quantity"": 0}, {""price"": 0.0, ""orders"": 0, ""quantity"": 0}, {""price"": 0.0, ""orders"": 0, ""quantity"": 0}]"
2025-12-18 11:18:44.396892+05:30,137918212,MUDUNURU,16.15,2875,Thu Dec 18 11:15:00 IST 2025,16530,16.79,16.79,16.15,16.47,NULL,NULL,"[{""price"": 0.0, ""orders"": 0, ""quantity"": 0}, {""price"": 0.0, ""orders"": 0, ""quantity"": 0}, {""price"": 0.0, ""orders"": 0, ""quantity"": 0}, {""price"": 0.0, ""orders"": 0, ""quantity"": 0}, {""price"": 0.0, ""orders"": 0, ""quantity"": 0}]","[{""price"": 16.15, ""orders"": 5, ""quantity"": 17632}, {""price"": 16.45, ""orders"": 1, ""quantity"": 1}, {""price"": 0.0, ""orders"": 0, ""quantity"": 0}, {""price"": 0.0, ""orders"": 0, ""quantity"": 0}, {""price"": 0.0, ""orders"": 0, ""quantity"": 0}]"
2025-12-18 11:18:45.694349+05:30,137918212,MUDUNURU,16.15,2875,Thu Dec 18 11:15:00 IST 2025,16530,16.79,16.79,16.15,16.47,NULL,NULL,"[{""price"": 0.0, ""orders"": 0, ""quantity"": 0}, {""price"": 0.0, ""orders"": 0, ""quantity"": 0}, {""price"": 0.0, ""orders"": 0, ""quantity"": 0}, {""price"": 0.0, ""orders"": 0, ""quantity"": 0}, {""price"": 0.0, ""orders"": 0, ""quantity"": 0}]","[{""price"": 16.15, ""orders"": 5, ""quantity"": 17632}, {""price"": 16.45, ""orders"": 1, ""quantity"": 1}, {""price"": 0.0, ""orders"": 0, ""quantity"": 0}, {""price"": 0.0, ""orders"": 0, ""quantity"": 0}, {""price"": 0.0, ""orders"": 0, ""quantity"": 0}]"
2025-12-18 11:18:46.940616+05:30,137918212,MUDUNURU,16.15,2875,Thu Dec 18 11:15:00 IST 2025,16530,16.79,16.79,16.15,16.47,16.15,16.79,"[{""price"": 0.0, ""orders"": 0, ""quantity"": 0}, {""price"": 0.0, ""orders"": 0, ""quantity"": 0}, {""price"": 0.0, ""orders"": 0, ""quantity"": 0}, {""price"": 0.0, ""orders"": 0, ""quantity"": 0}, {""price"": 0.0, ""orders"": 0, ""quantity"": 0}]","[{""price"": 16.15, ""orders"": 5, ""quantity"": 17632}, {""price"": 16.45, ""orders"": 1, ""quantity"": 1}, {""price"": 0.0, ""orders"": 0, ""quantity"": 0}, {""price"": 0.0, ""orders"": 0, ""quantity"": 0}, {""price"": 0.0, ""orders"": 0, ""quantity"": 0}]"
2025-12-18 11:18:48.443816+05:30,137918212,MUDUNURU,16.15,2875,Thu Dec 18 11:15:00 IST 2025,16530,16.79,16.79,16.15,16.47,16.15,16.79,"[{""price"": 0.0, ""orders"": 0, ""quantity"": 0}, {""price"": 0.0, ""orders"": 0, ""quantity"": 0}, {""price"": 0.0, ""orders"": 0, ""quantity"": 0}, {""price"": 0.0, ""orders"": 0, ""quantity"": 0}, {""price"": 0.0, ""orders"": 0, ""quantity"": 0}]","[{""price"": 16.15, ""orders"": 5, ""quantity"": 17632}, {""price"": 16.45, ""orders"": 1, ""quantity"": 1}, {""price"": 0.0, ""orders"": 0, ""quantity"": 0}, {""price"": 0.0, ""orders"": 0, ""quantity"": 0}, {""price"": 0.0, ""orders"": 0, ""quantity"": 0}]"
2025-12-18 11:18:50.009913+05:30,137918212,MUDUNURU,16.15,2875,Thu Dec 18 11:15:00 IST 2025,16530,16.79,16.79,16.15,16.47,NULL,NULL,"[{""price"": 0.0, ""orders"": 0, ""quantity"": 0}, {""price"": 0.0, ""orders"": 0, ""quantity"": 0}, {""price"": 0.0, ""orders"": 0, ""quantity"": 0}, {""price"": 0.0, ""orders"": 0, ""quantity"": 0}, {""price"": 0.0, ""orders"": 0, ""quantity"": 0}]","[{""price"": 16.15, ""orders"": 5, ""quantity"": 17632}, {""price"": 16.45, ""orders"": 1, ""quantity"": 1}, {""price"": 0.0, ""orders"": 0, ""quantity"": 0}, {""price"": 0.0, ""orders"": 0, ""quantity"": 0}, {""price"": 0.0, ""orders"": 0, ""quantity"": 0}]"
2025-12-18 11:18:51.367845+05:30,137918212,MUDUNURU,16.15,2875,Thu Dec 18 11:15:00 IST 2025,16530,16.79,16.79,16.15,16.47,NULL,NULL,"[{""price"": 0.0, ""orders"": 0, ""quantity"": 0}, {""price"": 0.0, ""orders"": 0, ""quantity"": 0}, {""price"": 0.0, ""orders"": 0, ""quantity"": 0}, {""price"": 0.0, ""orders"": 0, ""quantity"": 0}, {""price"": 0.0, ""orders"": 0, ""quantity"": 0}]","[{""price"": 16.15, ""orders"": 5, ""quantity"": 17632}, {""price"": 16.45, ""orders"": 1, ""quantity"": 1}, {""price"": 0.0, ""orders"": 0, ""quantity"": 0}, {""price"": 0.0, ""orders"": 0, ""quantity"": 0}, {""price"": 0.0, ""orders"": 0, ""quantity"": 0}]"
2025-12-18 11:18:52.8199+05:30,137918212,MUDUNURU,16.15,2875,Thu Dec 18 11:15:00 IST 2025,16530,16.79,16.79,16.15,16.47,NULL,NULL,"[{""price"": 0.0, ""orders"": 0, ""quantity"": 0}, {""price"": 0.0, ""orders"": 0, ""quantity"": 0}, {""price"": 0.0, ""orders"": 0, ""quantity"": 0}, {""price"": 0.0, ""orders"": 0, ""quantity"": 0}, {""price"": 0.0, ""orders"": 0, ""quantity"": 0}]","[{""price"": 16.15, ""orders"": 5, ""quantity"": 17632}, {""price"": 16.45, ""orders"": 1, ""quantity"": 1}, {""price"": 0.0, ""orders"": 0, ""quantity"": 0}, {""price"": 0.0, ""orders"": 0, ""quantity"": 0}, {""price"": 0.0, ""orders"": 0, ""quantity"": 0}]"
2025-12-18 11:18:54.130489+05:30,137918212,MUDUNURU,16.15,2875,Thu Dec 18 11:15:00 IST 2025,16530,16.79,16.79,16.15,16.47,NULL,NULL,"[{""price"": 0.0, ""orders"": 0, ""quantity"": 0}, {""price"": 0.0, ""orders"": 0, ""quantity"": 0}, {""price"": 0.0, ""orders"": 0, ""quantity"": 0}, {""price"": 0.0, ""orders"": 0, ""quantity"": 0}, {""price"": 0.0, ""orders"": 0, ""quantity"": 0}]","[{""price"": 16.15, ""orders"": 5, ""quantity"": 17632}, {""price"": 16.45, ""orders"": 1, ""quantity"": 1}, {""price"": 0.0, ""orders"": 0, ""quantity"": 0}, {""price"": 0.0, ""orders"": 0, ""quantity"": 0}, {""price"": 0.0, ""orders"": 0, ""quantity"": 0}]"
2025-12-18 11:18:55.558654+05:30,137918212,MUDUNURU,16.15,2875,Thu Dec 18 11:15:00 IST 2025,16530,16.79,16.79,16.15,16.47,NULL,NULL,"[{""price"": 0.0, ""orders"": 0, ""quantity"": 0}, {""price"": 0.0, ""orders"": 0, ""quantity"": 0}, {""price"": 0.0, ""orders"": 0, ""quantity"": 0}, {""price"": 0.0, ""orders"": 0, ""quantity"": 0}, {""price"": 0.0, ""orders"": 0, ""quantity"": 0}]","[{""price"": 16.15, ""orders"": 5, ""quantity"": 17632}, {""price"": 16.45, ""orders"": 1, ""quantity"": 1}, {""price"": 0.0, ""orders"": 0, ""quantity"": 0}, {""price"": 0.0, ""orders"": 0, ""quantity"": 0}, {""price"": 0.0, ""orders"": 0, ""quantity"": 0}]"
2025-12-18 11:18:56.939127+05:30,137918212,MUDUNURU,16.15,2875,Thu Dec 18 11:15:00 IST 2025,16530,16.79,16.79,16.15,16.47,NULL,NULL,"[{""price"": 0.0, ""orders"": 0, ""quantity"": 0}, {""price"": 0.0, ""orders"": 0, ""quantity"": 0}, {""price"": 0.0, ""orders"": 0, ""quantity"": 0}, {""price"": 0.0, ""orders"": 0, ""quantity"": 0}, {""price"": 0.0, ""orders"": 0, ""quantity"": 0}]","[{""price"": 16.15, ""orders"": 5, ""quantity"": 17632}, {""price"": 16.45, ""orders"": 1, ""quantity"": 1}, {""price"": 0.0, ""orders"": 0, ""quantity"": 0}, {""price"": 0.0, ""orders"": 0, ""quantity"": 0}, {""price"": 0.0, ""orders"": 0, ""quantity"": 0}]"
2025-12-18 11:18:58.296169+05:30,137918212,MUDUNURU,16.15,2875,Thu Dec 18 11:15:00 IST 2025,16530,16.79,16.79,16.15,16.47,NULL,NULL,"[{""price"": 0.0, ""orders"": 0, ""quantity"": 0}, {""price"": 0.0, ""orders"": 0, ""quantity"": 0}, {""price"": 0.0, ""orders"": 0, ""quantity"": 0}, {""price"": 0.0, ""orders"": 0, ""quantity"": 0}, {""price"": 0.0, ""orders"": 0, ""quantity"": 0}]","[{""price"": 16.15, ""orders"": 5, ""quantity"": 17632}, {""price"": 16.45, ""orders"": 1, ""quantity"": 1}, {""price"": 0.0, ""orders"": 0, ""quantity"": 0}, {""price"": 0.0, ""orders"": 0, ""quantity"": 0}, {""price"": 0.0, ""orders"": 0, ""quantity"": 0}]"
2025-12-18 11:18:59.661458+05:30,137918212,MUDUNURU,16.15,2875,Thu Dec 18 11:15:00 IST 2025,16530,16.79,16.79,16.15,16.47,NULL,NULL,"[{""price"": 0.0, ""orders"": 0, ""quantity"": 0}, {""price"": 0.0, ""orders"": 0, ""quantity"": 0}, {""price"": 0.0, ""orders"": 0, ""quantity"": 0}, {""price"": 0.0, ""orders"": 0, ""quantity"": 0}, {""price"": 0.0, ""orders"": 0, ""quantity"": 0}]","[{""price"": 16.15, ""orders"": 5, ""quantity"": 17632}, {""price"": 16.45, ""orders"": 1, ""quantity"": 1}, {""price"": 0.0, ""orders"": 0, ""quantity"": 0}, {""price"": 0.0, ""orders"": 0, ""quantity"": 0}, {""price"": 0.0, ""orders"": 0, ""quantity"": 0}]"
2025-12-18 11:19:01.012627+05:30,137918212,MUDUNURU,16.15,2875,Thu Dec 18 11:15:00 IST 2025,16530,16.79,16.79,16.15,16.47,NULL,NULL,"[{""price"": 0.0, ""orders"": 0, ""quantity"": 0}, {""price"": 0.0, ""orders"": 0, ""quantity"": 0}, {""price"": 0.0, ""orders"": 0, ""quantity"": 0}, {""price"": 0.0, ""orders"": 0, ""quantity"": 0}, {""price"": 0.0, ""orders"": 0, ""quantity"": 0}]","[{""price"": 16.15, ""orders"": 5, ""quantity"": 17632}, {""price"": 16.45, ""orders"": 1, ""quantity"": 1}, {""price"": 0.0, ""orders"": 0, ""quantity"": 0}, {""price"": 0.0, ""orders"": 0, ""quantity"": 0}, {""price"": 0.0, ""orders"": 0, ""quantity"": 0}]"
2025-12-18 11:19:02.458708+05:30,137918212,MUDUNURU,16.15,2875,Thu Dec 18 11:15:00 IST 2025,16530,16.79,16.79,16.15,16.47,NULL,NULL,"[{""price"": 0.0, ""orders"": 0, ""quantity"": 0}, {""price"": 0.0, ""orders"": 0, ""quantity"": 0}, {""price"": 0.0, ""orders"": 0, ""quantity"": 0}, {""price"": 0.0, ""orders"": 0, ""quantity"": 0}, {""price"": 0.0, ""orders"": 0, ""quantity"": 0}]","[{""price"": 16.15, ""orders"": 5, ""quantity"": 17632}, {""price"": 16.45, ""orders"": 1, ""quantity"": 1}, {""price"": 0.0, ""orders"": 0, ""quantity"": 0}, {""price"": 0.0, ""orders"": 0, ""quantity"": 0}, {""price"": 0.0, ""orders"": 0, ""quantity"": 0}]"
2025-12-18 11:19:03.808923+05:30,137918212,MUDUNURU,16.15,2875,Thu Dec 18 11:15:00 IST 2025,16530,16.79,16.79,16.15,16.47,NULL,NULL,"[{""price"": 0.0, ""orders"": 0, ""quantity"": 0}, {""price"": 0.0, ""orders"": 0, ""quantity"": 0}, {""price"": 0.0, ""orders"": 0, ""quantity"": 0}, {""price"": 0.0, ""orders"": 0, ""quantity"": 0}, {""price"": 0.0, ""orders"": 0, ""quantity"": 0}]","[{""price"": 16.15, ""orders"": 5, ""quantity"": 17632}, {""price"": 16.45, ""orders"": 1, ""quantity"": 1}, {""price"": 0.0, ""orders"": 0, ""quantity"": 0}, {""price"": 0.0, ""orders"": 0, ""quantity"": 0}, {""price"": 0.0, ""orders"": 0, ""quantity"": 0}]"
2025-12-18 11:19:04.902737+05:30,137918212,MUDUNURU,16.15,2875,Thu Dec 18 11:15:00 IST 2025,16530,16.79,16.79,16.15,16.47,16.15,16.79,"[{""price"": 0.0, ""orders"": 0, ""quantity"": 0}, {""price"": 0.0, ""orders"": 0, ""quantity"": 0}, {""price"": 0.0, ""orders"": 0, ""quantity"": 0}, {""price"": 0.0, ""orders"": 0, ""quantity"": 0}, {""price"": 0.0, ""orders"": 0, ""quantity"": 0}]","[{""price"": 16.15, ""orders"": 5, ""quantity"": 17632}, {""price"": 16.45, ""orders"": 1, ""quantity"": 1}, {""price"": 0.0, ""orders"": 0, ""quantity"": 0}, {""price"": 0.0, ""orders"": 0, ""quantity"": 0}, {""price"": 0.0, ""orders"": 0, ""quantity"": 0}]"
2025-12-18 11:19:06.416804+05:30,137918212,MUDUNURU,16.15,2875,Thu Dec 18 11:15:00 IST 2025,16530,16.79,16.79,16.15,16.47,NULL,NULL,"[{""price"": 0.0, ""orders"": 0, ""quantity"": 0}, {""price"": 0.0, ""orders"": 0, ""quantity"": 0}, {""price"": 0.0, ""orders"": 0, ""quantity"": 0}, {""price"": 0.0, ""orders"": 0, ""quantity"": 0}, {""price"": 0.0, ""orders"": 0, ""quantity"": 0}]","[{""price"": 16.15, ""orders"": 5, ""quantity"": 17632}, {""price"": 16.45, ""orders"": 1, ""quantity"": 1}, {""price"": 0.0, ""orders"": 0, ""quantity"": 0}, {""price"": 0.0, ""orders"": 0, ""quantity"": 0}, {""price"": 0.0, ""orders"": 0, ""quantity"": 0}]"
2025-12-18 11:19:07.848006+05:30,137918212,MUDUNURU,16.15,2875,Thu Dec 18 11:15:00 IST 2025,16530,16.79,16.79,16.15,16.47,NULL,NULL,"[{""price"": 0.0, ""orders"": 0, ""quantity"": 0}, {""price"": 0.0, ""orders"": 0, ""quantity"": 0}, {""price"": 0.0, ""orders"": 0, ""quantity"": 0}, {""price"": 0.0, ""orders"": 0, ""quantity"": 0}, {""price"": 0.0, ""orders"": 0, ""quantity"": 0}]","[{""price"": 16.15, ""orders"": 5, ""quantity"": 17632}, {""price"": 16.45, ""orders"": 1, ""quantity"": 1}, {""price"": 0.0, ""orders"": 0, ""quantity"": 0}, {""price"": 0.0, ""orders"": 0, ""quantity"": 0}, {""price"": 0.0, ""orders"": 0, ""quantity"": 0}]"
2025-12-18 11:19:09.151199+05:30,137918212,MUDUNURU,16.15,2875,Thu Dec 18 11:15:00 IST 2025,16530,16.79,16.79,16.15,16.47,NULL,NULL,"[{""price"": 0.0, ""orders"": 0, ""quantity"": 0}, {""price"": 0.0, ""orders"": 0, ""quantity"": 0}, {""price"": 0.0, ""orders"": 0, ""quantity"": 0}, {""price"": 0.0, ""orders"": 0, ""quantity"": 0}, {""price"": 0.0, ""orders"": 0, ""quantity"": 0}]","[{""price"": 16.15, ""orders"": 5, ""quantity"": 17632}, {""price"": 16.45, ""orders"": 1, ""quantity"": 1}, {""price"": 0.0, ""orders"": 0, ""quantity"": 0}, {""price"": 0.0, ""orders"": 0, ""quantity"": 0}, {""price"": 0.0, ""orders"": 0, ""quantity"": 0}]"
2025-12-18 11:19:10.471031+05:30,137918212,MUDUNURU,16.15,2875,Thu Dec 18 11:15:00 IST 2025,16530,16.79,16.79,16.15,16.47,NULL,NULL,"[{""price"": 0.0, ""orders"": 0, ""quantity"": 0}, {""price"": 0.0, ""orders"": 0, ""quantity"": 0}, {""price"": 0.0, ""orders"": 0, ""quantity"": 0}, {""price"": 0.0, ""orders"": 0, ""quantity"": 0}, {""price"": 0.0, ""orders"": 0, ""quantity"": 0}]","[{""price"": 16.15, ""orders"": 5, ""quantity"": 17632}, {""price"": 16.45, ""orders"": 1, ""quantity"": 1}, {""price"": 0.0, ""orders"": 0, ""quantity"": 0}, {""price"": 0.0, ""orders"": 0, ""quantity"": 0}, {""price"": 0.0, ""orders"": 0, ""quantity"": 0}]"
2025-12-18 11:19:11.771185+05:30,137918212,MUDUNURU,16.15,2875,Thu Dec 18 11:15:00 IST 2025,16530,16.79,16.79,16.15,16.47,NULL,NULL,"[{""price"": 0.0, ""orders"": 0, ""quantity"": 0}, {""price"": 0.0, ""orders"": 0, ""quantity"": 0}, {""price"": 0.0, ""orders"": 0, ""quantity"": 0}, {""price"": 0.0, ""orders"": 0, ""quantity"": 0}, {""price"": 0.0, ""orders"": 0, ""quantity"": 0}]","[{""price"": 16.15, ""orders"": 5, ""quantity"": 17632}, {""price"": 16.45, ""orders"": 1, ""quantity"": 1}, {""price"": 0.0, ""orders"": 0, ""quantity"": 0}, {""price"": 0.0, ""orders"": 0, ""quantity"": 0}, {""price"": 0.0, ""orders"": 0, ""quantity"": 0}]"
2025-12-18 11:19:13.13923+05:30,137918212,MUDUNURU,16.15,2875,Thu Dec 18 11:15:00 IST 2025,16530,16.79,16.79,16.15,16.47,NULL,NULL,"[{""price"": 0.0, ""orders"": 0, ""quantity"": 0}, {""price"": 0.0, ""orders"": 0, ""quantity"": 0}, {""price"": 0.0, ""orders"": 0, ""quantity"": 0}, {""price"": 0.0, ""orders"": 0, ""quantity"": 0}, {""price"": 0.0, ""orders"": 0, ""quantity"": 0}]","[{""price"": 16.15, ""orders"": 5, ""quantity"": 17632}, {""price"": 16.45, ""orders"": 1, ""quantity"": 1}, {""price"": 0.0, ""orders"": 0, ""quantity"": 0}, {""price"": 0.0, ""orders"": 0, ""quantity"": 0}, {""price"": 0.0, ""orders"": 0, ""quantity"": 0}]"
2025-12-18 11:19:14.491921+05:30,137918212,MUDUNURU,16.15,2875,Thu Dec 18 11:15:00 IST 2025,16530,16.79,16.79,16.15,16.47,NULL,NULL,"[{""price"": 0.0, ""orders"": 0, ""quantity"": 0}, {""price"": 0.0, ""orders"": 0, ""quantity"": 0}, {""price"": 0.0, ""orders"": 0, ""quantity"": 0}, {""price"": 0.0, ""orders"": 0, ""quantity"": 0}, {""price"": 0.0, ""orders"": 0, ""quantity"": 0}]","[{""price"": 16.15, ""orders"": 5, ""quantity"": 17632}, {""price"": 16.45, ""orders"": 1, ""quantity"": 1}, {""price"": 0.0, ""orders"": 0, ""quantity"": 0}, {""price"": 0.0, ""orders"": 0, ""quantity"": 0}, {""price"": 0.0, ""orders"": 0, ""quantity"": 0}]"
2025-12-18 11:19:15.834753+05:30,137918212,MUDUNURU,16.15,2875,Thu Dec 18 11:15:00 IST 2025,16530,16.79,16.79,16.15,16.47,NULL,NULL,"[{""price"": 0.0, ""orders"": 0, ""quantity"": 0}, {""price"": 0.0, ""orders"": 0, ""quantity"": 0}, {""price"": 0.0, ""orders"": 0, ""quantity"": 0}, {""price"": 0.0, ""orders"": 0, ""quantity"": 0}, {""price"": 0.0, ""orders"": 0, ""quantity"": 0}]","[{""price"": 16.15, ""orders"": 5, ""quantity"": 17632}, {""price"": 16.45, ""orders"": 1, ""quantity"": 1}, {""price"": 0.0, ""orders"": 0, ""quantity"": 0}, {""price"": 0.0, ""orders"": 0, ""quantity"": 0}, {""price"": 0.0, ""orders"": 0, ""quantity"": 0}]"
2025-12-18 11:19:17.223783+05:30,137918212,MUDUNURU,16.15,2875,Thu Dec 18 11:15:00 IST 2025,16530,16.79,16.79,16.15,16.47,NULL,NULL,"[{""price"": 0.0, ""orders"": 0, ""quantity"": 0}, {""price"": 0.0, ""orders"": 0, ""quantity"": 0}, {""price"": 0.0, ""orders"": 0, ""quantity"": 0}, {""price"": 0.0, ""orders"": 0, ""quantity"": 0}, {""price"": 0.0, ""orders"": 0, ""quantity"": 0}]","[{""price"": 16.15, ""orders"": 5, ""quantity"": 17632}, {""price"": 16.45, ""orders"": 1, ""quantity"": 1}, {""price"": 0.0, ""orders"": 0, ""quantity"": 0}, {""price"": 0.0, ""orders"": 0, ""quantity"": 0}, {""price"": 0.0, ""orders"": 0, ""quantity"": 0}]"
2025-12-18 11:19:18.581963+05:30,137918212,MUDUNURU,16.15,2875,Thu Dec 18 11:15:00 IST 2025,16530,16.79,16.79,16.15,16.47,NULL,NULL,"[{""price"": 0.0, ""orders"": 0, ""quantity"": 0}, {""price"": 0.0, ""orders"": 0, ""quantity"": 0}, {""price"": 0.0, ""orders"": 0, ""quantity"": 0}, {""price"": 0.0, ""orders"": 0, ""quantity"": 0}, {""price"": 0.0, ""orders"": 0, ""quantity"": 0}]","[{""price"": 16.15, ""orders"": 5, ""quantity"": 17632}, {""price"": 16.45, ""orders"": 1, ""quantity"": 1}, {""price"": 0.0, ""orders"": 0, ""quantity"": 0}, {""price"": 0.0, ""orders"": 0, ""quantity"": 0}, {""price"": 0.0, ""orders"": 0, ""quantity"": 0}]"
2025-12-18 11:19:20.037027+05:30,137918212,MUDUNURU,16.15,2875,Thu Dec 18 11:15:00 IST 2025,16530,16.79,16.79,16.15,16.47,NULL,NULL,"[{""price"": 0.0, ""orders"": 0, ""quantity"": 0}, {""price"": 0.0, ""orders"": 0, ""quantity"": 0}, {""price"": 0.0, ""orders"": 0, ""quantity"": 0}, {""price"": 0.0, ""orders"": 0, ""quantity"": 0}, {""price"": 0.0, ""orders"": 0, ""quantity"": 0}]","[{""price"": 16.15, ""orders"": 5, ""quantity"": 17632}, {""price"": 16.45, ""orders"": 1, ""quantity"": 1}, {""price"": 0.0, ""orders"": 0, ""quantity"": 0}, {""price"": 0.0, ""orders"": 0, ""quantity"": 0}, {""price"": 0.0, ""orders"": 0, ""quantity"": 0}]"
2025-12-18 11:19:21.487305+05:30,137918212,MUDUNURU,16.15,2875,Thu Dec 18 11:15:00 IST 2025,16530,16.79,16.79,16.15,16.47,NULL,NULL,"[{""price"": 0.0, ""orders"": 0, ""quantity"": 0}, {""price"": 0.0, ""orders"": 0, ""quantity"": 0}, {""price"": 0.0, ""orders"": 0, ""quantity"": 0}, {""price"": 0.0, ""orders"": 0, ""quantity"": 0}, {""price"": 0.0, ""orders"": 0, ""quantity"": 0}]","[{""price"": 16.15, ""orders"": 5, ""quantity"": 17632}, {""price"": 16.45, ""orders"": 1, ""quantity"": 1}, {""price"": 0.0, ""orders"": 0, ""quantity"": 0}, {""price"": 0.0, ""orders"": 0, ""quantity"": 0}, {""price"": 0.0, ""orders"": 0, ""quantity"": 0}]"
2025-12-18 11:19:22.750344+05:30,137918212,MUDUNURU,16.15,2875,Thu Dec 18 11:15:00 IST 2025,16530,16.79,16.79,16.15,16.47,NULL,NULL,"[{""price"": 0.0, ""orders"": 0, ""quantity"": 0}, {""price"": 0.0, ""orders"": 0, ""quantity"": 0}, {""price"": 0.0, ""orders"": 0, ""quantity"": 0}, {""price"": 0.0, ""orders"": 0, ""quantity"": 0}, {""price"": 0.0, ""orders"": 0, ""quantity"": 0}]","[{""price"": 16.15, ""orders"": 5, ""quantity"": 17632}, {""price"": 16.45, ""orders"": 1, ""quantity"": 1}, {""price"": 0.0, ""orders"": 0, ""quantity"": 0}, {""price"": 0.0, ""orders"": 0, ""quantity"": 0}, {""price"": 0.0, ""orders"": 0, ""quantity"": 0}]"
2025-12-18 11:19:24.073553+05:30,137918212,MUDUNURU,16.15,2875,Thu Dec 18 11:15:00 IST 2025,16530,16.79,16.79,16.15,16.47,NULL,NULL,"[{""price"": 0.0, ""orders"": 0, ""quantity"": 0}, {""price"": 0.0, ""orders"": 0, ""quantity"": 0}, {""price"": 0.0, ""orders"": 0, ""quantity"": 0}, {""price"": 0.0, ""orders"": 0, ""quantity"": 0}, {""price"": 0.0, ""orders"": 0, ""quantity"": 0}]","[{""price"": 16.15, ""orders"": 5, ""quantity"": 17632}, {""price"": 16.45, ""orders"": 1, ""quantity"": 1}, {""price"": 0.0, ""orders"": 0, ""quantity"": 0}, {""price"": 0.0, ""orders"": 0, ""quantity"": 0}, {""price"": 0.0, ""orders"": 0, ""quantity"": 0}]"
2025-12-18 11:19:25.529455+05:30,137918212,MUDUNURU,16.15,2875,Thu Dec 18 11:15:00 IST 2025,16530,16.79,16.79,16.15,16.47,NULL,NULL,"[{""price"": 0.0, ""orders"": 0, ""quantity"": 0}, {""price"": 0.0, ""orders"": 0, ""quantity"": 0}, {""price"": 0.0, ""orders"": 0, ""quantity"": 0}, {""price"": 0.0, ""orders"": 0, ""quantity"": 0}, {""price"": 0.0, ""orders"": 0, ""quantity"": 0}]","[{""price"": 16.15, ""orders"": 5, ""quantity"": 17632}, {""price"": 16.45, ""orders"": 1, ""quantity"": 1}, {""price"": 0.0, ""orders"": 0, ""quantity"": 0}, {""price"": 0.0, ""orders"": 0, ""quantity"": 0}, {""price"": 0.0, ""orders"": 0, ""quantity"": 0}]"
2025-12-18 11:19:26.862408+05:30,137918212,MUDUNURU,16.15,2875,Thu Dec 18 11:15:00 IST 2025,16530,16.79,16.79,16.15,16.47,NULL,NULL,"[{""price"": 0.0, ""orders"": 0, ""quantity"": 0}, {""price"": 0.0, ""orders"": 0, ""quantity"": 0}, {""price"": 0.0, ""orders"": 0, ""quantity"": 0}, {""price"": 0.0, ""orders"": 0, ""quantity"": 0}, {""price"": 0.0, ""orders"": 0, ""quantity"": 0}]","[{""price"": 16.15, ""orders"": 5, ""quantity"": 17632}, {""price"": 16.45, ""orders"": 1, ""quantity"": 1}, {""price"": 0.0, ""orders"": 0, ""quantity"": 0}, {""price"": 0.0, ""orders"": 0, ""quantity"": 0}, {""price"": 0.0, ""orders"": 0, ""quantity"": 0}]"
2025-12-18 11:19:28.227689+05:30,137918212,MUDUNURU,16.15,2875,Thu Dec 18 11:15:00 IST 2025,16530,16.79,16.79,16.15,16.47,NULL,NULL,"[{""price"": 0.0, ""orders"": 0, ""quantity"": 0}, {""price"": 0.0, ""orders"": 0, ""quantity"": 0}, {""price"": 0.0, ""orders"": 0, ""quantity"": 0}, {""price"": 0.0, ""orders"": 0, ""quantity"": 0}, {""price"": 0.0, ""orders"": 0, ""quantity"": 0}]","[{""price"": 16.15, ""orders"": 5, ""quantity"": 17632}, {""price"": 16.45, ""orders"": 1, ""quantity"": 1}, {""price"": 0.0, ""orders"": 0, ""quantity"": 0}, {""price"": 0.0, ""orders"": 0, ""quantity"": 0}, {""price"": 0.0, ""orders"": 0, ""quantity"": 0}]"
2025-12-18 11:19:29.650743+05:30,137918212,MUDUNURU,16.15,2875,Thu Dec 18 11:15:00 IST 2025,16530,16.79,16.79,16.15,16.47,NULL,NULL,"[{""price"": 0.0, ""orders"": 0, ""quantity"": 0}, {""price"": 0.0, ""orders"": 0, ""quantity"": 0}, {""price"": 0.0, ""orders"": 0, ""quantity"": 0}, {""price"": 0.0, ""orders"": 0, ""quantity"": 0}, {""price"": 0.0, ""orders"": 0, ""quantity"": 0}]","[{""price"": 16.15, ""orders"": 5, ""quantity"": 17632}, {""price"": 16.45, ""orders"": 1, ""quantity"": 1}, {""price"": 0.0, ""orders"": 0, ""quantity"": 0}, {""price"": 0.0, ""orders"": 0, ""quantity"": 0}, {""price"": 0.0, ""orders"": 0, ""quantity"": 0}]"
2025-12-18 11:19:30.921934+05:30,137918212,MUDUNURU,16.15,2875,Thu Dec 18 11:15:00 IST 2025,16530,16.79,16.79,16.15,16.47,NULL,NULL,"[{""price"": 0.0, ""orders"": 0, ""quantity"": 0}, {""price"": 0.0, ""orders"": 0, ""quantity"": 0}, {""price"": 0.0, ""orders"": 0, ""quantity"": 0}, {""price"": 0.0, ""orders"": 0, ""quantity"": 0}, {""price"": 0.0, ""orders"": 0, ""quantity"": 0}]","[{""price"": 16.15, ""orders"": 5, ""quantity"": 17632}, {""price"": 16.45, ""orders"": 1, ""quantity"": 1}, {""price"": 0.0, ""orders"": 0, ""quantity"": 0}, {""price"": 0.0, ""orders"": 0, ""quantity"": 0}, {""price"": 0.0, ""orders"": 0, ""quantity"": 0}]"
2025-12-18 11:19:32.366872+05:30,137918212,MUDUNURU,16.15,2875,Thu Dec 18 11:15:00 IST 2025,16530,16.79,16.79,16.15,16.47,NULL,NULL,"[{""price"": 0.0, ""orders"": 0, ""quantity"": 0}, {""price"": 0.0, ""orders"": 0, ""quantity"": 0}, {""price"": 0.0, ""orders"": 0, ""quantity"": 0}, {""price"": 0.0, ""orders"": 0, ""quantity"": 0}, {""price"": 0.0, ""orders"": 0, ""quantity"": 0}]","[{""price"": 16.15, ""orders"": 5, ""quantity"": 17632}, {""price"": 16.45, ""orders"": 1, ""quantity"": 1}, {""price"": 0.0, ""orders"": 0, ""quantity"": 0}, {""price"": 0.0, ""orders"": 0, ""quantity"": 0}, {""price"": 0.0, ""orders"": 0, ""quantity"": 0}]"
2025-12-18 11:19:33.762073+05:30,137918212,MUDUNURU,16.15,2875,Thu Dec 18 11:15:00 IST 2025,16530,16.79,16.79,16.15,16.47,NULL,NULL,"[{""price"": 0.0, ""orders"": 0, ""quantity"": 0}, {""price"": 0.0, ""orders"": 0, ""quantity"": 0}, {""price"": 0.0, ""orders"": 0, ""quantity"": 0}, {""price"": 0.0, ""orders"": 0, ""quantity"": 0}, {""price"": 0.0, ""orders"": 0, ""quantity"": 0}]","[{""price"": 16.15, ""orders"": 5, ""quantity"": 17632}, {""price"": 16.45, ""orders"": 1, ""quantity"": 1}, {""price"": 0.0, ""orders"": 0, ""quantity"": 0}, {""price"": 0.0, ""orders"": 0, ""quantity"": 0}, {""price"": 0.0, ""orders"": 0, ""quantity"": 0}]"
2025-12-18 11:19:35.116911+05:30,137918212,MUDUNURU,16.15,2875,Thu Dec 18 11:15:00 IST 2025,16530,16.79,16.79,16.15,16.47,NULL,NULL,"[{""price"": 0.0, ""orders"": 0, ""quantity"": 0}, {""price"": 0.0, ""orders"": 0, ""quantity"": 0}, {""price"": 0.0, ""orders"": 0, ""quantity"": 0}, {""price"": 0.0, ""orders"": 0, ""quantity"": 0}, {""price"": 0.0, ""orders"": 0, ""quantity"": 0}]","[{""price"": 16.15, ""orders"": 5, ""quantity"": 17632}, {""price"": 16.45, ""orders"": 1, ""quantity"": 1}, {""price"": 0.0, ""orders"": 0, ""quantity"": 0}, {""price"": 0.0, ""orders"": 0, ""quantity"": 0}, {""price"": 0.0, ""orders"": 0, ""quantity"": 0}]"
2025-12-18 11:19:36.505042+05:30,137918212,MUDUNURU,16.15,2875,Thu Dec 18 11:15:00 IST 2025,16530,16.79,16.79,16.15,16.47,NULL,NULL,"[{""price"": 0.0, ""orders"": 0, ""quantity"": 0}, {""price"": 0.0, ""orders"": 0, ""quantity"": 0}, {""price"": 0.0, ""orders"": 0, ""quantity"": 0}, {""price"": 0.0, ""orders"": 0, ""quantity"": 0}, {""price"": 0.0, ""orders"": 0, ""quantity"": 0}]","[{""price"": 16.15, ""orders"": 5, ""quantity"": 17632}, {""price"": 16.45, ""orders"": 1, ""quantity"": 1}, {""price"": 0.0, ""orders"": 0, ""quantity"": 0}, {""price"": 0.0, ""orders"": 0, ""quantity"": 0}, {""price"": 0.0, ""orders"": 0, ""quantity"": 0}]"
2025-12-18 11:19:37.836508+05:30,137918212,MUDUNURU,16.15,2875,Thu Dec 18 11:15:00 IST 2025,16530,16.79,16.79,16.15,16.47,NULL,NULL,"[{""price"": 0.0, ""orders"": 0, ""quantity"": 0}, {""price"": 0.0, ""orders"": 0, ""quantity"": 0}, {""price"": 0.0, ""orders"": 0, ""quantity"": 0}, {""price"": 0.0, ""orders"": 0, ""quantity"": 0}, {""price"": 0.0, ""orders"": 0, ""quantity"": 0}]","[{""price"": 16.15, ""orders"": 5, ""quantity"": 17632}, {""price"": 16.45, ""orders"": 1, ""quantity"": 1}, {""price"": 0.0, ""orders"": 0, ""quantity"": 0}, {""price"": 0.0, ""orders"": 0, ""quantity"": 0}, {""price"": 0.0, ""orders"": 0, ""quantity"": 0}]"
2025-12-18 11:19:39.158462+05:30,137918212,MUDUNURU,16.15,2875,Thu Dec 18 11:15:00 IST 2025,16530,16.79,16.79,16.15,16.47,NULL,NULL,"[{""price"": 0.0, ""orders"": 0, ""quantity"": 0}, {""price"": 0.0, ""orders"": 0, ""quantity"": 0}, {""price"": 0.0, ""orders"": 0, ""quantity"": 0}, {""price"": 0.0, ""orders"": 0, ""quantity"": 0}, {""price"": 0.0, ""orders"": 0, ""quantity"": 0}]","[{""price"": 16.15, ""orders"": 5, ""quantity"": 17632}, {""price"": 16.45, ""orders"": 1, ""quantity"": 1}, {""price"": 0.0, ""orders"": 0, ""quantity"": 0}, {""price"": 0.0, ""orders"": 0, ""quantity"": 0}, {""price"": 0.0, ""orders"": 0, ""quantity"": 0}]"
2025-12-18 11:19:40.467097+05:30,137918212,MUDUNURU,16.15,2875,Thu Dec 18 11:15:00 IST 2025,16530,16.79,16.79,16.15,16.47,NULL,NULL,"[{""price"": 0.0, ""orders"": 0, ""quantity"": 0}, {""price"": 0.0, ""orders"": 0, ""quantity"": 0}, {""price"": 0.0, ""orders"": 0, ""quantity"": 0}, {""price"": 0.0, ""orders"": 0, ""quantity"": 0}, {""price"": 0.0, ""orders"": 0, ""quantity"": 0}]","[{""price"": 16.15, ""orders"": 5, ""quantity"": 17632}, {""price"": 16.45, ""orders"": 1, ""quantity"": 1}, {""price"": 0.0, ""orders"": 0, ""quantity"": 0}, {""price"": 0.0, ""orders"": 0, ""quantity"": 0}, {""price"": 0.0, ""orders"": 0, ""quantity"": 0}]"
2025-12-18 11:19:41.871069+05:30,137918212,MUDUNURU,16.15,2875,Thu Dec 18 11:15:00 IST 2025,16530,16.79,16.79,16.15,16.47,NULL,NULL,"[{""price"": 0.0, ""orders"": 0, ""quantity"": 0}, {""price"": 0.0, ""orders"": 0, ""quantity"": 0}, {""price"": 0.0, ""orders"": 0, ""quantity"": 0}, {""price"": 0.0, ""orders"": 0, ""quantity"": 0}, {""price"": 0.0, ""orders"": 0, ""quantity"": 0}]","[{""price"": 16.15, ""orders"": 5, ""quantity"": 17632}, {""price"": 16.45, ""orders"": 1, ""quantity"": 1}, {""price"": 0.0, ""orders"": 0, ""quantity"": 0}, {""price"": 0.0, ""orders"": 0, ""quantity"": 0}, {""price"": 0.0, ""orders"": 0, ""quantity"": 0}]"
2025-12-18 11:19:43.311457+05:30,137918212,MUDUNURU,16.15,2875,Thu Dec 18 11:15:00 IST 2025,16530,16.79,16.79,16.15,16.47,NULL,NULL,"[{""price"": 0.0, ""orders"": 0, ""quantity"": 0}, {""price"": 0.0, ""orders"": 0, ""quantity"": 0}, {""price"": 0.0, ""orders"": 0, ""quantity"": 0}, {""price"": 0.0, ""orders"": 0, ""quantity"": 0}, {""price"": 0.0, ""orders"": 0, ""quantity"": 0}]","[{""price"": 16.15, ""orders"": 5, ""quantity"": 17632}, {""price"": 16.45, ""orders"": 1, ""quantity"": 1}, {""price"": 0.0, ""orders"": 0, ""quantity"": 0}, {""price"": 0.0, ""orders"": 0, ""quantity"": 0}, {""price"": 0.0, ""orders"": 0, ""quantity"": 0}]"
2025-12-18 11:19:44.800273+05:30,137918212,MUDUNURU,16.15,2875,Thu Dec 18 11:15:00 IST 2025,16530,16.79,16.79,16.15,16.47,NULL,NULL,"[{""price"": 0.0, ""orders"": 0, ""quantity"": 0}, {""price"": 0.0, ""orders"": 0, ""quantity"": 0}, {""price"": 0.0, ""orders"": 0, ""quantity"": 0}, {""price"": 0.0, ""orders"": 0, ""quantity"": 0}, {""price"": 0.0, ""orders"": 0, ""quantity"": 0}]","[{""price"": 16.15, ""orders"": 5, ""quantity"": 17632}, {""price"": 16.45, ""orders"": 1, ""quantity"": 1}, {""price"": 0.0, ""orders"": 0, ""quantity"": 0}, {""price"": 0.0, ""orders"": 0, ""quantity"": 0}, {""price"": 0.0, ""orders"": 0, ""quantity"": 0}]"
2025-12-18 11:19:46.082124+05:30,137918212,MUDUNURU,16.15,2875,Thu Dec 18 11:15:00 IST 2025,16530,16.79,16.79,16.15,16.47,NULL,NULL,"[{""price"": 0.0, ""orders"": 0, ""quantity"": 0}, {""price"": 0.0, ""orders"": 0, ""quantity"": 0}, {""price"": 0.0, ""orders"": 0, ""quantity"": 0}, {""price"": 0.0, ""orders"": 0, ""quantity"": 0}, {""price"": 0.0, ""orders"": 0, ""quantity"": 0}]","[{""price"": 16.15, ""orders"": 5, ""quantity"": 17632}, {""price"": 16.45, ""orders"": 1, ""quantity"": 1}, {""price"": 0.0, ""orders"": 0, ""quantity"": 0}, {""price"": 0.0, ""orders"": 0, ""quantity"": 0}, {""price"": 0.0, ""orders"": 0, ""quantity"": 0}]"
2025-12-18 11:19:47.415183+05:30,137918212,MUDUNURU,16.15,2875,Thu Dec 18 11:15:00 IST 2025,16530,16.79,16.79,16.15,16.47,NULL,NULL,"[{""price"": 0.0, ""orders"": 0, ""quantity"": 0}, {""price"": 0.0, ""orders"": 0, ""quantity"": 0}, {""price"": 0.0, ""orders"": 0, ""quantity"": 0}, {""price"": 0.0, ""orders"": 0, ""quantity"": 0}, {""price"": 0.0, ""orders"": 0, ""quantity"": 0}]","[{""price"": 16.15, ""orders"": 5, ""quantity"": 17632}, {""price"": 16.45, ""orders"": 1, ""quantity"": 1}, {""price"": 0.0, ""orders"": 0, ""quantity"": 0}, {""price"": 0.0, ""orders"": 0, ""quantity"": 0}, {""price"": 0.0, ""orders"": 0, ""quantity"": 0}]"
2025-12-18 11:19:48.77096+05:30,137918212,MUDUNURU,16.15,2875,Thu Dec 18 11:15:00 IST 2025,16530,16.79,16.79,16.15,16.47,NULL,NULL,"[{""price"": 0.0, ""orders"": 0, ""quantity"": 0}, {""price"": 0.0, ""orders"": 0, ""quantity"": 0}, {""price"": 0.0, ""orders"": 0, ""quantity"": 0}, {""price"": 0.0, ""orders"": 0, ""quantity"": 0}, {""price"": 0.0, ""orders"": 0, ""quantity"": 0}]","[{""price"": 16.15, ""orders"": 5, ""quantity"": 17632}, {""price"": 16.45, ""orders"": 1, ""quantity"": 1}, {""price"": 0.0, ""orders"": 0, ""quantity"": 0}, {""price"": 0.0, ""orders"": 0, ""quantity"": 0}, {""price"": 0.0, ""orders"": 0, ""quantity"": 0}]"
2025-12-18 11:19:50.17783+05:30,137918212,MUDUNURU,16.15,2875,Thu Dec 18 11:15:00 IST 2025,16530,16.79,16.79,16.15,16.47,NULL,NULL,"[{""price"": 0.0, ""orders"": 0, ""quantity"": 0}, {""price"": 0.0, ""orders"": 0, ""quantity"": 0}, {""price"": 0.0, ""orders"": 0, ""quantity"": 0}, {""price"": 0.0, ""orders"": 0, ""quantity"": 0}, {""price"": 0.0, ""orders"": 0, ""quantity"": 0}]","[{""price"": 16.15, ""orders"": 5, ""quantity"": 17632}, {""price"": 16.45, ""orders"": 1, ""quantity"": 1}, {""price"": 0.0, ""orders"": 0, ""quantity"": 0}, {""price"": 0.0, ""orders"": 0, ""quantity"": 0}, {""price"": 0.0, ""orders"": 0, ""quantity"": 0}]"
2025-12-18 11:19:51.602472+05:30,137918212,MUDUNURU,16.15,2875,Thu Dec 18 11:15:00 IST 2025,16530,16.79,16.79,16.15,16.47,NULL,NULL,"[{""price"": 0.0, ""orders"": 0, ""quantity"": 0}, {""price"": 0.0, ""orders"": 0, ""quantity"": 0}, {""price"": 0.0, ""orders"": 0, ""quantity"": 0}, {""price"": 0.0, ""orders"": 0, ""quantity"": 0}, {""price"": 0.0, ""orders"": 0, ""quantity"": 0}]","[{""price"": 16.15, ""orders"": 5, ""quantity"": 17632}, {""price"": 16.45, ""orders"": 1, ""quantity"": 1}, {""price"": 0.0, ""orders"": 0, ""quantity"": 0}, {""price"": 0.0, ""orders"": 0, ""quantity"": 0}, {""price"": 0.0, ""orders"": 0, ""quantity"": 0}]"
2025-12-18 11:19:52.948339+05:30,137918212,MUDUNURU,16.15,2875,Thu Dec 18 11:15:00 IST 2025,16530,16.79,16.79,16.15,16.47,NULL,NULL,"[{""price"": 0.0, ""orders"": 0, ""quantity"": 0}, {""price"": 0.0, ""orders"": 0, ""quantity"": 0}, {""price"": 0.0, ""orders"": 0, ""quantity"": 0}, {""price"": 0.0, ""orders"": 0, ""quantity"": 0}, {""price"": 0.0, ""orders"": 0, ""quantity"": 0}]","[{""price"": 16.15, ""orders"": 5, ""quantity"": 17632}, {""price"": 16.45, ""orders"": 1, ""quantity"": 1}, {""price"": 0.0, ""orders"": 0, ""quantity"": 0}, {""price"": 0.0, ""orders"": 0, ""quantity"": 0}, {""price"": 0.0, ""orders"": 0, ""quantity"": 0}]"
2025-12-18 11:19:54.244951+05:30,137918212,MUDUNURU,16.15,2875,Thu Dec 18 11:15:00 IST 2025,16530,16.79,16.79,16.15,16.47,NULL,NULL,"[{""price"": 0.0, ""orders"": 0, ""quantity"": 0}, {""price"": 0.0, ""orders"": 0, ""quantity"": 0}, {""price"": 0.0, ""orders"": 0, ""quantity"": 0}, {""price"": 0.0, ""orders"": 0, ""quantity"": 0}, {""price"": 0.0, ""orders"": 0, ""quantity"": 0}]","[{""price"": 16.15, ""orders"": 5, ""quantity"": 17632}, {""price"": 16.45, ""orders"": 1, ""quantity"": 1}, {""price"": 0.0, ""orders"": 0, ""quantity"": 0}, {""price"": 0.0, ""orders"": 0, ""quantity"": 0}, {""price"": 0.0, ""orders"": 0, ""quantity"": 0}]"
2025-12-18 11:19:55.527619+05:30,137918212,MUDUNURU,16.15,2875,Thu Dec 18 11:15:00 IST 2025,16530,16.79,16.79,16.15,16.47,NULL,NULL,"[{""price"": 0.0, ""orders"": 0, ""quantity"": 0}, {""price"": 0.0, ""orders"": 0, ""quantity"": 0}, {""price"": 0.0, ""orders"": 0, ""quantity"": 0}, {""price"": 0.0, ""orders"": 0, ""quantity"": 0}, {""price"": 0.0, ""orders"": 0, ""quantity"": 0}]","[{""price"": 16.15, ""orders"": 5, ""quantity"": 17632}, {""price"": 16.45, ""orders"": 1, ""quantity"": 1}, {""price"": 0.0, ""orders"": 0, ""quantity"": 0}, {""price"": 0.0, ""orders"": 0, ""quantity"": 0}, {""price"": 0.0, ""orders"": 0, ""quantity"": 0}]"
2025-12-18 11:19:56.921602+05:30,137918212,MUDUNURU,16.15,2875,Thu Dec 18 11:15:00 IST 2025,16530,16.79,16.79,16.15,16.47,NULL,NULL,"[{""price"": 0.0, ""orders"": 0, ""quantity"": 0}, {""price"": 0.0, ""orders"": 0, ""quantity"": 0}, {""price"": 0.0, ""orders"": 0, ""quantity"": 0}, {""price"": 0.0, ""orders"": 0, ""quantity"": 0}, {""price"": 0.0, ""orders"": 0, ""quantity"": 0}]","[{""price"": 16.15, ""orders"": 5, ""quantity"": 17632}, {""price"": 16.45, ""orders"": 1, ""quantity"": 1}, {""price"": 0.0, ""orders"": 0, ""quantity"": 0}, {""price"": 0.0, ""orders"": 0, ""quantity"": 0}, {""price"": 0.0, ""orders"": 0, ""quantity"": 0}]"
2025-12-18 11:19:58.374383+05:30,137918212,MUDUNURU,16.15,2875,Thu Dec 18 11:15:00 IST 2025,16530,16.79,16.79,16.15,16.47,NULL,NULL,"[{""price"": 0.0, ""orders"": 0, ""quantity"": 0}, {""price"": 0.0, ""orders"": 0, ""quantity"": 0}, {""price"": 0.0, ""orders"": 0, ""quantity"": 0}, {""price"": 0.0, ""orders"": 0, ""quantity"": 0}, {""price"": 0.0, ""orders"": 0, ""quantity"": 0}]","[{""price"": 16.15, ""orders"": 5, ""quantity"": 17632}, {""price"": 16.45, ""orders"": 1, ""quantity"": 1}, {""price"": 0.0, ""orders"": 0, ""quantity"": 0}, {""price"": 0.0, ""orders"": 0, ""quantity"": 0}, {""price"": 0.0, ""orders"": 0, ""quantity"": 0}]"
2025-12-18 11:19:59.784681+05:30,137918212,MUDUNURU,16.15,2875,Thu Dec 18 11:15:00 IST 2025,16530,16.79,16.79,16.15,16.47,NULL,NULL,"[{""price"": 0.0, ""orders"": 0, ""quantity"": 0}, {""price"": 0.0, ""orders"": 0, ""quantity"": 0}, {""price"": 0.0, ""orders"": 0, ""quantity"": 0}, {""price"": 0.0, ""orders"": 0, ""quantity"": 0}, {""price"": 0.0, ""orders"": 0, ""quantity"": 0}]","[{""price"": 16.15, ""orders"": 5, ""quantity"": 17632}, {""price"": 16.45, ""orders"": 1, ""quantity"": 1}, {""price"": 0.0, ""orders"": 0, ""quantity"": 0}, {""price"": 0.0, ""orders"": 0, ""quantity"": 0}, {""price"": 0.0, ""orders"": 0, ""quantity"": 0}]"
2025-12-18 11:20:01.104046+05:30,137918212,MUDUNURU,16.15,2875,Thu Dec 18 11:15:00 IST 2025,16530,16.79,16.79,16.15,16.47,NULL,NULL,"[{""price"": 0.0, ""orders"": 0, ""quantity"": 0}, {""price"": 0.0, ""orders"": 0, ""quantity"": 0}, {""price"": 0.0, ""orders"": 0, ""quantity"": 0}, {""price"": 0.0, ""orders"": 0, ""quantity"": 0}, {""price"": 0.0, ""orders"": 0, ""quantity"": 0}]","[{""price"": 16.15, ""orders"": 5, ""quantity"": 17632}, {""price"": 16.45, ""orders"": 1, ""quantity"": 1}, {""price"": 0.0, ""orders"": 0, ""quantity"": 0}, {""price"": 0.0, ""orders"": 0, ""quantity"": 0}, {""price"": 0.0, ""orders"": 0, ""quantity"": 0}]"
2025-12-18 11:20:02.411308+05:30,137918212,MUDUNURU,16.15,2875,Thu Dec 18 11:15:00 IST 2025,16530,16.79,16.79,16.15,16.47,NULL,NULL,"[{""price"": 0.0, ""orders"": 0, ""quantity"": 0}, {""price"": 0.0, ""orders"": 0, ""quantity"": 0}, {""price"": 0.0, ""orders"": 0, ""quantity"": 0}, {""price"": 0.0, ""orders"": 0, ""quantity"": 0}, {""price"": 0.0, ""orders"": 0, ""quantity"": 0}]","[{""price"": 16.15, ""orders"": 5, ""quantity"": 17632}, {""price"": 16.45, ""orders"": 1, ""quantity"": 1}, {""price"": 0.0, ""orders"": 0, ""quantity"": 0}, {""price"": 0.0, ""orders"": 0, ""quantity"": 0}, {""price"": 0.0, ""orders"": 0, ""quantity"": 0}]"
2025-12-18 11:20:03.910086+05:30,137918212,MUDUNURU,16.15,2875,Thu Dec 18 11:15:00 IST 2025,16530,16.79,16.79,16.15,16.47,NULL,NULL,"[{""price"": 0.0, ""orders"": 0, ""quantity"": 0}, {""price"": 0.0, ""orders"": 0, ""quantity"": 0}, {""price"": 0.0, ""orders"": 0, ""quantity"": 0}, {""price"": 0.0, ""orders"": 0, ""quantity"": 0}, {""price"": 0.0, ""orders"": 0, ""quantity"": 0}]","[{""price"": 16.15, ""orders"": 5, ""quantity"": 17632}, {""price"": 16.45, ""orders"": 1, ""quantity"": 1}, {""price"": 0.0, ""orders"": 0, ""quantity"": 0}, {""price"": 0.0, ""orders"": 0, ""quantity"": 0}, {""price"": 0.0, ""orders"": 0, ""quantity"": 0}]"
2025-12-18 11:20:05.20025+05:30,137918212,MUDUNURU,16.15,2875,Thu Dec 18 11:15:00 IST 2025,16530,16.79,16.79,16.15,16.47,NULL,NULL,"[{""price"": 0.0, ""orders"": 0, ""quantity"": 0}, {""price"": 0.0, ""orders"": 0, ""quantity"": 0}, {""price"": 0.0, ""orders"": 0, ""quantity"": 0}, {""price"": 0.0, ""orders"": 0, ""quantity"": 0}, {""price"": 0.0, ""orders"": 0, ""quantity"": 0}]","[{""price"": 16.15, ""orders"": 5, ""quantity"": 17632}, {""price"": 16.45, ""orders"": 1, ""quantity"": 1}, {""price"": 0.0, ""orders"": 0, ""quantity"": 0}, {""price"": 0.0, ""orders"": 0, ""quantity"": 0}, {""price"": 0.0, ""orders"": 0, ""quantity"": 0}]"
2025-12-18 11:20:06.66446+05:30,137918212,MUDUNURU,16.15,2875,Thu Dec 18 11:15:00 IST 2025,16530,16.79,16.79,16.15,16.47,NULL,NULL,"[{""price"": 0.0, ""orders"": 0, ""quantity"": 0}, {""price"": 0.0, ""orders"": 0, ""quantity"": 0}, {""price"": 0.0, ""orders"": 0, ""quantity"": 0}, {""price"": 0.0, ""orders"": 0, ""quantity"": 0}, {""price"": 0.0, ""orders"": 0, ""quantity"": 0}]","[{""price"": 16.15, ""orders"": 5, ""quantity"": 17632}, {""price"": 16.45, ""orders"": 1, ""quantity"": 1}, {""price"": 0.0, ""orders"": 0, ""quantity"": 0}, {""price"": 0.0, ""orders"": 0, ""quantity"": 0}, {""price"": 0.0, ""orders"": 0, ""quantity"": 0}]"
2025-12-18 11:20:07.990274+05:30,137918212,MUDUNURU,16.15,2875,Thu Dec 18 11:15:00 IST 2025,16530,16.79,16.79,16.15,16.47,NULL,NULL,"[{""price"": 0.0, ""orders"": 0, ""quantity"": 0}, {""price"": 0.0, ""orders"": 0, ""quantity"": 0}, {""price"": 0.0, ""orders"": 0, ""quantity"": 0}, {""price"": 0.0, ""orders"": 0, ""quantity"": 0}, {""price"": 0.0, ""orders"": 0, ""quantity"": 0}]","[{""price"": 16.15, ""orders"": 5, ""quantity"": 17632}, {""price"": 16.45, ""orders"": 1, ""quantity"": 1}, {""price"": 0.0, ""orders"": 0, ""quantity"": 0}, {""price"": 0.0, ""orders"": 0, ""quantity"": 0}, {""price"": 0.0, ""orders"": 0, ""quantity"": 0}]"
2025-12-18 11:20:09.327439+05:30,137918212,MUDUNURU,16.15,2875,Thu Dec 18 11:15:00 IST 2025,16530,16.79,16.79,16.15,16.47,NULL,NULL,"[{""price"": 0.0, ""orders"": 0, ""quantity"": 0}, {""price"": 0.0, ""orders"": 0, ""quantity"": 0}, {""price"": 0.0, ""orders"": 0, ""quantity"": 0}, {""price"": 0.0, ""orders"": 0, ""quantity"": 0}, {""price"": 0.0, ""orders"": 0, ""quantity"": 0}]","[{""price"": 16.15, ""orders"": 5, ""quantity"": 17632}, {""price"": 16.45, ""orders"": 1, ""quantity"": 1}, {""price"": 0.0, ""orders"": 0, ""quantity"": 0}, {""price"": 0.0, ""orders"": 0, ""quantity"": 0}, {""price"": 0.0, ""orders"": 0, ""quantity"": 0}]"
2025-12-18 11:20:10.808429+05:30,137918212,MUDUNURU,16.15,2875,Thu Dec 18 11:15:00 IST 2025,16530,16.79,16.79,16.15,16.47,NULL,NULL,"[{""price"": 0.0, ""orders"": 0, ""quantity"": 0}, {""price"": 0.0, ""orders"": 0, ""quantity"": 0}, {""price"": 0.0, ""orders"": 0, ""quantity"": 0}, {""price"": 0.0, ""orders"": 0, ""quantity"": 0}, {""price"": 0.0, ""orders"": 0, ""quantity"": 0}]","[{""price"": 16.15, ""orders"": 5, ""quantity"": 17632}, {""price"": 16.45, ""orders"": 1, ""quantity"": 1}, {""price"": 0.0, ""orders"": 0, ""quantity"": 0}, {""price"": 0.0, ""orders"": 0, ""quantity"": 0}, {""price"": 0.0, ""orders"": 0, ""quantity"": 0}]"
2025-12-18 11:20:12.07472+05:30,137918212,MUDUNURU,16.15,2875,Thu Dec 18 11:15:00 IST 2025,16530,16.79,16.79,16.15,16.47,NULL,NULL,"[{""price"": 0.0, ""orders"": 0, ""quantity"": 0}, {""price"": 0.0, ""orders"": 0, ""quantity"": 0}, {""price"": 0.0, ""orders"": 0, ""quantity"": 0}, {""price"": 0.0, ""orders"": 0, ""quantity"": 0}, {""price"": 0.0, ""orders"": 0, ""quantity"": 0}]","[{""price"": 16.15, ""orders"": 5, ""quantity"": 17632}, {""price"": 16.45, ""orders"": 1, ""quantity"": 1}, {""price"": 0.0, ""orders"": 0, ""quantity"": 0}, {""price"": 0.0, ""orders"": 0, ""quantity"": 0}, {""price"": 0.0, ""orders"": 0, ""quantity"": 0}]"
2025-12-18 11:20:13.420257+05:30,137918212,MUDUNURU,16.15,2875,Thu Dec 18 11:15:00 IST 2025,16530,16.79,16.79,16.15,16.47,NULL,NULL,"[{""price"": 0.0, ""orders"": 0, ""quantity"": 0}, {""price"": 0.0, ""orders"": 0, ""quantity"": 0}, {""price"": 0.0, ""orders"": 0, ""quantity"": 0}, {""price"": 0.0, ""orders"": 0, ""quantity"": 0}, {""price"": 0.0, ""orders"": 0, ""quantity"": 0}]","[{""price"": 16.15, ""orders"": 5, ""quantity"": 17632}, {""price"": 16.45, ""orders"": 1, ""quantity"": 1}, {""price"": 0.0, ""orders"": 0, ""quantity"": 0}, {""price"": 0.0, ""orders"": 0, ""quantity"": 0}, {""price"": 0.0, ""orders"": 0, ""quantity"": 0}]"
2025-12-18 11:20:14.826367+05:30,137918212,MUDUNURU,16.15,2875,Thu Dec 18 11:15:00 IST 2025,16530,16.79,16.79,16.15,16.47,NULL,NULL,"[{""price"": 0.0, ""orders"": 0, ""quantity"": 0}, {""price"": 0.0, ""orders"": 0, ""quantity"": 0}, {""price"": 0.0, ""orders"": 0, ""quantity"": 0}, {""price"": 0.0, ""orders"": 0, ""quantity"": 0}, {""price"": 0.0, ""orders"": 0, ""quantity"": 0}]","[{""price"": 16.15, ""orders"": 5, ""quantity"": 17632}, {""price"": 16.45, ""orders"": 1, ""quantity"": 1}, {""price"": 0.0, ""orders"": 0, ""quantity"": 0}, {""price"": 0.0, ""orders"": 0, ""quantity"": 0}, {""price"": 0.0, ""orders"": 0, ""quantity"": 0}]"
2025-12-18 11:20:16.212838+05:30,137918212,MUDUNURU,16.15,2875,Thu Dec 18 11:15:00 IST 2025,16530,16.79,16.79,16.15,16.47,NULL,NULL,"[{""price"": 0.0, ""orders"": 0, ""quantity"": 0}, {""price"": 0.0, ""orders"": 0, ""quantity"": 0}, {""price"": 0.0, ""orders"": 0, ""quantity"": 0}, {""price"": 0.0, ""orders"": 0, ""quantity"": 0}, {""price"": 0.0, ""orders"": 0, ""quantity"": 0}]","[{""price"": 16.15, ""orders"": 5, ""quantity"": 17632}, {""price"": 16.45, ""orders"": 1, ""quantity"": 1}, {""price"": 0.0, ""orders"": 0, ""quantity"": 0}, {""price"": 0.0, ""orders"": 0, ""quantity"": 0}, {""price"": 0.0, ""orders"": 0, ""quantity"": 0}]"
2025-12-18 11:20:17.527816+05:30,137918212,MUDUNURU,16.15,2875,Thu Dec 18 11:15:00 IST 2025,16530,16.79,16.79,16.15,16.47,NULL,NULL,"[{""price"": 0.0, ""orders"": 0, ""quantity"": 0}, {""price"": 0.0, ""orders"": 0, ""quantity"": 0}, {""price"": 0.0, ""orders"": 0, ""quantity"": 0}, {""price"": 0.0, ""orders"": 0, ""quantity"": 0}, {""price"": 0.0, ""orders"": 0, ""quantity"": 0}]","[{""price"": 16.15, ""orders"": 5, ""quantity"": 17632}, {""price"": 16.45, ""orders"": 1, ""quantity"": 1}, {""price"": 0.0, ""orders"": 0, ""quantity"": 0}, {""price"": 0.0, ""orders"": 0, ""quantity"": 0}, {""price"": 0.0, ""orders"": 0, ""quantity"": 0}]"
2025-12-18 11:20:18.917044+05:30,137918212,MUDUNURU,16.15,2875,Thu Dec 18 11:15:00 IST 2025,16530,16.79,16.79,16.15,16.47,NULL,NULL,"[{""price"": 0.0, ""orders"": 0, ""quantity"": 0}, {""price"": 0.0, ""orders"": 0, ""quantity"": 0}, {""price"": 0.0, ""orders"": 0, ""quantity"": 0}, {""price"": 0.0, ""orders"": 0, ""quantity"": 0}, {""price"": 0.0, ""orders"": 0, ""quantity"": 0}]","[{""price"": 16.15, ""orders"": 5, ""quantity"": 17632}, {""price"": 16.45, ""orders"": 1, ""quantity"": 1}, {""price"": 0.0, ""orders"": 0, ""quantity"": 0}, {""price"": 0.0, ""orders"": 0, ""quantity"": 0}, {""price"": 0.0, ""orders"": 0, ""quantity"": 0}]"
2025-12-18 11:20:20.227752+05:30,137918212,MUDUNURU,16.15,2875,Thu Dec 18 11:15:00 IST 2025,16530,16.79,16.79,16.15,16.47,NULL,NULL,"[{""price"": 0.0, ""orders"": 0, ""quantity"": 0}, {""price"": 0.0, ""orders"": 0, ""quantity"": 0}, {""price"": 0.0, ""orders"": 0, ""quantity"": 0}, {""price"": 0.0, ""orders"": 0, ""quantity"": 0}, {""price"": 0.0, ""orders"": 0, ""quantity"": 0}]","[{""price"": 16.15, ""orders"": 5, ""quantity"": 17632}, {""price"": 16.45, ""orders"": 1, ""quantity"": 1}, {""price"": 0.0, ""orders"": 0, ""quantity"": 0}, {""price"": 0.0, ""orders"": 0, ""quantity"": 0}, {""price"": 0.0, ""orders"": 0, ""quantity"": 0}]"
2025-12-18 11:20:21.543343+05:30,137918212,MUDUNURU,16.15,2875,Thu Dec 18 11:15:00 IST 2025,16530,16.79,16.79,16.15,16.47,NULL,NULL,"[{""price"": 0.0, ""orders"": 0, ""quantity"": 0}, {""price"": 0.0, ""orders"": 0, ""quantity"": 0}, {""price"": 0.0, ""orders"": 0, ""quantity"": 0}, {""price"": 0.0, ""orders"": 0, ""quantity"": 0}, {""price"": 0.0, ""orders"": 0, ""quantity"": 0}]","[{""price"": 16.15, ""orders"": 5, ""quantity"": 17632}, {""price"": 16.45, ""orders"": 1, ""quantity"": 1}, {""price"": 0.0, ""orders"": 0, ""quantity"": 0}, {""price"": 0.0, ""orders"": 0, ""quantity"": 0}, {""price"": 0.0, ""orders"": 0, ""quantity"": 0}]"
2025-12-18 11:20:22.974679+05:30,137918212,MUDUNURU,16.15,2875,Thu Dec 18 11:15:00 IST 2025,16530,16.79,16.79,16.15,16.47,NULL,NULL,"[{""price"": 0.0, ""orders"": 0, ""quantity"": 0}, {""price"": 0.0, ""orders"": 0, ""quantity"": 0}, {""price"": 0.0, ""orders"": 0, ""quantity"": 0}, {""price"": 0.0, ""orders"": 0, ""quantity"": 0}, {""price"": 0.0, ""orders"": 0, ""quantity"": 0}]","[{""price"": 16.15, ""orders"": 5, ""quantity"": 17632}, {""price"": 16.45, ""orders"": 1, ""quantity"": 1}, {""price"": 0.0, ""orders"": 0, ""quantity"": 0}, {""price"": 0.0, ""orders"": 0, ""quantity"": 0}, {""price"": 0.0, ""orders"": 0, ""quantity"": 0}]"
2025-12-18 11:20:24.289141+05:30,137918212,MUDUNURU,16.15,2875,Thu Dec 18 11:15:00 IST 2025,16530,16.79,16.79,16.15,16.47,NULL,NULL,"[{""price"": 0.0, ""orders"": 0, ""quantity"": 0}, {""price"": 0.0, ""orders"": 0, ""quantity"": 0}, {""price"": 0.0, ""orders"": 0, ""quantity"": 0}, {""price"": 0.0, ""orders"": 0, ""quantity"": 0}, {""price"": 0.0, ""orders"": 0, ""quantity"": 0}]","[{""price"": 16.15, ""orders"": 5, ""quantity"": 17632}, {""price"": 16.45, ""orders"": 1, ""quantity"": 1}, {""price"": 0.0, ""orders"": 0, ""quantity"": 0}, {""price"": 0.0, ""orders"": 0, ""quantity"": 0}, {""price"": 0.0, ""orders"": 0, ""quantity"": 0}]"
2025-12-18 11:20:25.616774+05:30,137918212,MUDUNURU,16.15,2875,Thu Dec 18 11:15:00 IST 2025,16530,16.79,16.79,16.15,16.47,NULL,NULL,"[{""price"": 0.0, ""orders"": 0, ""quantity"": 0}, {""price"": 0.0, ""orders"": 0, ""quantity"": 0}, {""price"": 0.0, ""orders"": 0, ""quantity"": 0}, {""price"": 0.0, ""orders"": 0, ""quantity"": 0}, {""price"": 0.0, ""orders"": 0, ""quantity"": 0}]","[{""price"": 16.15, ""orders"": 5, ""quantity"": 17632}, {""price"": 16.45, ""orders"": 1, ""quantity"": 1}, {""price"": 0.0, ""orders"": 0, ""quantity"": 0}, {""price"": 0.0, ""orders"": 0, ""quantity"": 0}, {""price"": 0.0, ""orders"": 0, ""quantity"": 0}]"
2025-12-18 11:20:26.889198+05:30,137918212,MUDUNURU,16.15,2875,Thu Dec 18 11:15:00 IST 2025,16530,16.79,16.79,16.15,16.47,NULL,NULL,"[{""price"": 0.0, ""orders"": 0, ""quantity"": 0}, {""price"": 0.0, ""orders"": 0, ""quantity"": 0}, {""price"": 0.0, ""orders"": 0, ""quantity"": 0}, {""price"": 0.0, ""orders"": 0, ""quantity"": 0}, {""price"": 0.0, ""orders"": 0, ""quantity"": 0}]","[{""price"": 16.15, ""orders"": 5, ""quantity"": 17632}, {""price"": 16.45, ""orders"": 1, ""quantity"": 1}, {""price"": 0.0, ""orders"": 0, ""quantity"": 0}, {""price"": 0.0, ""orders"": 0, ""quantity"": 0}, {""price"": 0.0, ""orders"": 0, ""quantity"": 0}]"
2025-12-18 11:20:28.277177+05:30,137918212,MUDUNURU,16.15,2875,Thu Dec 18 11:15:00 IST 2025,16530,16.79,16.79,16.15,16.47,NULL,NULL,"[{""price"": 0.0, ""orders"": 0, ""quantity"": 0}, {""price"": 0.0, ""orders"": 0, ""quantity"": 0}, {""price"": 0.0, ""orders"": 0, ""quantity"": 0}, {""price"": 0.0, ""orders"": 0, ""quantity"": 0}, {""price"": 0.0, ""orders"": 0, ""quantity"": 0}]","[{""price"": 16.15, ""orders"": 5, ""quantity"": 17632}, {""price"": 16.45, ""orders"": 1, ""quantity"": 1}, {""price"": 0.0, ""orders"": 0, ""quantity"": 0}, {""price"": 0.0, ""orders"": 0, ""quantity"": 0}, {""price"": 0.0, ""orders"": 0, ""quantity"": 0}]"
2025-12-18 11:20:29.687009+05:30,137918212,MUDUNURU,16.15,2875,Thu Dec 18 11:15:00 IST 2025,16530,16.79,16.79,16.15,16.47,NULL,NULL,"[{""price"": 0.0, ""orders"": 0, ""quantity"": 0}, {""price"": 0.0, ""orders"": 0, ""quantity"": 0}, {""price"": 0.0, ""orders"": 0, ""quantity"": 0}, {""price"": 0.0, ""orders"": 0, ""quantity"": 0}, {""price"": 0.0, ""orders"": 0, ""quantity"": 0}]","[{""price"": 16.15, ""orders"": 5, ""quantity"": 17632}, {""price"": 16.45, ""orders"": 1, ""quantity"": 1}, {""price"": 0.0, ""orders"": 0, ""quantity"": 0}, {""price"": 0.0, ""orders"": 0, ""quantity"": 0}, {""price"": 0.0, ""orders"": 0, ""quantity"": 0}]"
2025-12-18 11:20:31.003468+05:30,137918212,MUDUNURU,16.15,2875,Thu Dec 18 11:15:00 IST 2025,16530,16.79,16.79,16.15,16.47,NULL,NULL,"[{""price"": 0.0, ""orders"": 0, ""quantity"": 0}, {""price"": 0.0, ""orders"": 0, ""quantity"": 0}, {""price"": 0.0, ""orders"": 0, ""quantity"": 0}, {""price"": 0.0, ""orders"": 0, ""quantity"": 0}, {""price"": 0.0, ""orders"": 0, ""quantity"": 0}]","[{""price"": 16.15, ""orders"": 5, ""quantity"": 17632}, {""price"": 16.45, ""orders"": 1, ""quantity"": 1}, {""price"": 0.0, ""orders"": 0, ""quantity"": 0}, {""price"": 0.0, ""orders"": 0, ""quantity"": 0}, {""price"": 0.0, ""orders"": 0, ""quantity"": 0}]"
2025-12-18 11:20:32.441663+05:30,137918212,MUDUNURU,16.15,2875,Thu Dec 18 11:15:00 IST 2025,16530,16.79,16.79,16.15,16.47,NULL,NULL,"[{""price"": 0.0, ""orders"": 0, ""quantity"": 0}, {""price"": 0.0, ""orders"": 0, ""quantity"": 0}, {""price"": 0.0, ""orders"": 0, ""quantity"": 0}, {""price"": 0.0, ""orders"": 0, ""quantity"": 0}, {""price"": 0.0, ""orders"": 0, ""quantity"": 0}]","[{""price"": 16.15, ""orders"": 5, ""quantity"": 17632}, {""price"": 16.45, ""orders"": 1, ""quantity"": 1}, {""price"": 0.0, ""orders"": 0, ""quantity"": 0}, {""price"": 0.0, ""orders"": 0, ""quantity"": 0}, {""price"": 0.0, ""orders"": 0, ""quantity"": 0}]"
2025-12-18 11:20:33.871084+05:30,137918212,MUDUNURU,16.15,2875,Thu Dec 18 11:15:00 IST 2025,16530,16.79,16.79,16.15,16.47,NULL,NULL,"[{""price"": 0.0, ""orders"": 0, ""quantity"": 0}, {""price"": 0.0, ""orders"": 0, ""quantity"": 0}, {""price"": 0.0, ""orders"": 0, ""quantity"": 0}, {""price"": 0.0, ""orders"": 0, ""quantity"": 0}, {""price"": 0.0, ""orders"": 0, ""quantity"": 0}]","[{""price"": 16.15, ""orders"": 5, ""quantity"": 17632}, {""price"": 16.45, ""orders"": 1, ""quantity"": 1}, {""price"": 0.0, ""orders"": 0, ""quantity"": 0}, {""price"": 0.0, ""orders"": 0, ""quantity"": 0}, {""price"": 0.0, ""orders"": 0, ""quantity"": 0}]"
2025-12-18 11:20:35.134084+05:30,137918212,MUDUNURU,16.15,2875,Thu Dec 18 11:15:00 IST 2025,16530,16.79,16.79,16.15,16.47,NULL,NULL,"[{""price"": 0.0, ""orders"": 0, ""quantity"": 0}, {""price"": 0.0, ""orders"": 0, ""quantity"": 0}, {""price"": 0.0, ""orders"": 0, ""quantity"": 0}, {""price"": 0.0, ""orders"": 0, ""quantity"": 0}, {""price"": 0.0, ""orders"": 0, ""quantity"": 0}]","[{""price"": 16.15, ""orders"": 5, ""quantity"": 17632}, {""price"": 16.45, ""orders"": 1, ""quantity"": 1}, {""price"": 0.0, ""orders"": 0, ""quantity"": 0}, {""price"": 0.0, ""orders"": 0, ""quantity"": 0}, {""price"": 0.0, ""orders"": 0, ""quantity"": 0}]"
2025-12-18 11:20:36.500351+05:30,137918212,MUDUNURU,16.15,2875,Thu Dec 18 11:15:00 IST 2025,16530,16.79,16.79,16.15,16.47,NULL,NULL,"[{""price"": 0.0, ""orders"": 0, ""quantity"": 0}, {""price"": 0.0, ""orders"": 0, ""quantity"": 0}, {""price"": 0.0, ""orders"": 0, ""quantity"": 0}, {""price"": 0.0, ""orders"": 0, ""quantity"": 0}, {""price"": 0.0, ""orders"": 0, ""quantity"": 0}]","[{""price"": 16.15, ""orders"": 5, ""quantity"": 17632}, {""price"": 16.45, ""orders"": 1, ""quantity"": 1}, {""price"": 0.0, ""orders"": 0, ""quantity"": 0}, {""price"": 0.0, ""orders"": 0, ""quantity"": 0}, {""price"": 0.0, ""orders"": 0, ""quantity"": 0}]"
2025-12-18 11:20:37.867788+05:30,137918212,MUDUNURU,16.15,2875,Thu Dec 18 11:15:00 IST 2025,16530,16.79,16.79,16.15,16.47,NULL,NULL,"[{""price"": 0.0, ""orders"": 0, ""quantity"": 0}, {""price"": 0.0, ""orders"": 0, ""quantity"": 0}, {""price"": 0.0, ""orders"": 0, ""quantity"": 0}, {""price"": 0.0, ""orders"": 0, ""quantity"": 0}, {""price"": 0.0, ""orders"": 0, ""quantity"": 0}]","[{""price"": 16.15, ""orders"": 5, ""quantity"": 17632}, {""price"": 16.45, ""orders"": 1, ""quantity"": 1}, {""price"": 0.0, ""orders"": 0, ""quantity"": 0}, {""price"": 0.0, ""orders"": 0, ""quantity"": 0}, {""price"": 0.0, ""orders"": 0, ""quantity"": 0}]"
2025-12-18 11:20:39.298356+05:30,137918212,MUDUNURU,16.15,2875,Thu Dec 18 11:15:00 IST 2025,16530,16.79,16.79,16.15,16.47,NULL,NULL,"[{""price"": 0.0, ""orders"": 0, ""quantity"": 0}, {""price"": 0.0, ""orders"": 0, ""quantity"": 0}, {""price"": 0.0, ""orders"": 0, ""quantity"": 0}, {""price"": 0.0, ""orders"": 0, ""quantity"": 0}, {""price"": 0.0, ""orders"": 0, ""quantity"": 0}]","[{""price"": 16.15, ""orders"": 5, ""quantity"": 17632}, {""price"": 16.45, ""orders"": 1, ""quantity"": 1}, {""price"": 0.0, ""orders"": 0, ""quantity"": 0}, {""price"": 0.0, ""orders"": 0, ""quantity"": 0}, {""price"": 0.0, ""orders"": 0, ""quantity"": 0}]"
2025-12-18 11:20:40.630472+05:30,137918212,MUDUNURU,16.15,2875,Thu Dec 18 11:15:00 IST 2025,16530,16.79,16.79,16.15,16.47,NULL,NULL,"[{""price"": 0.0, ""orders"": 0, ""quantity"": 0}, {""price"": 0.0, ""orders"": 0, ""quantity"": 0}, {""price"": 0.0, ""orders"": 0, ""quantity"": 0}, {""price"": 0.0, ""orders"": 0, ""quantity"": 0}, {""price"": 0.0, ""orders"": 0, ""quantity"": 0}]","[{""price"": 16.15, ""orders"": 5, ""quantity"": 17632}, {""price"": 16.45, ""orders"": 1, ""quantity"": 1}, {""price"": 0.0, ""orders"": 0, ""quantity"": 0}, {""price"": 0.0, ""orders"": 0, ""quantity"": 0}, {""price"": 0.0, ""orders"": 0, ""quantity"": 0}]"
2025-12-18 11:20:41.917044+05:30,137918212,MUDUNURU,16.15,2875,Thu Dec 18 11:15:00 IST 2025,16530,16.79,16.79,16.15,16.47,16.15,16.79,"[{""price"": 0.0, ""orders"": 0, ""quantity"": 0}, {""price"": 0.0, ""orders"": 0, ""quantity"": 0}, {""price"": 0.0, ""orders"": 0, ""quantity"": 0}, {""price"": 0.0, ""orders"": 0, ""quantity"": 0}, {""price"": 0.0, ""orders"": 0, ""quantity"": 0}]","[{""price"": 16.15, ""orders"": 5, ""quantity"": 17632}, {""price"": 16.45, ""orders"": 1, ""quantity"": 1}, {""price"": 0.0, ""orders"": 0, ""quantity"": 0}, {""price"": 0.0, ""orders"": 0, ""quantity"": 0}, {""price"": 0.0, ""orders"": 0, ""quantity"": 0}]"
2025-12-18 11:20:43.489255+05:30,137918212,MUDUNURU,16.15,2875,Thu Dec 18 11:15:00 IST 2025,16530,16.79,16.79,16.15,16.47,NULL,NULL,"[{""price"": 0.0, ""orders"": 0, ""quantity"": 0}, {""price"": 0.0, ""orders"": 0, ""quantity"": 0}, {""price"": 0.0, ""orders"": 0, ""quantity"": 0}, {""price"": 0.0, ""orders"": 0, ""quantity"": 0}, {""price"": 0.0, ""orders"": 0, ""quantity"": 0}]","[{""price"": 16.15, ""orders"": 5, ""quantity"": 17632}, {""price"": 16.45, ""orders"": 1, ""quantity"": 1}, {""price"": 0.0, ""orders"": 0, ""quantity"": 0}, {""price"": 0.0, ""orders"": 0, ""quantity"": 0}, {""price"": 0.0, ""orders"": 0, ""quantity"": 0}]"
2025-12-18 11:20:44.827326+05:30,137918212,MUDUNURU,16.15,2875,Thu Dec 18 11:15:00 IST 2025,16530,16.79,16.79,16.15,16.47,NULL,NULL,"[{""price"": 0.0, ""orders"": 0, ""quantity"": 0}, {""price"": 0.0, ""orders"": 0, ""quantity"": 0}, {""price"": 0.0, ""orders"": 0, ""quantity"": 0}, {""price"": 0.0, ""orders"": 0, ""quantity"": 0}, {""price"": 0.0, ""orders"": 0, ""quantity"": 0}]","[{""price"": 16.15, ""orders"": 5, ""quantity"": 17632}, {""price"": 16.45, ""orders"": 1, ""quantity"": 1}, {""price"": 0.0, ""orders"": 0, ""quantity"": 0}, {""price"": 0.0, ""orders"": 0, ""quantity"": 0}, {""price"": 0.0, ""orders"": 0, ""quantity"": 0}]"
2025-12-18 11:20:46.180249+05:30,137918212,MUDUNURU,16.15,2875,Thu Dec 18 11:15:00 IST 2025,16530,16.79,16.79,16.15,16.47,NULL,NULL,"[{""price"": 0.0, ""orders"": 0, ""quantity"": 0}, {""price"": 0.0, ""orders"": 0, ""quantity"": 0}, {""price"": 0.0, ""orders"": 0, ""quantity"": 0}, {""price"": 0.0, ""orders"": 0, ""quantity"": 0}, {""price"": 0.0, ""orders"": 0, ""quantity"": 0}]","[{""price"": 16.15, ""orders"": 5, ""quantity"": 17632}, {""price"": 16.45, ""orders"": 1, ""quantity"": 1}, {""price"": 0.0, ""orders"": 0, ""quantity"": 0}, {""price"": 0.0, ""orders"": 0, ""quantity"": 0}, {""price"": 0.0, ""orders"": 0, ""quantity"": 0}]"
2025-12-18 11:20:47.615762+05:30,137918212,MUDUNURU,16.15,2875,Thu Dec 18 11:15:00 IST 2025,16530,16.79,16.79,16.15,16.47,NULL,NULL,"[{""price"": 0.0, ""orders"": 0, ""quantity"": 0}, {""price"": 0.0, ""orders"": 0, ""quantity"": 0}, {""price"": 0.0, ""orders"": 0, ""quantity"": 0}, {""price"": 0.0, ""orders"": 0, ""quantity"": 0}, {""price"": 0.0, ""orders"": 0, ""quantity"": 0}]","[{""price"": 16.15, ""orders"": 5, ""quantity"": 17632}, {""price"": 16.45, ""orders"": 1, ""quantity"": 1}, {""price"": 0.0, ""orders"": 0, ""quantity"": 0}, {""price"": 0.0, ""orders"": 0, ""quantity"": 0}, {""price"": 0.0, ""orders"": 0, ""quantity"": 0}]"
2025-12-18 11:20:48.950732+05:30,137918212,MUDUNURU,16.15,2875,Thu Dec 18 11:15:00 IST 2025,16530,16.79,16.79,16.15,16.47,NULL,NULL,"[{""price"": 0.0, ""orders"": 0, ""quantity"": 0}, {""price"": 0.0, ""orders"": 0, ""quantity"": 0}, {""price"": 0.0, ""orders"": 0, ""quantity"": 0}, {""price"": 0.0, ""orders"": 0, ""quantity"": 0}, {""price"": 0.0, ""orders"": 0, ""quantity"": 0}]","[{""price"": 16.15, ""orders"": 5, ""quantity"": 17632}, {""price"": 16.45, ""orders"": 1, ""quantity"": 1}, {""price"": 0.0, ""orders"": 0, ""quantity"": 0}, {""price"": 0.0, ""orders"": 0, ""quantity"": 0}, {""price"": 0.0, ""orders"": 0, ""quantity"": 0}]"
2025-12-18 11:20:50.344573+05:30,137918212,MUDUNURU,16.15,2875,Thu Dec 18 11:15:00 IST 2025,16530,16.79,16.79,16.15,16.47,NULL,NULL,"[{""price"": 0.0, ""orders"": 0, ""quantity"": 0}, {""price"": 0.0, ""orders"": 0, ""quantity"": 0}, {""price"": 0.0, ""orders"": 0, ""quantity"": 0}, {""price"": 0.0, ""orders"": 0, ""quantity"": 0}, {""price"": 0.0, ""orders"": 0, ""quantity"": 0}]","[{""price"": 16.15, ""orders"": 5, ""quantity"": 17632}, {""price"": 16.45, ""orders"": 1, ""quantity"": 1}, {""price"": 0.0, ""orders"": 0, ""quantity"": 0}, {""price"": 0.0, ""orders"": 0, ""quantity"": 0}, {""price"": 0.0, ""orders"": 0, ""quantity"": 0}]"
2025-12-18 11:20:51.690055+05:30,137918212,MUDUNURU,16.15,2875,Thu Dec 18 11:15:00 IST 2025,16530,16.79,16.79,16.15,16.47,NULL,NULL,"[{""price"": 0.0, ""orders"": 0, ""quantity"": 0}, {""price"": 0.0, ""orders"": 0, ""quantity"": 0}, {""price"": 0.0, ""orders"": 0, ""quantity"": 0}, {""price"": 0.0, ""orders"": 0, ""quantity"": 0}, {""price"": 0.0, ""orders"": 0, ""quantity"": 0}]","[{""price"": 16.15, ""orders"": 5, ""quantity"": 17632}, {""price"": 16.45, ""orders"": 1, ""quantity"": 1}, {""price"": 0.0, ""orders"": 0, ""quantity"": 0}, {""price"": 0.0, ""orders"": 0, ""quantity"": 0}, {""price"": 0.0, ""orders"": 0, ""quantity"": 0}]"
2025-12-18 11:20:53.05118+05:30,137918212,MUDUNURU,16.15,2875,Thu Dec 18 11:15:00 IST 2025,16530,16.79,16.79,16.15,16.47,NULL,NULL,"[{""price"": 0.0, ""orders"": 0, ""quantity"": 0}, {""price"": 0.0, ""orders"": 0, ""quantity"": 0}, {""price"": 0.0, ""orders"": 0, ""quantity"": 0}, {""price"": 0.0, ""orders"": 0, ""quantity"": 0}, {""price"": 0.0, ""orders"": 0, ""quantity"": 0}]","[{""price"": 16.15, ""orders"": 5, ""quantity"": 17632}, {""price"": 16.45, ""orders"": 1, ""quantity"": 1}, {""price"": 0.0, ""orders"": 0, ""quantity"": 0}, {""price"": 0.0, ""orders"": 0, ""quantity"": 0}, {""price"": 0.0, ""orders"": 0, ""quantity"": 0}]"
2025-12-18 11:20:54.32744+05:30,137918212,MUDUNURU,16.15,2875,Thu Dec 18 11:15:00 IST 2025,16530,16.79,16.79,16.15,16.47,NULL,NULL,"[{""price"": 0.0, ""orders"": 0, ""quantity"": 0}, {""price"": 0.0, ""orders"": 0, ""quantity"": 0}, {""price"": 0.0, ""orders"": 0, ""quantity"": 0}, {""price"": 0.0, ""orders"": 0, ""quantity"": 0}, {""price"": 0.0, ""orders"": 0, ""quantity"": 0}]","[{""price"": 16.15, ""orders"": 5, ""quantity"": 17632}, {""price"": 16.45, ""orders"": 1, ""quantity"": 1}, {""price"": 0.0, ""orders"": 0, ""quantity"": 0}, {""price"": 0.0, ""orders"": 0, ""quantity"": 0}, {""price"": 0.0, ""orders"": 0, ""quantity"": 0}]"
2025-12-18 11:20:55.746057+05:30,137918212,MUDUNURU,16.15,2875,Thu Dec 18 11:15:00 IST 2025,16530,16.79,16.79,16.15,16.47,NULL,NULL,"[{""price"": 0.0, ""orders"": 0, ""quantity"": 0}, {""price"": 0.0, ""orders"": 0, ""quantity"": 0}, {""price"": 0.0, ""orders"": 0, ""quantity"": 0}, {""price"": 0.0, ""orders"": 0, ""quantity"": 0}, {""price"": 0.0, ""orders"": 0, ""quantity"": 0}]","[{""price"": 16.15, ""orders"": 5, ""quantity"": 17632}, {""price"": 16.45, ""orders"": 1, ""quantity"": 1}, {""price"": 0.0, ""orders"": 0, ""quantity"": 0}, {""price"": 0.0, ""orders"": 0, ""quantity"": 0}, {""price"": 0.0, ""orders"": 0, ""quantity"": 0}]"
2025-12-18 11:20:57.134189+05:30,137918212,MUDUNURU,16.15,2875,Thu Dec 18 11:15:00 IST 2025,16530,16.79,16.79,16.15,16.47,NULL,NULL,"[{""price"": 0.0, ""orders"": 0, ""quantity"": 0}, {""price"": 0.0, ""orders"": 0, ""quantity"": 0}, {""price"": 0.0, ""orders"": 0, ""quantity"": 0}, {""price"": 0.0, ""orders"": 0, ""quantity"": 0}, {""price"": 0.0, ""orders"": 0, ""quantity"": 0}]","[{""price"": 16.15, ""orders"": 5, ""quantity"": 17632}, {""price"": 16.45, ""orders"": 1, ""quantity"": 1}, {""price"": 0.0, ""orders"": 0, ""quantity"": 0}, {""price"": 0.0, ""orders"": 0, ""quantity"": 0}, {""price"": 0.0, ""orders"": 0, ""quantity"": 0}]"
2025-12-18 11:20:58.561631+05:30,137918212,MUDUNURU,16.15,2875,Thu Dec 18 11:15:00 IST 2025,16530,16.79,16.79,16.15,16.47,NULL,NULL,"[{""price"": 0.0, ""orders"": 0, ""quantity"": 0}, {""price"": 0.0, ""orders"": 0, ""quantity"": 0}, {""price"": 0.0, ""orders"": 0, ""quantity"": 0}, {""price"": 0.0, ""orders"": 0, ""quantity"": 0}, {""price"": 0.0, ""orders"": 0, ""quantity"": 0}]","[{""price"": 16.15, ""orders"": 5, ""quantity"": 17632}, {""price"": 16.45, ""orders"": 1, ""quantity"": 1}, {""price"": 0.0, ""orders"": 0, ""quantity"": 0}, {""price"": 0.0, ""orders"": 0, ""quantity"": 0}, {""price"": 0.0, ""orders"": 0, ""quantity"": 0}]"
2025-12-18 11:20:59.898408+05:30,137918212,MUDUNURU,16.15,2875,Thu Dec 18 11:15:00 IST 2025,16530,16.79,16.79,16.15,16.47,NULL,NULL,"[{""price"": 0.0, ""orders"": 0, ""quantity"": 0}, {""price"": 0.0, ""orders"": 0, ""quantity"": 0}, {""price"": 0.0, ""orders"": 0, ""quantity"": 0}, {""price"": 0.0, ""orders"": 0, ""quantity"": 0}, {""price"": 0.0, ""orders"": 0, ""quantity"": 0}]","[{""price"": 16.15, ""orders"": 5, ""quantity"": 17632}, {""price"": 16.45, ""orders"": 1, ""quantity"": 1}, {""price"": 0.0, ""orders"": 0, ""quantity"": 0}, {""price"": 0.0, ""orders"": 0, ""quantity"": 0}, {""price"": 0.0, ""orders"": 0, ""quantity"": 0}]"
2025-12-18 11:21:01.398465+05:30,137918212,MUDUNURU,16.15,2875,Thu Dec 18 11:15:00 IST 2025,16530,16.79,16.79,16.15,16.47,NULL,NULL,"[{""price"": 0.0, ""orders"": 0, ""quantity"": 0}, {""price"": 0.0, ""orders"": 0, ""quantity"": 0}, {""price"": 0.0, ""orders"": 0, ""quantity"": 0}, {""price"": 0.0, ""orders"": 0, ""quantity"": 0}, {""price"": 0.0, ""orders"": 0, ""quantity"": 0}]","[{""price"": 16.15, ""orders"": 5, ""quantity"": 17632}, {""price"": 16.45, ""orders"": 1, ""quantity"": 1}, {""price"": 0.0, ""orders"": 0, ""quantity"": 0}, {""price"": 0.0, ""orders"": 0, ""quantity"": 0}, {""price"": 0.0, ""orders"": 0, ""quantity"": 0}]"
2025-12-18 11:21:02.696098+05:30,137918212,MUDUNURU,16.15,2875,Thu Dec 18 11:15:00 IST 2025,16530,16.79,16.79,16.15,16.47,NULL,NULL,"[{""price"": 0.0, ""orders"": 0, ""quantity"": 0}, {""price"": 0.0, ""orders"": 0, ""quantity"": 0}, {""price"": 0.0, ""orders"": 0, ""quantity"": 0}, {""price"": 0.0, ""orders"": 0, ""quantity"": 0}, {""price"": 0.0, ""orders"": 0, ""quantity"": 0}]","[{""price"": 16.15, ""orders"": 5, ""quantity"": 17632}, {""price"": 16.45, ""orders"": 1, ""quantity"": 1}, {""price"": 0.0, ""orders"": 0, ""quantity"": 0}, {""price"": 0.0, ""orders"": 0, ""quantity"": 0}, {""price"": 0.0, ""orders"": 0, ""quantity"": 0}]"
2025-12-18 11:21:04.012879+05:30,137918212,MUDUNURU,16.15,2875,Thu Dec 18 11:15:00 IST 2025,16530,16.79,16.79,16.15,16.47,16.15,16.79,"[{""price"": 0.0, ""orders"": 0, ""quantity"": 0}, {""price"": 0.0, ""orders"": 0, ""quantity"": 0}, {""price"": 0.0, ""orders"": 0, ""quantity"": 0}, {""price"": 0.0, ""orders"": 0, ""quantity"": 0}, {""price"": 0.0, ""orders"": 0, ""quantity"": 0}]","[{""price"": 16.15, ""orders"": 5, ""quantity"": 17632}, {""price"": 16.45, ""orders"": 1, ""quantity"": 1}, {""price"": 0.0, ""orders"": 0, ""quantity"": 0}, {""price"": 0.0, ""orders"": 0, ""quantity"": 0}, {""price"": 0.0, ""orders"": 0, ""quantity"": 0}]"
2025-12-18 11:21:05.514603+05:30,137918212,MUDUNURU,16.15,2875,Thu Dec 18 11:15:00 IST 2025,16530,16.79,16.79,16.15,16.47,NULL,NULL,"[{""price"": 0.0, ""orders"": 0, ""quantity"": 0}, {""price"": 0.0, ""orders"": 0, ""quantity"": 0}, {""price"": 0.0, ""orders"": 0, ""quantity"": 0}, {""price"": 0.0, ""orders"": 0, ""quantity"": 0}, {""price"": 0.0, ""orders"": 0, ""quantity"": 0}]","[{""price"": 16.15, ""orders"": 5, ""quantity"": 17632}, {""price"": 16.45, ""orders"": 1, ""quantity"": 1}, {""price"": 0.0, ""orders"": 0, ""quantity"": 0}, {""price"": 0.0, ""orders"": 0, ""quantity"": 0}, {""price"": 0.0, ""orders"": 0, ""quantity"": 0}]"
2025-12-18 11:21:06.890192+05:30,137918212,MUDUNURU,16.15,2875,Thu Dec 18 11:15:00 IST 2025,16530,16.79,16.79,16.15,16.47,NULL,NULL,"[{""price"": 0.0, ""orders"": 0, ""quantity"": 0}, {""price"": 0.0, ""orders"": 0, ""quantity"": 0}, {""price"": 0.0, ""orders"": 0, ""quantity"": 0}, {""price"": 0.0, ""orders"": 0, ""quantity"": 0}, {""price"": 0.0, ""orders"": 0, ""quantity"": 0}]","[{""price"": 16.15, ""orders"": 5, ""quantity"": 17632}, {""price"": 16.45, ""orders"": 1, ""quantity"": 1}, {""price"": 0.0, ""orders"": 0, ""quantity"": 0}, {""price"": 0.0, ""orders"": 0, ""quantity"": 0}, {""price"": 0.0, ""orders"": 0, ""quantity"": 0}]"
2025-12-18 11:21:08.228424+05:30,137918212,MUDUNURU,16.15,2875,Thu Dec 18 11:15:00 IST 2025,16530,16.79,16.79,16.15,16.47,NULL,NULL,"[{""price"": 0.0, ""orders"": 0, ""quantity"": 0}, {""price"": 0.0, ""orders"": 0, ""quantity"": 0}, {""price"": 0.0, ""orders"": 0, ""quantity"": 0}, {""price"": 0.0, ""orders"": 0, ""quantity"": 0}, {""price"": 0.0, ""orders"": 0, ""quantity"": 0}]","[{""price"": 16.15, ""orders"": 5, ""quantity"": 17632}, {""price"": 16.45, ""orders"": 1, ""quantity"": 1}, {""price"": 0.0, ""orders"": 0, ""quantity"": 0}, {""price"": 0.0, ""orders"": 0, ""quantity"": 0}, {""price"": 0.0, ""orders"": 0, ""quantity"": 0}]"
2025-12-18 11:21:09.598529+05:30,137918212,MUDUNURU,16.15,2875,Thu Dec 18 11:15:00 IST 2025,16530,16.79,16.79,16.15,16.47,NULL,NULL,"[{""price"": 0.0, ""orders"": 0, ""quantity"": 0}, {""price"": 0.0, ""orders"": 0, ""quantity"": 0}, {""price"": 0.0, ""orders"": 0, ""quantity"": 0}, {""price"": 0.0, ""orders"": 0, ""quantity"": 0}, {""price"": 0.0, ""orders"": 0, ""quantity"": 0}]","[{""price"": 16.15, ""orders"": 5, ""quantity"": 17632}, {""price"": 16.45, ""orders"": 1, ""quantity"": 1}, {""price"": 0.0, ""orders"": 0, ""quantity"": 0}, {""price"": 0.0, ""orders"": 0, ""quantity"": 0}, {""price"": 0.0, ""orders"": 0, ""quantity"": 0}]"
2025-12-18 11:21:10.972521+05:30,137918212,MUDUNURU,16.15,2875,Thu Dec 18 11:15:00 IST 2025,16530,16.79,16.79,16.15,16.47,NULL,NULL,"[{""price"": 0.0, ""orders"": 0, ""quantity"": 0}, {""price"": 0.0, ""orders"": 0, ""quantity"": 0}, {""price"": 0.0, ""orders"": 0, ""quantity"": 0}, {""price"": 0.0, ""orders"": 0, ""quantity"": 0}, {""price"": 0.0, ""orders"": 0, ""quantity"": 0}]","[{""price"": 16.15, ""orders"": 5, ""quantity"": 17632}, {""price"": 16.45, ""orders"": 1, ""quantity"": 1}, {""price"": 0.0, ""orders"": 0, ""quantity"": 0}, {""price"": 0.0, ""orders"": 0, ""quantity"": 0}, {""price"": 0.0, ""orders"": 0, ""quantity"": 0}]"
2025-12-18 11:21:12.253829+05:30,137918212,MUDUNURU,16.15,2875,Thu Dec 18 11:15:00 IST 2025,16530,16.79,16.79,16.15,16.47,NULL,NULL,"[{""price"": 0.0, ""orders"": 0, ""quantity"": 0}, {""price"": 0.0, ""orders"": 0, ""quantity"": 0}, {""price"": 0.0, ""orders"": 0, ""quantity"": 0}, {""price"": 0.0, ""orders"": 0, ""quantity"": 0}, {""price"": 0.0, ""orders"": 0, ""quantity"": 0}]","[{""price"": 16.15, ""orders"": 5, ""quantity"": 17632}, {""price"": 16.45, ""orders"": 1, ""quantity"": 1}, {""price"": 0.0, ""orders"": 0, ""quantity"": 0}, {""price"": 0.0, ""orders"": 0, ""quantity"": 0}, {""price"": 0.0, ""orders"": 0, ""quantity"": 0}]"
2025-12-18 11:21:13.767382+05:30,137918212,MUDUNURU,16.15,2875,Thu Dec 18 11:15:00 IST 2025,16530,16.79,16.79,16.15,16.47,NULL,NULL,"[{""price"": 0.0, ""orders"": 0, ""quantity"": 0}, {""price"": 0.0, ""orders"": 0, ""quantity"": 0}, {""price"": 0.0, ""orders"": 0, ""quantity"": 0}, {""price"": 0.0, ""orders"": 0, ""quantity"": 0}, {""price"": 0.0, ""orders"": 0, ""quantity"": 0}]","[{""price"": 16.15, ""orders"": 5, ""quantity"": 17632}, {""price"": 16.45, ""orders"": 1, ""quantity"": 1}, {""price"": 0.0, ""orders"": 0, ""quantity"": 0}, {""price"": 0.0, ""orders"": 0, ""quantity"": 0}, {""price"": 0.0, ""orders"": 0, ""quantity"": 0}]"
2025-12-18 11:21:15.140365+05:30,137918212,MUDUNURU,16.15,2875,Thu Dec 18 11:15:00 IST 2025,16530,16.79,16.79,16.15,16.47,NULL,NULL,"[{""price"": 0.0, ""orders"": 0, ""quantity"": 0}, {""price"": 0.0, ""orders"": 0, ""quantity"": 0}, {""price"": 0.0, ""orders"": 0, ""quantity"": 0}, {""price"": 0.0, ""orders"": 0, ""quantity"": 0}, {""price"": 0.0, ""orders"": 0, ""quantity"": 0}]","[{""price"": 16.15, ""orders"": 5, ""quantity"": 17632}, {""price"": 16.45, ""orders"": 1, ""quantity"": 1}, {""price"": 0.0, ""orders"": 0, ""quantity"": 0}, {""price"": 0.0, ""orders"": 0, ""quantity"": 0}, {""price"": 0.0, ""orders"": 0, ""quantity"": 0}]"
2025-12-18 11:21:16.527936+05:30,137918212,MUDUNURU,16.15,2875,Thu Dec 18 11:15:00 IST 2025,16530,16.79,16.79,16.15,16.47,NULL,NULL,"[{""price"": 0.0, ""orders"": 0, ""quantity"": 0}, {""price"": 0.0, ""orders"": 0, ""quantity"": 0}, {""price"": 0.0, ""orders"": 0, ""quantity"": 0}, {""price"": 0.0, ""orders"": 0, ""quantity"": 0}, {""price"": 0.0, ""orders"": 0, ""quantity"": 0}]","[{""price"": 16.15, ""orders"": 5, ""quantity"": 17632}, {""price"": 16.45, ""orders"": 1, ""quantity"": 1}, {""price"": 0.0, ""orders"": 0, ""quantity"": 0}, {""price"": 0.0, ""orders"": 0, ""quantity"": 0}, {""price"": 0.0, ""orders"": 0, ""quantity"": 0}]"
2025-12-18 11:21:17.843285+05:30,137918212,MUDUNURU,16.15,2875,Thu Dec 18 11:15:00 IST 2025,16530,16.79,16.79,16.15,16.47,NULL,NULL,"[{""price"": 0.0, ""orders"": 0, ""quantity"": 0}, {""price"": 0.0, ""orders"": 0, ""quantity"": 0}, {""price"": 0.0, ""orders"": 0, ""quantity"": 0}, {""price"": 0.0, ""orders"": 0, ""quantity"": 0}, {""price"": 0.0, ""orders"": 0, ""quantity"": 0}]","[{""price"": 16.15, ""orders"": 5, ""quantity"": 17632}, {""price"": 16.45, ""orders"": 1, ""quantity"": 1}, {""price"": 0.0, ""orders"": 0, ""quantity"": 0}, {""price"": 0.0, ""orders"": 0, ""quantity"": 0}, {""price"": 0.0, ""orders"": 0, ""quantity"": 0}]"
2025-12-18 11:21:19.352389+05:30,137918212,MUDUNURU,16.15,2875,Thu Dec 18 11:15:00 IST 2025,16530,16.79,16.79,16.15,16.47,NULL,NULL,"[{""price"": 0.0, ""orders"": 0, ""quantity"": 0}, {""price"": 0.0, ""orders"": 0, ""quantity"": 0}, {""price"": 0.0, ""orders"": 0, ""quantity"": 0}, {""price"": 0.0, ""orders"": 0, ""quantity"": 0}, {""price"": 0.0, ""orders"": 0, ""quantity"": 0}]","[{""price"": 16.15, ""orders"": 5, ""quantity"": 17632}, {""price"": 16.45, ""orders"": 1, ""quantity"": 1}, {""price"": 0.0, ""orders"": 0, ""quantity"": 0}, {""price"": 0.0, ""orders"": 0, ""quantity"": 0}, {""price"": 0.0, ""orders"": 0, ""quantity"": 0}]"
2025-12-18 11:21:20.714068+05:30,137918212,MUDUNURU,16.15,2875,Thu Dec 18 11:15:00 IST 2025,16530,16.79,16.79,16.15,16.47,NULL,NULL,"[{""price"": 0.0, ""orders"": 0, ""quantity"": 0}, {""price"": 0.0, ""orders"": 0, ""quantity"": 0}, {""price"": 0.0, ""orders"": 0, ""quantity"": 0}, {""price"": 0.0, ""orders"": 0, ""quantity"": 0}, {""price"": 0.0, ""orders"": 0, ""quantity"": 0}]","[{""price"": 16.15, ""orders"": 5, ""quantity"": 17632}, {""price"": 16.45, ""orders"": 1, ""quantity"": 1}, {""price"": 0.0, ""orders"": 0, ""quantity"": 0}, {""price"": 0.0, ""orders"": 0, ""quantity"": 0}, {""price"": 0.0, ""orders"": 0, ""quantity"": 0}]"
2025-12-18 11:21:22.093097+05:30,137918212,MUDUNURU,16.15,2875,Thu Dec 18 11:15:00 IST 2025,16530,16.79,16.79,16.15,16.47,NULL,NULL,"[{""price"": 0.0, ""orders"": 0, ""quantity"": 0}, {""price"": 0.0, ""orders"": 0, ""quantity"": 0}, {""price"": 0.0, ""orders"": 0, ""quantity"": 0}, {""price"": 0.0, ""orders"": 0, ""quantity"": 0}, {""price"": 0.0, ""orders"": 0, ""quantity"": 0}]","[{""price"": 16.15, ""orders"": 5, ""quantity"": 17632}, {""price"": 16.45, ""orders"": 1, ""quantity"": 1}, {""price"": 0.0, ""orders"": 0, ""quantity"": 0}, {""price"": 0.0, ""orders"": 0, ""quantity"": 0}, {""price"": 0.0, ""orders"": 0, ""quantity"": 0}]"
2025-12-18 11:21:23.451919+05:30,137918212,MUDUNURU,16.15,2875,Thu Dec 18 11:15:00 IST 2025,16530,16.79,16.79,16.15,16.47,NULL,NULL,"[{""price"": 0.0, ""orders"": 0, ""quantity"": 0}, {""price"": 0.0, ""orders"": 0, ""quantity"": 0}, {""price"": 0.0, ""orders"": 0, ""quantity"": 0}, {""price"": 0.0, ""orders"": 0, ""quantity"": 0}, {""price"": 0.0, ""orders"": 0, ""quantity"": 0}]","[{""price"": 16.15, ""orders"": 5, ""quantity"": 17632}, {""price"": 16.45, ""orders"": 1, ""quantity"": 1}, {""price"": 0.0, ""orders"": 0, ""quantity"": 0}, {""price"": 0.0, ""orders"": 0, ""quantity"": 0}, {""price"": 0.0, ""orders"": 0, ""quantity"": 0}]"
2025-12-18 11:21:24.827655+05:30,137918212,MUDUNURU,16.15,2875,Thu Dec 18 11:15:00 IST 2025,16530,16.79,16.79,16.15,16.47,NULL,NULL,"[{""price"": 0.0, ""orders"": 0, ""quantity"": 0}, {""price"": 0.0, ""orders"": 0, ""quantity"": 0}, {""price"": 0.0, ""orders"": 0, ""quantity"": 0}, {""price"": 0.0, ""orders"": 0, ""quantity"": 0}, {""price"": 0.0, ""orders"": 0, ""quantity"": 0}]","[{""price"": 16.15, ""orders"": 5, ""quantity"": 17632}, {""price"": 16.45, ""orders"": 1, ""quantity"": 1}, {""price"": 0.0, ""orders"": 0, ""quantity"": 0}, {""price"": 0.0, ""orders"": 0, ""quantity"": 0}, {""price"": 0.0, ""orders"": 0, ""quantity"": 0}]"
2025-12-18 11:21:26.100777+05:30,137918212,MUDUNURU,16.15,2875,Thu Dec 18 11:15:00 IST 2025,16530,16.79,16.79,16.15,16.47,NULL,NULL,"[{""price"": 0.0, ""orders"": 0, ""quantity"": 0}, {""price"": 0.0, ""orders"": 0, ""quantity"": 0}, {""price"": 0.0, ""orders"": 0, ""quantity"": 0}, {""price"": 0.0, ""orders"": 0, ""quantity"": 0}, {""price"": 0.0, ""orders"": 0, ""quantity"": 0}]","[{""price"": 16.15, ""orders"": 5, ""quantity"": 17632}, {""price"": 16.45, ""orders"": 1, ""quantity"": 1}, {""price"": 0.0, ""orders"": 0, ""quantity"": 0}, {""price"": 0.0, ""orders"": 0, ""quantity"": 0}, {""price"": 0.0, ""orders"": 0, ""quantity"": 0}]"
2025-12-18 11:21:27.551516+05:30,137918212,MUDUNURU,16.15,2875,Thu Dec 18 11:15:00 IST 2025,16530,16.79,16.79,16.15,16.47,NULL,NULL,"[{""price"": 0.0, ""orders"": 0, ""quantity"": 0}, {""price"": 0.0, ""orders"": 0, ""quantity"": 0}, {""price"": 0.0, ""orders"": 0, ""quantity"": 0}, {""price"": 0.0, ""orders"": 0, ""quantity"": 0}, {""price"": 0.0, ""orders"": 0, ""quantity"": 0}]","[{""price"": 16.15, ""orders"": 5, ""quantity"": 17632}, {""price"": 16.45, ""orders"": 1, ""quantity"": 1}, {""price"": 0.0, ""orders"": 0, ""quantity"": 0}, {""price"": 0.0, ""orders"": 0, ""quantity"": 0}, {""price"": 0.0, ""orders"": 0, ""quantity"": 0}]"
2025-12-18 11:21:28.930672+05:30,137918212,MUDUNURU,16.15,2875,Thu Dec 18 11:15:00 IST 2025,16530,16.79,16.79,16.15,16.47,NULL,NULL,"[{""price"": 0.0, ""orders"": 0, ""quantity"": 0}, {""price"": 0.0, ""orders"": 0, ""quantity"": 0}, {""price"": 0.0, ""orders"": 0, ""quantity"": 0}, {""price"": 0.0, ""orders"": 0, ""quantity"": 0}, {""price"": 0.0, ""orders"": 0, ""quantity"": 0}]","[{""price"": 16.15, ""orders"": 5, ""quantity"": 17632}, {""price"": 16.45, ""orders"": 1, ""quantity"": 1}, {""price"": 0.0, ""orders"": 0, ""quantity"": 0}, {""price"": 0.0, ""orders"": 0, ""quantity"": 0}, {""price"": 0.0, ""orders"": 0, ""quantity"": 0}]"
2025-12-18 11:21:30.427108+05:30,137918212,MUDUNURU,16.15,2875,Thu Dec 18 11:15:00 IST 2025,16530,16.79,16.79,16.15,16.47,NULL,NULL,"[{""price"": 0.0, ""orders"": 0, ""quantity"": 0}, {""price"": 0.0, ""orders"": 0, ""quantity"": 0}, {""price"": 0.0, ""orders"": 0, ""quantity"": 0}, {""price"": 0.0, ""orders"": 0, ""quantity"": 0}, {""price"": 0.0, ""orders"": 0, ""quantity"": 0}]","[{""price"": 16.15, ""orders"": 5, ""quantity"": 17632}, {""price"": 16.45, ""orders"": 1, ""quantity"": 1}, {""price"": 0.0, ""orders"": 0, ""quantity"": 0}, {""price"": 0.0, ""orders"": 0, ""quantity"": 0}, {""price"": 0.0, ""orders"": 0, ""quantity"": 0}]"
2025-12-18 11:21:31.722127+05:30,137918212,MUDUNURU,16.15,2875,Thu Dec 18 11:15:00 IST 2025,16530,16.79,16.79,16.15,16.47,NULL,NULL,"[{""price"": 0.0, ""orders"": 0, ""quantity"": 0}, {""price"": 0.0, ""orders"": 0, ""quantity"": 0}, {""price"": 0.0, ""orders"": 0, ""quantity"": 0}, {""price"": 0.0, ""orders"": 0, ""quantity"": 0}, {""price"": 0.0, ""orders"": 0, ""quantity"": 0}]","[{""price"": 16.15, ""orders"": 5, ""quantity"": 17632}, {""price"": 16.45, ""orders"": 1, ""quantity"": 1}, {""price"": 0.0, ""orders"": 0, ""quantity"": 0}, {""price"": 0.0, ""orders"": 0, ""quantity"": 0}, {""price"": 0.0, ""orders"": 0, ""quantity"": 0}]"
2025-12-18 11:21:33.039702+05:30,137918212,MUDUNURU,16.15,2875,Thu Dec 18 11:15:00 IST 2025,16530,16.79,16.79,16.15,16.47,NULL,NULL,"[{""price"": 0.0, ""orders"": 0, ""quantity"": 0}, {""price"": 0.0, ""orders"": 0, ""quantity"": 0}, {""price"": 0.0, ""orders"": 0, ""quantity"": 0}, {""price"": 0.0, ""orders"": 0, ""quantity"": 0}, {""price"": 0.0, ""orders"": 0, ""quantity"": 0}]","[{""price"": 16.15, ""orders"": 5, ""quantity"": 17632}, {""price"": 16.45, ""orders"": 1, ""quantity"": 1}, {""price"": 0.0, ""orders"": 0, ""quantity"": 0}, {""price"": 0.0, ""orders"": 0, ""quantity"": 0}, {""price"": 0.0, ""orders"": 0, ""quantity"": 0}]"
2025-12-18 11:21:34.571261+05:30,137918212,MUDUNURU,16.15,2875,Thu Dec 18 11:15:00 IST 2025,16530,16.79,16.79,16.15,16.47,NULL,NULL,"[{""price"": 0.0, ""orders"": 0, ""quantity"": 0}, {""price"": 0.0, ""orders"": 0, ""quantity"": 0}, {""price"": 0.0, ""orders"": 0, ""quantity"": 0}, {""price"": 0.0, ""orders"": 0, ""quantity"": 0}, {""price"": 0.0, ""orders"": 0, ""quantity"": 0}]","[{""price"": 16.15, ""orders"": 5, ""quantity"": 17632}, {""price"": 16.45, ""orders"": 1, ""quantity"": 1}, {""price"": 0.0, ""orders"": 0, ""quantity"": 0}, {""price"": 0.0, ""orders"": 0, ""quantity"": 0}, {""price"": 0.0, ""orders"": 0, ""quantity"": 0}]"
2025-12-18 11:21:36.01943+05:30,137918212,MUDUNURU,16.15,2875,Thu Dec 18 11:15:00 IST 2025,16530,16.79,16.79,16.15,16.47,NULL,NULL,"[{""price"": 0.0, ""orders"": 0, ""quantity"": 0}, {""price"": 0.0, ""orders"": 0, ""quantity"": 0}, {""price"": 0.0, ""orders"": 0, ""quantity"": 0}, {""price"": 0.0, ""orders"": 0, ""quantity"": 0}, {""price"": 0.0, ""orders"": 0, ""quantity"": 0}]","[{""price"": 16.15, ""orders"": 5, ""quantity"": 17632}, {""price"": 16.45, ""orders"": 1, ""quantity"": 1}, {""price"": 0.0, ""orders"": 0, ""quantity"": 0}, {""price"": 0.0, ""orders"": 0, ""quantity"": 0}, {""price"": 0.0, ""orders"": 0, ""quantity"": 0}]"
2025-12-18 11:21:37.550755+05:30,137918212,MUDUNURU,16.15,2875,Thu Dec 18 11:15:00 IST 2025,16530,16.79,16.79,16.15,16.47,NULL,NULL,"[{""price"": 0.0, ""orders"": 0, ""quantity"": 0}, {""price"": 0.0, ""orders"": 0, ""quantity"": 0}, {""price"": 0.0, ""orders"": 0, ""quantity"": 0}, {""price"": 0.0, ""orders"": 0, ""quantity"": 0}, {""price"": 0.0, ""orders"": 0, ""quantity"": 0}]","[{""price"": 16.15, ""orders"": 5, ""quantity"": 17632}, {""price"": 16.45, ""orders"": 1, ""quantity"": 1}, {""price"": 0.0, ""orders"": 0, ""quantity"": 0}, {""price"": 0.0, ""orders"": 0, ""quantity"": 0}, {""price"": 0.0, ""orders"": 0, ""quantity"": 0}]"
2025-12-18 11:21:38.948495+05:30,137918212,MUDUNURU,16.15,2875,Thu Dec 18 11:15:00 IST 2025,16530,16.79,16.79,16.15,16.47,16.15,16.79,"[{""price"": 0.0, ""orders"": 0, ""quantity"": 0}, {""price"": 0.0, ""orders"": 0, ""quantity"": 0}, {""price"": 0.0, ""orders"": 0, ""quantity"": 0}, {""price"": 0.0, ""orders"": 0, ""quantity"": 0}, {""price"": 0.0, ""orders"": 0, ""quantity"": 0}]","[{""price"": 16.15, ""orders"": 5, ""quantity"": 17632}, {""price"": 16.45, ""orders"": 1, ""quantity"": 1}, {""price"": 0.0, ""orders"": 0, ""quantity"": 0}, {""price"": 0.0, ""orders"": 0, ""quantity"": 0}, {""price"": 0.0, ""orders"": 0, ""quantity"": 0}]"
2025-12-18 11:21:40.527318+05:30,137918212,MUDUNURU,16.15,2875,Thu Dec 18 11:15:00 IST 2025,16530,16.79,16.79,16.15,16.47,NULL,NULL,"[{""price"": 0.0, ""orders"": 0, ""quantity"": 0}, {""price"": 0.0, ""orders"": 0, ""quantity"": 0}, {""price"": 0.0, ""orders"": 0, ""quantity"": 0}, {""price"": 0.0, ""orders"": 0, ""quantity"": 0}, {""price"": 0.0, ""orders"": 0, ""quantity"": 0}]","[{""price"": 16.15, ""orders"": 5, ""quantity"": 17632}, {""price"": 16.45, ""orders"": 1, ""quantity"": 1}, {""price"": 0.0, ""orders"": 0, ""quantity"": 0}, {""price"": 0.0, ""orders"": 0, ""quantity"": 0}, {""price"": 0.0, ""orders"": 0, ""quantity"": 0}]"
2025-12-18 11:21:41.900295+05:30,137918212,MUDUNURU,16.15,2875,Thu Dec 18 11:15:00 IST 2025,16530,16.79,16.79,16.15,16.47,NULL,NULL,"[{""price"": 0.0, ""orders"": 0, ""quantity"": 0}, {""price"": 0.0, ""orders"": 0, ""quantity"": 0}, {""price"": 0.0, ""orders"": 0, ""quantity"": 0}, {""price"": 0.0, ""orders"": 0, ""quantity"": 0}, {""price"": 0.0, ""orders"": 0, ""quantity"": 0}]","[{""price"": 16.15, ""orders"": 5, ""quantity"": 17632}, {""price"": 16.45, ""orders"": 1, ""quantity"": 1}, {""price"": 0.0, ""orders"": 0, ""quantity"": 0}, {""price"": 0.0, ""orders"": 0, ""quantity"": 0}, {""price"": 0.0, ""orders"": 0, ""quantity"": 0}]"
2025-12-18 11:21:43.238421+05:30,137918212,MUDUNURU,16.15,2875,Thu Dec 18 11:15:00 IST 2025,16530,16.79,16.79,16.15,16.47,NULL,NULL,"[{""price"": 0.0, ""orders"": 0, ""quantity"": 0}, {""price"": 0.0, ""orders"": 0, ""quantity"": 0}, {""price"": 0.0, ""orders"": 0, ""quantity"": 0}, {""price"": 0.0, ""orders"": 0, ""quantity"": 0}, {""price"": 0.0, ""orders"": 0, ""quantity"": 0}]","[{""price"": 16.15, ""orders"": 5, ""quantity"": 17632}, {""price"": 16.45, ""orders"": 1, ""quantity"": 1}, {""price"": 0.0, ""orders"": 0, ""quantity"": 0}, {""price"": 0.0, ""orders"": 0, ""quantity"": 0}, {""price"": 0.0, ""orders"": 0, ""quantity"": 0}]"
2025-12-18 11:21:44.649243+05:30,137918212,MUDUNURU,16.15,2875,Thu Dec 18 11:15:00 IST 2025,16530,16.79,16.79,16.15,16.47,NULL,NULL,"[{""price"": 0.0, ""orders"": 0, ""quantity"": 0}, {""price"": 0.0, ""orders"": 0, ""quantity"": 0}, {""price"": 0.0, ""orders"": 0, ""quantity"": 0}, {""price"": 0.0, ""orders"": 0, ""quantity"": 0}, {""price"": 0.0, ""orders"": 0, ""quantity"": 0}]","[{""price"": 16.15, ""orders"": 5, ""quantity"": 17632}, {""price"": 16.45, ""orders"": 1, ""quantity"": 1}, {""price"": 0.0, ""orders"": 0, ""quantity"": 0}, {""price"": 0.0, ""orders"": 0, ""quantity"": 0}, {""price"": 0.0, ""orders"": 0, ""quantity"": 0}]"
2025-12-18 11:21:46.017216+05:30,137918212,MUDUNURU,16.15,2875,Thu Dec 18 11:15:00 IST 2025,16530,16.79,16.79,16.15,16.47,NULL,NULL,"[{""price"": 0.0, ""orders"": 0, ""quantity"": 0}, {""price"": 0.0, ""orders"": 0, ""quantity"": 0}, {""price"": 0.0, ""orders"": 0, ""quantity"": 0}, {""price"": 0.0, ""orders"": 0, ""quantity"": 0}, {""price"": 0.0, ""orders"": 0, ""quantity"": 0}]","[{""price"": 16.15, ""orders"": 5, ""quantity"": 17632}, {""price"": 16.45, ""orders"": 1, ""quantity"": 1}, {""price"": 0.0, ""orders"": 0, ""quantity"": 0}, {""price"": 0.0, ""orders"": 0, ""quantity"": 0}, {""price"": 0.0, ""orders"": 0, ""quantity"": 0}]"
2025-12-18 11:21:47.294108+05:30,137918212,MUDUNURU,16.15,2875,Thu Dec 18 11:15:00 IST 2025,16530,16.79,16.79,16.15,16.47,16.15,16.79,"[{""price"": 0.0, ""orders"": 0, ""quantity"": 0}, {""price"": 0.0, ""orders"": 0, ""quantity"": 0}, {""price"": 0.0, ""orders"": 0, ""quantity"": 0}, {""price"": 0.0, ""orders"": 0, ""quantity"": 0}, {""price"": 0.0, ""orders"": 0, ""quantity"": 0}]","[{""price"": 16.15, ""orders"": 5, ""quantity"": 17632}, {""price"": 16.45, ""orders"": 1, ""quantity"": 1}, {""price"": 0.0, ""orders"": 0, ""quantity"": 0}, {""price"": 0.0, ""orders"": 0, ""quantity"": 0}, {""price"": 0.0, ""orders"": 0, ""quantity"": 0}]"
2025-12-18 11:21:48.842918+05:30,137918212,MUDUNURU,16.15,2875,Thu Dec 18 11:15:00 IST 2025,16530,16.79,16.79,16.15,16.47,NULL,NULL,"[{""price"": 0.0, ""orders"": 0, ""quantity"": 0}, {""price"": 0.0, ""orders"": 0, ""quantity"": 0}, {""price"": 0.0, ""orders"": 0, ""quantity"": 0}, {""price"": 0.0, ""orders"": 0, ""quantity"": 0}, {""price"": 0.0, ""orders"": 0, ""quantity"": 0}]","[{""price"": 16.15, ""orders"": 5, ""quantity"": 17632}, {""price"": 16.45, ""orders"": 1, ""quantity"": 1}, {""price"": 0.0, ""orders"": 0, ""quantity"": 0}, {""price"": 0.0, ""orders"": 0, ""quantity"": 0}, {""price"": 0.0, ""orders"": 0, ""quantity"": 0}]"
2025-12-18 11:21:50.248438+05:30,137918212,MUDUNURU,16.15,2875,Thu Dec 18 11:15:00 IST 2025,16530,16.79,16.79,16.15,16.47,NULL,NULL,"[{""price"": 0.0, ""orders"": 0, ""quantity"": 0}, {""price"": 0.0, ""orders"": 0, ""quantity"": 0}, {""price"": 0.0, ""orders"": 0, ""quantity"": 0}, {""price"": 0.0, ""orders"": 0, ""quantity"": 0}, {""price"": 0.0, ""orders"": 0, ""quantity"": 0}]","[{""price"": 16.15, ""orders"": 5, ""quantity"": 17632}, {""price"": 16.45, ""orders"": 1, ""quantity"": 1}, {""price"": 0.0, ""orders"": 0, ""quantity"": 0}, {""price"": 0.0, ""orders"": 0, ""quantity"": 0}, {""price"": 0.0, ""orders"": 0, ""quantity"": 0}]"
2025-12-18 11:21:51.504888+05:30,137918212,MUDUNURU,16.15,2875,Thu Dec 18 11:15:00 IST 2025,16530,16.79,16.79,16.15,16.47,16.15,16.79,"[{""price"": 0.0, ""orders"": 0, ""quantity"": 0}, {""price"": 0.0, ""orders"": 0, ""quantity"": 0}, {""price"": 0.0, ""orders"": 0, ""quantity"": 0}, {""price"": 0.0, ""orders"": 0, ""quantity"": 0}, {""price"": 0.0, ""orders"": 0, ""quantity"": 0}]","[{""price"": 16.15, ""orders"": 5, ""quantity"": 17632}, {""price"": 16.45, ""orders"": 1, ""quantity"": 1}, {""price"": 0.0, ""orders"": 0, ""quantity"": 0}, {""price"": 0.0, ""orders"": 0, ""quantity"": 0}, {""price"": 0.0, ""orders"": 0, ""quantity"": 0}]"
2025-12-18 11:21:53.0117+05:30,137918212,MUDUNURU,16.15,2875,Thu Dec 18 11:15:00 IST 2025,16530,16.79,16.79,16.15,16.47,NULL,NULL,"[{""price"": 0.0, ""orders"": 0, ""quantity"": 0}, {""price"": 0.0, ""orders"": 0, ""quantity"": 0}, {""price"": 0.0, ""orders"": 0, ""quantity"": 0}, {""price"": 0.0, ""orders"": 0, ""quantity"": 0}, {""price"": 0.0, ""orders"": 0, ""quantity"": 0}]","[{""price"": 16.15, ""orders"": 5, ""quantity"": 17632}, {""price"": 16.45, ""orders"": 1, ""quantity"": 1}, {""price"": 0.0, ""orders"": 0, ""quantity"": 0}, {""price"": 0.0, ""orders"": 0, ""quantity"": 0}, {""price"": 0.0, ""orders"": 0, ""quantity"": 0}]"
2025-12-18 11:21:54.347426+05:30,137918212,MUDUNURU,16.15,2875,Thu Dec 18 11:15:00 IST 2025,16530,16.79,16.79,16.15,16.47,NULL,NULL,"[{""price"": 0.0, ""orders"": 0, ""quantity"": 0}, {""price"": 0.0, ""orders"": 0, ""quantity"": 0}, {""price"": 0.0, ""orders"": 0, ""quantity"": 0}, {""price"": 0.0, ""orders"": 0, ""quantity"": 0}, {""price"": 0.0, ""orders"": 0, ""quantity"": 0}]","[{""price"": 16.15, ""orders"": 5, ""quantity"": 17632}, {""price"": 16.45, ""orders"": 1, ""quantity"": 1}, {""price"": 0.0, ""orders"": 0, ""quantity"": 0}, {""price"": 0.0, ""orders"": 0, ""quantity"": 0}, {""price"": 0.0, ""orders"": 0, ""quantity"": 0}]"
2025-12-18 11:21:55.712077+05:30,137918212,MUDUNURU,16.15,2875,Thu Dec 18 11:15:00 IST 2025,16530,16.79,16.79,16.15,16.47,NULL,NULL,"[{""price"": 0.0, ""orders"": 0, ""quantity"": 0}, {""price"": 0.0, ""orders"": 0, ""quantity"": 0}, {""price"": 0.0, ""orders"": 0, ""quantity"": 0}, {""price"": 0.0, ""orders"": 0, ""quantity"": 0}, {""price"": 0.0, ""orders"": 0, ""quantity"": 0}]","[{""price"": 16.15, ""orders"": 5, ""quantity"": 17632}, {""price"": 16.45, ""orders"": 1, ""quantity"": 1}, {""price"": 0.0, ""orders"": 0, ""quantity"": 0}, {""price"": 0.0, ""orders"": 0, ""quantity"": 0}, {""price"": 0.0, ""orders"": 0, ""quantity"": 0}]"
2025-12-18 11:21:57.095034+05:30,137918212,MUDUNURU,16.15,2875,Thu Dec 18 11:15:00 IST 2025,16530,16.79,16.79,16.15,16.47,NULL,NULL,"[{""price"": 0.0, ""orders"": 0, ""quantity"": 0}, {""price"": 0.0, ""orders"": 0, ""quantity"": 0}, {""price"": 0.0, ""orders"": 0, ""quantity"": 0}, {""price"": 0.0, ""orders"": 0, ""quantity"": 0}, {""price"": 0.0, ""orders"": 0, ""quantity"": 0}]","[{""price"": 16.15, ""orders"": 5, ""quantity"": 17632}, {""price"": 16.45, ""orders"": 1, ""quantity"": 1}, {""price"": 0.0, ""orders"": 0, ""quantity"": 0}, {""price"": 0.0, ""orders"": 0, ""quantity"": 0}, {""price"": 0.0, ""orders"": 0, ""quantity"": 0}]"
2025-12-18 11:21:58.439888+05:30,137918212,MUDUNURU,16.15,2875,Thu Dec 18 11:15:00 IST 2025,16530,16.79,16.79,16.15,16.47,NULL,NULL,"[{""price"": 0.0, ""orders"": 0, ""quantity"": 0}, {""price"": 0.0, ""orders"": 0, ""quantity"": 0}, {""price"": 0.0, ""orders"": 0, ""quantity"": 0}, {""price"": 0.0, ""orders"": 0, ""quantity"": 0}, {""price"": 0.0, ""orders"": 0, ""quantity"": 0}]","[{""price"": 16.15, ""orders"": 5, ""quantity"": 17632}, {""price"": 16.45, ""orders"": 1, ""quantity"": 1}, {""price"": 0.0, ""orders"": 0, ""quantity"": 0}, {""price"": 0.0, ""orders"": 0, ""quantity"": 0}, {""price"": 0.0, ""orders"": 0, ""quantity"": 0}]"
2025-12-18 11:21:59.898291+05:30,137918212,MUDUNURU,16.15,2875,Thu Dec 18 11:15:00 IST 2025,16530,16.79,16.79,16.15,16.47,NULL,NULL,"[{""price"": 0.0, ""orders"": 0, ""quantity"": 0}, {""price"": 0.0, ""orders"": 0, ""quantity"": 0}, {""price"": 0.0, ""orders"": 0, ""quantity"": 0}, {""price"": 0.0, ""orders"": 0, ""quantity"": 0}, {""price"": 0.0, ""orders"": 0, ""quantity"": 0}]","[{""price"": 16.15, ""orders"": 5, ""quantity"": 17632}, {""price"": 16.45, ""orders"": 1, ""quantity"": 1}, {""price"": 0.0, ""orders"": 0, ""quantity"": 0}, {""price"": 0.0, ""orders"": 0, ""quantity"": 0}, {""price"": 0.0, ""orders"": 0, ""quantity"": 0}]"
2025-12-18 11:22:01.305313+05:30,137918212,MUDUNURU,16.15,2875,Thu Dec 18 11:15:00 IST 2025,16530,16.79,16.79,16.15,16.47,NULL,NULL,"[{""price"": 0.0, ""orders"": 0, ""quantity"": 0}, {""price"": 0.0, ""orders"": 0, ""quantity"": 0}, {""price"": 0.0, ""orders"": 0, ""quantity"": 0}, {""price"": 0.0, ""orders"": 0, ""quantity"": 0}, {""price"": 0.0, ""orders"": 0, ""quantity"": 0}]","[{""price"": 16.15, ""orders"": 5, ""quantity"": 17632}, {""price"": 16.45, ""orders"": 1, ""quantity"": 1}, {""price"": 0.0, ""orders"": 0, ""quantity"": 0}, {""price"": 0.0, ""orders"": 0, ""quantity"": 0}, {""price"": 0.0, ""orders"": 0, ""quantity"": 0}]"
2025-12-18 11:22:02.650222+05:30,137918212,MUDUNURU,16.15,2875,Thu Dec 18 11:15:00 IST 2025,16530,16.79,16.79,16.15,16.47,NULL,NULL,"[{""price"": 0.0, ""orders"": 0, ""quantity"": 0}, {""price"": 0.0, ""orders"": 0, ""quantity"": 0}, {""price"": 0.0, ""orders"": 0, ""quantity"": 0}, {""price"": 0.0, ""orders"": 0, ""quantity"": 0}, {""price"": 0.0, ""orders"": 0, ""quantity"": 0}]","[{""price"": 16.15, ""orders"": 5, ""quantity"": 17632}, {""price"": 16.45, ""orders"": 1, ""quantity"": 1}, {""price"": 0.0, ""orders"": 0, ""quantity"": 0}, {""price"": 0.0, ""orders"": 0, ""quantity"": 0}, {""price"": 0.0, ""orders"": 0, ""quantity"": 0}]"
2025-12-18 11:22:03.979936+05:30,137918212,MUDUNURU,16.15,2875,Thu Dec 18 11:15:00 IST 2025,16530,16.79,16.79,16.15,16.47,NULL,NULL,"[{""price"": 0.0, ""orders"": 0, ""quantity"": 0}, {""price"": 0.0, ""orders"": 0, ""quantity"": 0}, {""price"": 0.0, ""orders"": 0, ""quantity"": 0}, {""price"": 0.0, ""orders"": 0, ""quantity"": 0}, {""price"": 0.0, ""orders"": 0, ""quantity"": 0}]","[{""price"": 16.15, ""orders"": 5, ""quantity"": 17632}, {""price"": 16.45, ""orders"": 1, ""quantity"": 1}, {""price"": 0.0, ""orders"": 0, ""quantity"": 0}, {""price"": 0.0, ""orders"": 0, ""quantity"": 0}, {""price"": 0.0, ""orders"": 0, ""quantity"": 0}]"
2025-12-18 11:22:05.380728+05:30,137918212,MUDUNURU,16.15,2875,Thu Dec 18 11:15:00 IST 2025,16530,16.79,16.79,16.15,16.47,NULL,NULL,"[{""price"": 0.0, ""orders"": 0, ""quantity"": 0}, {""price"": 0.0, ""orders"": 0, ""quantity"": 0}, {""price"": 0.0, ""orders"": 0, ""quantity"": 0}, {""price"": 0.0, ""orders"": 0, ""quantity"": 0}, {""price"": 0.0, ""orders"": 0, ""quantity"": 0}]","[{""price"": 16.15, ""orders"": 5, ""quantity"": 17632}, {""price"": 16.45, ""orders"": 1, ""quantity"": 1}, {""price"": 0.0, ""orders"": 0, ""quantity"": 0}, {""price"": 0.0, ""orders"": 0, ""quantity"": 0}, {""price"": 0.0, ""orders"": 0, ""quantity"": 0}]"
2025-12-18 11:22:06.727256+05:30,137918212,MUDUNURU,16.15,2875,Thu Dec 18 11:15:00 IST 2025,16530,16.79,16.79,16.15,16.47,NULL,NULL,"[{""price"": 0.0, ""orders"": 0, ""quantity"": 0}, {""price"": 0.0, ""orders"": 0, ""quantity"": 0}, {""price"": 0.0, ""orders"": 0, ""quantity"": 0}, {""price"": 0.0, ""orders"": 0, ""quantity"": 0}, {""price"": 0.0, ""orders"": 0, ""quantity"": 0}]","[{""price"": 16.15, ""orders"": 5, ""quantity"": 17632}, {""price"": 16.45, ""orders"": 1, ""quantity"": 1}, {""price"": 0.0, ""orders"": 0, ""quantity"": 0}, {""price"": 0.0, ""orders"": 0, ""quantity"": 0}, {""price"": 0.0, ""orders"": 0, ""quantity"": 0}]"
2025-12-18 11:22:07.993813+05:30,137918212,MUDUNURU,16.15,2875,Thu Dec 18 11:15:00 IST 2025,16530,16.79,16.79,16.15,16.47,NULL,NULL,"[{""price"": 0.0, ""orders"": 0, ""quantity"": 0}, {""price"": 0.0, ""orders"": 0, ""quantity"": 0}, {""price"": 0.0, ""orders"": 0, ""quantity"": 0}, {""price"": 0.0, ""orders"": 0, ""quantity"": 0}, {""price"": 0.0, ""orders"": 0, ""quantity"": 0}]","[{""price"": 16.15, ""orders"": 5, ""quantity"": 17632}, {""price"": 16.45, ""orders"": 1, ""quantity"": 1}, {""price"": 0.0, ""orders"": 0, ""quantity"": 0}, {""price"": 0.0, ""orders"": 0, ""quantity"": 0}, {""price"": 0.0, ""orders"": 0, ""quantity"": 0}]"
2025-12-18 11:22:09.46233+05:30,137918212,MUDUNURU,16.15,2875,Thu Dec 18 11:15:00 IST 2025,16530,16.79,16.79,16.15,16.47,NULL,NULL,"[{""price"": 0.0, ""orders"": 0, ""quantity"": 0}, {""price"": 0.0, ""orders"": 0, ""quantity"": 0}, {""price"": 0.0, ""orders"": 0, ""quantity"": 0}, {""price"": 0.0, ""orders"": 0, ""quantity"": 0}, {""price"": 0.0, ""orders"": 0, ""quantity"": 0}]","[{""price"": 16.15, ""orders"": 5, ""quantity"": 17632}, {""price"": 16.45, ""orders"": 1, ""quantity"": 1}, {""price"": 0.0, ""orders"": 0, ""quantity"": 0}, {""price"": 0.0, ""orders"": 0, ""quantity"": 0}, {""price"": 0.0, ""orders"": 0, ""quantity"": 0}]"
2025-12-18 11:22:10.852022+05:30,137918212,MUDUNURU,16.15,2875,Thu Dec 18 11:15:00 IST 2025,16530,16.79,16.79,16.15,16.47,NULL,NULL,"[{""price"": 0.0, ""orders"": 0, ""quantity"": 0}, {""price"": 0.0, ""orders"": 0, ""quantity"": 0}, {""price"": 0.0, ""orders"": 0, ""quantity"": 0}, {""price"": 0.0, ""orders"": 0, ""quantity"": 0}, {""price"": 0.0, ""orders"": 0, ""quantity"": 0}]","[{""price"": 16.15, ""orders"": 5, ""quantity"": 17632}, {""price"": 16.45, ""orders"": 1, ""quantity"": 1}, {""price"": 0.0, ""orders"": 0, ""quantity"": 0}, {""price"": 0.0, ""orders"": 0, ""quantity"": 0}, {""price"": 0.0, ""orders"": 0, ""quantity"": 0}]"
2025-12-18 11:22:12.293371+05:30,137918212,MUDUNURU,16.15,2875,Thu Dec 18 11:15:00 IST 2025,16530,16.79,16.79,16.15,16.47,NULL,NULL,"[{""price"": 0.0, ""orders"": 0, ""quantity"": 0}, {""price"": 0.0, ""orders"": 0, ""quantity"": 0}, {""price"": 0.0, ""orders"": 0, ""quantity"": 0}, {""price"": 0.0, ""orders"": 0, ""quantity"": 0}, {""price"": 0.0, ""orders"": 0, ""quantity"": 0}]","[{""price"": 16.15, ""orders"": 5, ""quantity"": 17632}, {""price"": 16.45, ""orders"": 1, ""quantity"": 1}, {""price"": 0.0, ""orders"": 0, ""quantity"": 0}, {""price"": 0.0, ""orders"": 0, ""quantity"": 0}, {""price"": 0.0, ""orders"": 0, ""quantity"": 0}]"
2025-12-18 11:22:13.671505+05:30,137918212,MUDUNURU,16.15,2875,Thu Dec 18 11:15:00 IST 2025,16530,16.79,16.79,16.15,16.47,NULL,NULL,"[{""price"": 0.0, ""orders"": 0, ""quantity"": 0}, {""price"": 0.0, ""orders"": 0, ""quantity"": 0}, {""price"": 0.0, ""orders"": 0, ""quantity"": 0}, {""price"": 0.0, ""orders"": 0, ""quantity"": 0}, {""price"": 0.0, ""orders"": 0, ""quantity"": 0}]","[{""price"": 16.15, ""orders"": 5, ""quantity"": 17632}, {""price"": 16.45, ""orders"": 1, ""quantity"": 1}, {""price"": 0.0, ""orders"": 0, ""quantity"": 0}, {""price"": 0.0, ""orders"": 0, ""quantity"": 0}, {""price"": 0.0, ""orders"": 0, ""quantity"": 0}]"
2025-12-18 11:22:15.017062+05:30,137918212,MUDUNURU,16.15,2875,Thu Dec 18 11:15:00 IST 2025,16530,16.79,16.79,16.15,16.47,NULL,NULL,"[{""price"": 0.0, ""orders"": 0, ""quantity"": 0}, {""price"": 0.0, ""orders"": 0, ""quantity"": 0}, {""price"": 0.0, ""orders"": 0, ""quantity"": 0}, {""price"": 0.0, ""orders"": 0, ""quantity"": 0}, {""price"": 0.0, ""orders"": 0, ""quantity"": 0}]","[{""price"": 16.15, ""orders"": 5, ""quantity"": 17632}, {""price"": 16.45, ""orders"": 1, ""quantity"": 1}, {""price"": 0.0, ""orders"": 0, ""quantity"": 0}, {""price"": 0.0, ""orders"": 0, ""quantity"": 0}, {""price"": 0.0, ""orders"": 0, ""quantity"": 0}]"
2025-12-18 11:22:16.461358+05:30,137918212,MUDUNURU,16.15,2875,Thu Dec 18 11:15:00 IST 2025,16530,16.79,16.79,16.15,16.47,NULL,NULL,"[{""price"": 0.0, ""orders"": 0, ""quantity"": 0}, {""price"": 0.0, ""orders"": 0, ""quantity"": 0}, {""price"": 0.0, ""orders"": 0, ""quantity"": 0}, {""price"": 0.0, ""orders"": 0, ""quantity"": 0}, {""price"": 0.0, ""orders"": 0, ""quantity"": 0}]","[{""price"": 16.15, ""orders"": 5, ""quantity"": 17632}, {""price"": 16.45, ""orders"": 1, ""quantity"": 1}, {""price"": 0.0, ""orders"": 0, ""quantity"": 0}, {""price"": 0.0, ""orders"": 0, ""quantity"": 0}, {""price"": 0.0, ""orders"": 0, ""quantity"": 0}]"
2025-12-18 11:22:17.800426+05:30,137918212,MUDUNURU,16.15,2875,Thu Dec 18 11:15:00 IST 2025,16530,16.79,16.79,16.15,16.47,NULL,NULL,"[{""price"": 0.0, ""orders"": 0, ""quantity"": 0}, {""price"": 0.0, ""orders"": 0, ""quantity"": 0}, {""price"": 0.0, ""orders"": 0, ""quantity"": 0}, {""price"": 0.0, ""orders"": 0, ""quantity"": 0}, {""price"": 0.0, ""orders"": 0, ""quantity"": 0}]","[{""price"": 16.15, ""orders"": 5, ""quantity"": 17632}, {""price"": 16.45, ""orders"": 1, ""quantity"": 1}, {""price"": 0.0, ""orders"": 0, ""quantity"": 0}, {""price"": 0.0, ""orders"": 0, ""quantity"": 0}, {""price"": 0.0, ""orders"": 0, ""quantity"": 0}]"
2025-12-18 11:22:19.112313+05:30,137918212,MUDUNURU,16.15,2875,Thu Dec 18 11:15:00 IST 2025,16530,16.79,16.79,16.15,16.47,NULL,NULL,"[{""price"": 0.0, ""orders"": 0, ""quantity"": 0}, {""price"": 0.0, ""orders"": 0, ""quantity"": 0}, {""price"": 0.0, ""orders"": 0, ""quantity"": 0}, {""price"": 0.0, ""orders"": 0, ""quantity"": 0}, {""price"": 0.0, ""orders"": 0, ""quantity"": 0}]","[{""price"": 16.15, ""orders"": 5, ""quantity"": 17632}, {""price"": 16.45, ""orders"": 1, ""quantity"": 1}, {""price"": 0.0, ""orders"": 0, ""quantity"": 0}, {""price"": 0.0, ""orders"": 0, ""quantity"": 0}, {""price"": 0.0, ""orders"": 0, ""quantity"": 0}]"
2025-12-18 11:22:20.566844+05:30,137918212,MUDUNURU,16.15,2875,Thu Dec 18 11:15:00 IST 2025,16530,16.79,16.79,16.15,16.47,NULL,NULL,"[{""price"": 0.0, ""orders"": 0, ""quantity"": 0}, {""price"": 0.0, ""orders"": 0, ""quantity"": 0}, {""price"": 0.0, ""orders"": 0, ""quantity"": 0}, {""price"": 0.0, ""orders"": 0, ""quantity"": 0}, {""price"": 0.0, ""orders"": 0, ""quantity"": 0}]","[{""price"": 16.15, ""orders"": 5, ""quantity"": 17632}, {""price"": 16.45, ""orders"": 1, ""quantity"": 1}, {""price"": 0.0, ""orders"": 0, ""quantity"": 0}, {""price"": 0.0, ""orders"": 0, ""quantity"": 0}, {""price"": 0.0, ""orders"": 0, ""quantity"": 0}]"
2025-12-18 11:22:21.852988+05:30,137918212,MUDUNURU,16.15,2875,Thu Dec 18 11:15:00 IST 2025,16530,16.79,16.79,16.15,16.47,NULL,NULL,"[{""price"": 0.0, ""orders"": 0, ""quantity"": 0}, {""price"": 0.0, ""orders"": 0, ""quantity"": 0}, {""price"": 0.0, ""orders"": 0, ""quantity"": 0}, {""price"": 0.0, ""orders"": 0, ""quantity"": 0}, {""price"": 0.0, ""orders"": 0, ""quantity"": 0}]","[{""price"": 16.15, ""orders"": 5, ""quantity"": 17632}, {""price"": 16.45, ""orders"": 1, ""quantity"": 1}, {""price"": 0.0, ""orders"": 0, ""quantity"": 0}, {""price"": 0.0, ""orders"": 0, ""quantity"": 0}, {""price"": 0.0, ""orders"": 0, ""quantity"": 0}]"
2025-12-18 11:22:23.291885+05:30,137918212,MUDUNURU,16.15,2875,Thu Dec 18 11:15:00 IST 2025,16530,16.79,16.79,16.15,16.47,NULL,NULL,"[{""price"": 0.0, ""orders"": 0, ""quantity"": 0}, {""price"": 0.0, ""orders"": 0, ""quantity"": 0}, {""price"": 0.0, ""orders"": 0, ""quantity"": 0}, {""price"": 0.0, ""orders"": 0, ""quantity"": 0}, {""price"": 0.0, ""orders"": 0, ""quantity"": 0}]","[{""price"": 16.15, ""orders"": 5, ""quantity"": 17632}, {""price"": 16.45, ""orders"": 1, ""quantity"": 1}, {""price"": 0.0, ""orders"": 0, ""quantity"": 0}, {""price"": 0.0, ""orders"": 0, ""quantity"": 0}, {""price"": 0.0, ""orders"": 0, ""quantity"": 0}]"
2025-12-18 11:22:24.571209+05:30,137918212,MUDUNURU,16.15,2875,Thu Dec 18 11:15:00 IST 2025,16530,16.79,16.79,16.15,16.47,NULL,NULL,"[{""price"": 0.0, ""orders"": 0, ""quantity"": 0}, {""price"": 0.0, ""orders"": 0, ""quantity"": 0}, {""price"": 0.0, ""orders"": 0, ""quantity"": 0}, {""price"": 0.0, ""orders"": 0, ""quantity"": 0}, {""price"": 0.0, ""orders"": 0, ""quantity"": 0}]","[{""price"": 16.15, ""orders"": 5, ""quantity"": 17632}, {""price"": 16.45, ""orders"": 1, ""quantity"": 1}, {""price"": 0.0, ""orders"": 0, ""quantity"": 0}, {""price"": 0.0, ""orders"": 0, ""quantity"": 0}, {""price"": 0.0, ""orders"": 0, ""quantity"": 0}]"
2025-12-18 11:22:25.963161+05:30,137918212,MUDUNURU,16.15,2875,Thu Dec 18 11:15:00 IST 2025,16530,16.79,16.79,16.15,16.47,NULL,NULL,"[{""price"": 0.0, ""orders"": 0, ""quantity"": 0}, {""price"": 0.0, ""orders"": 0, ""quantity"": 0}, {""price"": 0.0, ""orders"": 0, ""quantity"": 0}, {""price"": 0.0, ""orders"": 0, ""quantity"": 0}, {""price"": 0.0, ""orders"": 0, ""quantity"": 0}]","[{""price"": 16.15, ""orders"": 5, ""quantity"": 17632}, {""price"": 16.45, ""orders"": 1, ""quantity"": 1}, {""price"": 0.0, ""orders"": 0, ""quantity"": 0}, {""price"": 0.0, ""orders"": 0, ""quantity"": 0}, {""price"": 0.0, ""orders"": 0, ""quantity"": 0}]"
2025-12-18 11:22:27.377589+05:30,137918212,MUDUNURU,16.15,2875,Thu Dec 18 11:15:00 IST 2025,16530,16.79,16.79,16.15,16.47,NULL,NULL,"[{""price"": 0.0, ""orders"": 0, ""quantity"": 0}, {""price"": 0.0, ""orders"": 0, ""quantity"": 0}, {""price"": 0.0, ""orders"": 0, ""quantity"": 0}, {""price"": 0.0, ""orders"": 0, ""quantity"": 0}, {""price"": 0.0, ""orders"": 0, ""quantity"": 0}]","[{""price"": 16.15, ""orders"": 5, ""quantity"": 17632}, {""price"": 16.45, ""orders"": 1, ""quantity"": 1}, {""price"": 0.0, ""orders"": 0, ""quantity"": 0}, {""price"": 0.0, ""orders"": 0, ""quantity"": 0}, {""price"": 0.0, ""orders"": 0, ""quantity"": 0}]"
2025-12-18 11:22:28.758893+05:30,137918212,MUDUNURU,16.15,2875,Thu Dec 18 11:15:00 IST 2025,16530,16.79,16.79,16.15,16.47,NULL,NULL,"[{""price"": 0.0, ""orders"": 0, ""quantity"": 0}, {""price"": 0.0, ""orders"": 0, ""quantity"": 0}, {""price"": 0.0, ""orders"": 0, ""quantity"": 0}, {""price"": 0.0, ""orders"": 0, ""quantity"": 0}, {""price"": 0.0, ""orders"": 0, ""quantity"": 0}]","[{""price"": 16.15, ""orders"": 5, ""quantity"": 17632}, {""price"": 16.45, ""orders"": 1, ""quantity"": 1}, {""price"": 0.0, ""orders"": 0, ""quantity"": 0}, {""price"": 0.0, ""orders"": 0, ""quantity"": 0}, {""price"": 0.0, ""orders"": 0, ""quantity"": 0}]"
2025-12-18 11:22:30.055546+05:30,137918212,MUDUNURU,16.15,2875,Thu Dec 18 11:15:00 IST 2025,16530,16.79,16.79,16.15,16.47,NULL,NULL,"[{""price"": 0.0, ""orders"": 0, ""quantity"": 0}, {""price"": 0.0, ""orders"": 0, ""quantity"": 0}, {""price"": 0.0, ""orders"": 0, ""quantity"": 0}, {""price"": 0.0, ""orders"": 0, ""quantity"": 0}, {""price"": 0.0, ""orders"": 0, ""quantity"": 0}]","[{""price"": 16.15, ""orders"": 5, ""quantity"": 17632}, {""price"": 16.45, ""orders"": 1, ""quantity"": 1}, {""price"": 0.0, ""orders"": 0, ""quantity"": 0}, {""price"": 0.0, ""orders"": 0, ""quantity"": 0}, {""price"": 0.0, ""orders"": 0, ""quantity"": 0}]"
2025-12-18 11:22:31.462435+05:30,137918212,MUDUNURU,16.15,2875,Thu Dec 18 11:15:00 IST 2025,16530,16.79,16.79,16.15,16.47,NULL,NULL,"[{""price"": 0.0, ""orders"": 0, ""quantity"": 0}, {""price"": 0.0, ""orders"": 0, ""quantity"": 0}, {""price"": 0.0, ""orders"": 0, ""quantity"": 0}, {""price"": 0.0, ""orders"": 0, ""quantity"": 0}, {""price"": 0.0, ""orders"": 0, ""quantity"": 0}]","[{""price"": 16.15, ""orders"": 5, ""quantity"": 17632}, {""price"": 16.45, ""orders"": 1, ""quantity"": 1}, {""price"": 0.0, ""orders"": 0, ""quantity"": 0}, {""price"": 0.0, ""orders"": 0, ""quantity"": 0}, {""price"": 0.0, ""orders"": 0, ""quantity"": 0}]"
2025-12-18 11:22:32.861875+05:30,137918212,MUDUNURU,16.15,2875,Thu Dec 18 11:15:00 IST 2025,16530,16.79,16.79,16.15,16.47,NULL,NULL,"[{""price"": 0.0, ""orders"": 0, ""quantity"": 0}, {""price"": 0.0, ""orders"": 0, ""quantity"": 0}, {""price"": 0.0, ""orders"": 0, ""quantity"": 0}, {""price"": 0.0, ""orders"": 0, ""quantity"": 0}, {""price"": 0.0, ""orders"": 0, ""quantity"": 0}]","[{""price"": 16.15, ""orders"": 5, ""quantity"": 17632}, {""price"": 16.45, ""orders"": 1, ""quantity"": 1}, {""price"": 0.0, ""orders"": 0, ""quantity"": 0}, {""price"": 0.0, ""orders"": 0, ""quantity"": 0}, {""price"": 0.0, ""orders"": 0, ""quantity"": 0}]"
2025-12-18 11:22:34.293526+05:30,137918212,MUDUNURU,16.15,2875,Thu Dec 18 11:15:00 IST 2025,16530,16.79,16.79,16.15,16.47,NULL,NULL,"[{""price"": 0.0, ""orders"": 0, ""quantity"": 0}, {""price"": 0.0, ""orders"": 0, ""quantity"": 0}, {""price"": 0.0, ""orders"": 0, ""quantity"": 0}, {""price"": 0.0, ""orders"": 0, ""quantity"": 0}, {""price"": 0.0, ""orders"": 0, ""quantity"": 0}]","[{""price"": 16.15, ""orders"": 5, ""quantity"": 17632}, {""price"": 16.45, ""orders"": 1, ""quantity"": 1}, {""price"": 0.0, ""orders"": 0, ""quantity"": 0}, {""price"": 0.0, ""orders"": 0, ""quantity"": 0}, {""price"": 0.0, ""orders"": 0, ""quantity"": 0}]"
2025-12-18 11:22:35.615443+05:30,137918212,MUDUNURU,16.15,2875,Thu Dec 18 11:15:00 IST 2025,16530,16.79,16.79,16.15,16.47,NULL,NULL,"[{""price"": 0.0, ""orders"": 0, ""quantity"": 0}, {""price"": 0.0, ""orders"": 0, ""quantity"": 0}, {""price"": 0.0, ""orders"": 0, ""quantity"": 0}, {""price"": 0.0, ""orders"": 0, ""quantity"": 0}, {""price"": 0.0, ""orders"": 0, ""quantity"": 0}]","[{""price"": 16.15, ""orders"": 5, ""quantity"": 17632}, {""price"": 16.45, ""orders"": 1, ""quantity"": 1}, {""price"": 0.0, ""orders"": 0, ""quantity"": 0}, {""price"": 0.0, ""orders"": 0, ""quantity"": 0}, {""price"": 0.0, ""orders"": 0, ""quantity"": 0}]"
2025-12-18 11:22:36.977411+05:30,137918212,MUDUNURU,16.15,2875,Thu Dec 18 11:15:00 IST 2025,16530,16.79,16.79,16.15,16.47,NULL,NULL,"[{""price"": 0.0, ""orders"": 0, ""quantity"": 0}, {""price"": 0.0, ""orders"": 0, ""quantity"": 0}, {""price"": 0.0, ""orders"": 0, ""quantity"": 0}, {""price"": 0.0, ""orders"": 0, ""quantity"": 0}, {""price"": 0.0, ""orders"": 0, ""quantity"": 0}]","[{""price"": 16.15, ""orders"": 5, ""quantity"": 17632}, {""price"": 16.45, ""orders"": 1, ""quantity"": 1}, {""price"": 0.0, ""orders"": 0, ""quantity"": 0}, {""price"": 0.0, ""orders"": 0, ""quantity"": 0}, {""price"": 0.0, ""orders"": 0, ""quantity"": 0}]"
2025-12-18 11:22:38.261948+05:30,137918212,MUDUNURU,16.15,2875,Thu Dec 18 11:15:00 IST 2025,16530,16.79,16.79,16.15,16.47,NULL,NULL,"[{""price"": 0.0, ""orders"": 0, ""quantity"": 0}, {""price"": 0.0, ""orders"": 0, ""quantity"": 0}, {""price"": 0.0, ""orders"": 0, ""quantity"": 0}, {""price"": 0.0, ""orders"": 0, ""quantity"": 0}, {""price"": 0.0, ""orders"": 0, ""quantity"": 0}]","[{""price"": 16.15, ""orders"": 5, ""quantity"": 17632}, {""price"": 16.45, ""orders"": 1, ""quantity"": 1}, {""price"": 0.0, ""orders"": 0, ""quantity"": 0}, {""price"": 0.0, ""orders"": 0, ""quantity"": 0}, {""price"": 0.0, ""orders"": 0, ""quantity"": 0}]"
2025-12-18 11:22:39.650023+05:30,137918212,MUDUNURU,16.15,2875,Thu Dec 18 11:15:00 IST 2025,16530,16.79,16.79,16.15,16.47,NULL,NULL,"[{""price"": 0.0, ""orders"": 0, ""quantity"": 0}, {""price"": 0.0, ""orders"": 0, ""quantity"": 0}, {""price"": 0.0, ""orders"": 0, ""quantity"": 0}, {""price"": 0.0, ""orders"": 0, ""quantity"": 0}, {""price"": 0.0, ""orders"": 0, ""quantity"": 0}]","[{""price"": 16.15, ""orders"": 5, ""quantity"": 17632}, {""price"": 16.45, ""orders"": 1, ""quantity"": 1}, {""price"": 0.0, ""orders"": 0, ""quantity"": 0}, {""price"": 0.0, ""orders"": 0, ""quantity"": 0}, {""price"": 0.0, ""orders"": 0, ""quantity"": 0}]"
2025-12-18 11:22:41.085362+05:30,137918212,MUDUNURU,16.15,2875,Thu Dec 18 11:15:00 IST 2025,16530,16.79,16.79,16.15,16.47,NULL,NULL,"[{""price"": 0.0, ""orders"": 0, ""quantity"": 0}, {""price"": 0.0, ""orders"": 0, ""quantity"": 0}, {""price"": 0.0, ""orders"": 0, ""quantity"": 0}, {""price"": 0.0, ""orders"": 0, ""quantity"": 0}, {""price"": 0.0, ""orders"": 0, ""quantity"": 0}]","[{""price"": 16.15, ""orders"": 5, ""quantity"": 17632}, {""price"": 16.45, ""orders"": 1, ""quantity"": 1}, {""price"": 0.0, ""orders"": 0, ""quantity"": 0}, {""price"": 0.0, ""orders"": 0, ""quantity"": 0}, {""price"": 0.0, ""orders"": 0, ""quantity"": 0}]"
2025-12-18 11:22:42.392961+05:30,137918212,MUDUNURU,16.15,2875,Thu Dec 18 11:15:00 IST 2025,16530,16.79,16.79,16.15,16.47,NULL,NULL,"[{""price"": 0.0, ""orders"": 0, ""quantity"": 0}, {""price"": 0.0, ""orders"": 0, ""quantity"": 0}, {""price"": 0.0, ""orders"": 0, ""quantity"": 0}, {""price"": 0.0, ""orders"": 0, ""quantity"": 0}, {""price"": 0.0, ""orders"": 0, ""quantity"": 0}]","[{""price"": 16.15, ""orders"": 5, ""quantity"": 17632}, {""price"": 16.45, ""orders"": 1, ""quantity"": 1}, {""price"": 0.0, ""orders"": 0, ""quantity"": 0}, {""price"": 0.0, ""orders"": 0, ""quantity"": 0}, {""price"": 0.0, ""orders"": 0, ""quantity"": 0}]"
2025-12-18 11:22:43.67632+05:30,137918212,MUDUNURU,16.15,2875,Thu Dec 18 11:15:00 IST 2025,16530,16.79,16.79,16.15,16.47,NULL,NULL,"[{""price"": 0.0, ""orders"": 0, ""quantity"": 0}, {""price"": 0.0, ""orders"": 0, ""quantity"": 0}, {""price"": 0.0, ""orders"": 0, ""quantity"": 0}, {""price"": 0.0, ""orders"": 0, ""quantity"": 0}, {""price"": 0.0, ""orders"": 0, ""quantity"": 0}]","[{""price"": 16.15, ""orders"": 5, ""quantity"": 17632}, {""price"": 16.45, ""orders"": 1, ""quantity"": 1}, {""price"": 0.0, ""orders"": 0, ""quantity"": 0}, {""price"": 0.0, ""orders"": 0, ""quantity"": 0}, {""price"": 0.0, ""orders"": 0, ""quantity"": 0}]"
2025-12-18 11:22:45.084782+05:30,137918212,MUDUNURU,16.15,2875,Thu Dec 18 11:15:00 IST 2025,16530,16.79,16.79,16.15,16.47,NULL,NULL,"[{""price"": 0.0, ""orders"": 0, ""quantity"": 0}, {""price"": 0.0, ""orders"": 0, ""quantity"": 0}, {""price"": 0.0, ""orders"": 0, ""quantity"": 0}, {""price"": 0.0, ""orders"": 0, ""quantity"": 0}, {""price"": 0.0, ""orders"": 0, ""quantity"": 0}]","[{""price"": 16.15, ""orders"": 5, ""quantity"": 17632}, {""price"": 16.45, ""orders"": 1, ""quantity"": 1}, {""price"": 0.0, ""orders"": 0, ""quantity"": 0}, {""price"": 0.0, ""orders"": 0, ""quantity"": 0}, {""price"": 0.0, ""orders"": 0, ""quantity"": 0}]"
2025-12-18 11:22:46.522111+05:30,137918212,MUDUNURU,16.15,2875,Thu Dec 18 11:15:00 IST 2025,16530,16.79,16.79,16.15,16.47,NULL,NULL,"[{""price"": 0.0, ""orders"": 0, ""quantity"": 0}, {""price"": 0.0, ""orders"": 0, ""quantity"": 0}, {""price"": 0.0, ""orders"": 0, ""quantity"": 0}, {""price"": 0.0, ""orders"": 0, ""quantity"": 0}, {""price"": 0.0, ""orders"": 0, ""quantity"": 0}]","[{""price"": 16.15, ""orders"": 5, ""quantity"": 17632}, {""price"": 16.45, ""orders"": 1, ""quantity"": 1}, {""price"": 0.0, ""orders"": 0, ""quantity"": 0}, {""price"": 0.0, ""orders"": 0, ""quantity"": 0}, {""price"": 0.0, ""orders"": 0, ""quantity"": 0}]"
2025-12-18 11:22:47.93061+05:30,137918212,MUDUNURU,16.15,2875,Thu Dec 18 11:15:00 IST 2025,16530,16.79,16.79,16.15,16.47,NULL,NULL,"[{""price"": 0.0, ""orders"": 0, ""quantity"": 0}, {""price"": 0.0, ""orders"": 0, ""quantity"": 0}, {""price"": 0.0, ""orders"": 0, ""quantity"": 0}, {""price"": 0.0, ""orders"": 0, ""quantity"": 0}, {""price"": 0.0, ""orders"": 0, ""quantity"": 0}]","[{""price"": 16.15, ""orders"": 5, ""quantity"": 17632}, {""price"": 16.45, ""orders"": 1, ""quantity"": 1}, {""price"": 0.0, ""orders"": 0, ""quantity"": 0}, {""price"": 0.0, ""orders"": 0, ""quantity"": 0}, {""price"": 0.0, ""orders"": 0, ""quantity"": 0}]"
2025-12-18 11:22:49.291875+05:30,137918212,MUDUNURU,16.15,2875,Thu Dec 18 11:15:00 IST 2025,16530,16.79,16.79,16.15,16.47,NULL,NULL,"[{""price"": 0.0, ""orders"": 0, ""quantity"": 0}, {""price"": 0.0, ""orders"": 0, ""quantity"": 0}, {""price"": 0.0, ""orders"": 0, ""quantity"": 0}, {""price"": 0.0, ""orders"": 0, ""quantity"": 0}, {""price"": 0.0, ""orders"": 0, ""quantity"": 0}]","[{""price"": 16.15, ""orders"": 5, ""quantity"": 17632}, {""price"": 16.45, ""orders"": 1, ""quantity"": 1}, {""price"": 0.0, ""orders"": 0, ""quantity"": 0}, {""price"": 0.0, ""orders"": 0, ""quantity"": 0}, {""price"": 0.0, ""orders"": 0, ""quantity"": 0}]"
2025-12-18 11:22:50.639939+05:30,137918212,MUDUNURU,16.15,2875,Thu Dec 18 11:15:00 IST 2025,16530,16.79,16.79,16.15,16.47,NULL,NULL,"[{""price"": 0.0, ""orders"": 0, ""quantity"": 0}, {""price"": 0.0, ""orders"": 0, ""quantity"": 0}, {""price"": 0.0, ""orders"": 0, ""quantity"": 0}, {""price"": 0.0, ""orders"": 0, ""quantity"": 0}, {""price"": 0.0, ""orders"": 0, ""quantity"": 0}]","[{""price"": 16.15, ""orders"": 5, ""quantity"": 17632}, {""price"": 16.45, ""orders"": 1, ""quantity"": 1}, {""price"": 0.0, ""orders"": 0, ""quantity"": 0}, {""price"": 0.0, ""orders"": 0, ""quantity"": 0}, {""price"": 0.0, ""orders"": 0, ""quantity"": 0}]"
2025-12-18 11:22:51.921206+05:30,137918212,MUDUNURU,16.15,2875,Thu Dec 18 11:15:00 IST 2025,16530,16.79,16.79,16.15,16.47,NULL,NULL,"[{""price"": 0.0, ""orders"": 0, ""quantity"": 0}, {""price"": 0.0, ""orders"": 0, ""quantity"": 0}, {""price"": 0.0, ""orders"": 0, ""quantity"": 0}, {""price"": 0.0, ""orders"": 0, ""quantity"": 0}, {""price"": 0.0, ""orders"": 0, ""quantity"": 0}]","[{""price"": 16.15, ""orders"": 5, ""quantity"": 17632}, {""price"": 16.45, ""orders"": 1, ""quantity"": 1}, {""price"": 0.0, ""orders"": 0, ""quantity"": 0}, {""price"": 0.0, ""orders"": 0, ""quantity"": 0}, {""price"": 0.0, ""orders"": 0, ""quantity"": 0}]"
2025-12-18 11:22:53.336558+05:30,137918212,MUDUNURU,16.15,2875,Thu Dec 18 11:15:00 IST 2025,16530,16.79,16.79,16.15,16.47,NULL,NULL,"[{""price"": 0.0, ""orders"": 0, ""quantity"": 0}, {""price"": 0.0, ""orders"": 0, ""quantity"": 0}, {""price"": 0.0, ""orders"": 0, ""quantity"": 0}, {""price"": 0.0, ""orders"": 0, ""quantity"": 0}, {""price"": 0.0, ""orders"": 0, ""quantity"": 0}]","[{""price"": 16.15, ""orders"": 5, ""quantity"": 17632}, {""price"": 16.45, ""orders"": 1, ""quantity"": 1}, {""price"": 0.0, ""orders"": 0, ""quantity"": 0}, {""price"": 0.0, ""orders"": 0, ""quantity"": 0}, {""price"": 0.0, ""orders"": 0, ""quantity"": 0}]"
2025-12-18 11:22:54.692883+05:30,137918212,MUDUNURU,16.15,2875,Thu Dec 18 11:15:00 IST 2025,16530,16.79,16.79,16.15,16.47,NULL,NULL,"[{""price"": 0.0, ""orders"": 0, ""quantity"": 0}, {""price"": 0.0, ""orders"": 0, ""quantity"": 0}, {""price"": 0.0, ""orders"": 0, ""quantity"": 0}, {""price"": 0.0, ""orders"": 0, ""quantity"": 0}, {""price"": 0.0, ""orders"": 0, ""quantity"": 0}]","[{""price"": 16.15, ""orders"": 5, ""quantity"": 17632}, {""price"": 16.45, ""orders"": 1, ""quantity"": 1}, {""price"": 0.0, ""orders"": 0, ""quantity"": 0}, {""price"": 0.0, ""orders"": 0, ""quantity"": 0}, {""price"": 0.0, ""orders"": 0, ""quantity"": 0}]"
2025-12-18 11:22:55.900494+05:30,137918212,MUDUNURU,16.15,2875,Thu Dec 18 11:15:00 IST 2025,16530,16.79,16.79,16.15,16.47,16.15,16.79,"[{""price"": 0.0, ""orders"": 0, ""quantity"": 0}, {""price"": 0.0, ""orders"": 0, ""quantity"": 0}, {""price"": 0.0, ""orders"": 0, ""quantity"": 0}, {""price"": 0.0, ""orders"": 0, ""quantity"": 0}, {""price"": 0.0, ""orders"": 0, ""quantity"": 0}]","[{""price"": 16.15, ""orders"": 5, ""quantity"": 17632}, {""price"": 16.45, ""orders"": 1, ""quantity"": 1}, {""price"": 0.0, ""orders"": 0, ""quantity"": 0}, {""price"": 0.0, ""orders"": 0, ""quantity"": 0}, {""price"": 0.0, ""orders"": 0, ""quantity"": 0}]"
2025-12-18 11:22:57.369001+05:30,137918212,MUDUNURU,16.15,2875,Thu Dec 18 11:15:00 IST 2025,16530,16.79,16.79,16.15,16.47,NULL,NULL,"[{""price"": 0.0, ""orders"": 0, ""quantity"": 0}, {""price"": 0.0, ""orders"": 0, ""quantity"": 0}, {""price"": 0.0, ""orders"": 0, ""quantity"": 0}, {""price"": 0.0, ""orders"": 0, ""quantity"": 0}, {""price"": 0.0, ""orders"": 0, ""quantity"": 0}]","[{""price"": 16.15, ""orders"": 5, ""quantity"": 17632}, {""price"": 16.45, ""orders"": 1, ""quantity"": 1}, {""price"": 0.0, ""orders"": 0, ""quantity"": 0}, {""price"": 0.0, ""orders"": 0, ""quantity"": 0}, {""price"": 0.0, ""orders"": 0, ""quantity"": 0}]"
2025-12-18 11:22:58.761948+05:30,137918212,MUDUNURU,16.15,2875,Thu Dec 18 11:15:00 IST 2025,16530,16.79,16.79,16.15,16.47,NULL,NULL,"[{""price"": 0.0, ""orders"": 0, ""quantity"": 0}, {""price"": 0.0, ""orders"": 0, ""quantity"": 0}, {""price"": 0.0, ""orders"": 0, ""quantity"": 0}, {""price"": 0.0, ""orders"": 0, ""quantity"": 0}, {""price"": 0.0, ""orders"": 0, ""quantity"": 0}]","[{""price"": 16.15, ""orders"": 5, ""quantity"": 17632}, {""price"": 16.45, ""orders"": 1, ""quantity"": 1}, {""price"": 0.0, ""orders"": 0, ""quantity"": 0}, {""price"": 0.0, ""orders"": 0, ""quantity"": 0}, {""price"": 0.0, ""orders"": 0, ""quantity"": 0}]"
2025-12-18 11:23:00.126264+05:30,137918212,MUDUNURU,16.15,2875,Thu Dec 18 11:15:00 IST 2025,16530,16.79,16.79,16.15,16.47,NULL,NULL,"[{""price"": 0.0, ""orders"": 0, ""quantity"": 0}, {""price"": 0.0, ""orders"": 0, ""quantity"": 0}, {""price"": 0.0, ""orders"": 0, ""quantity"": 0}, {""price"": 0.0, ""orders"": 0, ""quantity"": 0}, {""price"": 0.0, ""orders"": 0, ""quantity"": 0}]","[{""price"": 16.15, ""orders"": 5, ""quantity"": 17632}, {""price"": 16.45, ""orders"": 1, ""quantity"": 1}, {""price"": 0.0, ""orders"": 0, ""quantity"": 0}, {""price"": 0.0, ""orders"": 0, ""quantity"": 0}, {""price"": 0.0, ""orders"": 0, ""quantity"": 0}]"
2025-12-18 11:23:01.580783+05:30,137918212,MUDUNURU,16.15,2875,Thu Dec 18 11:15:00 IST 2025,16530,16.79,16.79,16.15,16.47,NULL,NULL,"[{""price"": 0.0, ""orders"": 0, ""quantity"": 0}, {""price"": 0.0, ""orders"": 0, ""quantity"": 0}, {""price"": 0.0, ""orders"": 0, ""quantity"": 0}, {""price"": 0.0, ""orders"": 0, ""quantity"": 0}, {""price"": 0.0, ""orders"": 0, ""quantity"": 0}]","[{""price"": 16.15, ""orders"": 5, ""quantity"": 17632}, {""price"": 16.45, ""orders"": 1, ""quantity"": 1}, {""price"": 0.0, ""orders"": 0, ""quantity"": 0}, {""price"": 0.0, ""orders"": 0, ""quantity"": 0}, {""price"": 0.0, ""orders"": 0, ""quantity"": 0}]"
2025-12-18 11:23:02.949062+05:30,137918212,MUDUNURU,16.15,2875,Thu Dec 18 11:15:00 IST 2025,16530,16.79,16.79,16.15,16.47,NULL,NULL,"[{""price"": 0.0, ""orders"": 0, ""quantity"": 0}, {""price"": 0.0, ""orders"": 0, ""quantity"": 0}, {""price"": 0.0, ""orders"": 0, ""quantity"": 0}, {""price"": 0.0, ""orders"": 0, ""quantity"": 0}, {""price"": 0.0, ""orders"": 0, ""quantity"": 0}]","[{""price"": 16.15, ""orders"": 5, ""quantity"": 17632}, {""price"": 16.45, ""orders"": 1, ""quantity"": 1}, {""price"": 0.0, ""orders"": 0, ""quantity"": 0}, {""price"": 0.0, ""orders"": 0, ""quantity"": 0}, {""price"": 0.0, ""orders"": 0, ""quantity"": 0}]"
2025-12-18 11:23:04.284791+05:30,137918212,MUDUNURU,16.15,2875,Thu Dec 18 11:15:00 IST 2025,16530,16.79,16.79,16.15,16.47,NULL,NULL,"[{""price"": 0.0, ""orders"": 0, ""quantity"": 0}, {""price"": 0.0, ""orders"": 0, ""quantity"": 0}, {""price"": 0.0, ""orders"": 0, ""quantity"": 0}, {""price"": 0.0, ""orders"": 0, ""quantity"": 0}, {""price"": 0.0, ""orders"": 0, ""quantity"": 0}]","[{""price"": 16.15, ""orders"": 5, ""quantity"": 17632}, {""price"": 16.45, ""orders"": 1, ""quantity"": 1}, {""price"": 0.0, ""orders"": 0, ""quantity"": 0}, {""price"": 0.0, ""orders"": 0, ""quantity"": 0}, {""price"": 0.0, ""orders"": 0, ""quantity"": 0}]"
2025-12-18 11:23:05.705432+05:30,137918212,MUDUNURU,16.15,2875,Thu Dec 18 11:15:00 IST 2025,16530,16.79,16.79,16.15,16.47,NULL,NULL,"[{""price"": 0.0, ""orders"": 0, ""quantity"": 0}, {""price"": 0.0, ""orders"": 0, ""quantity"": 0}, {""price"": 0.0, ""orders"": 0, ""quantity"": 0}, {""price"": 0.0, ""orders"": 0, ""quantity"": 0}, {""price"": 0.0, ""orders"": 0, ""quantity"": 0}]","[{""price"": 16.15, ""orders"": 5, ""quantity"": 17632}, {""price"": 16.45, ""orders"": 1, ""quantity"": 1}, {""price"": 0.0, ""orders"": 0, ""quantity"": 0}, {""price"": 0.0, ""orders"": 0, ""quantity"": 0}, {""price"": 0.0, ""orders"": 0, ""quantity"": 0}]"
2025-12-18 11:23:07.104445+05:30,137918212,MUDUNURU,16.15,2875,Thu Dec 18 11:15:00 IST 2025,16530,16.79,16.79,16.15,16.47,NULL,NULL,"[{""price"": 0.0, ""orders"": 0, ""quantity"": 0}, {""price"": 0.0, ""orders"": 0, ""quantity"": 0}, {""price"": 0.0, ""orders"": 0, ""quantity"": 0}, {""price"": 0.0, ""orders"": 0, ""quantity"": 0}, {""price"": 0.0, ""orders"": 0, ""quantity"": 0}]","[{""price"": 16.15, ""orders"": 5, ""quantity"": 17632}, {""price"": 16.45, ""orders"": 1, ""quantity"": 1}, {""price"": 0.0, ""orders"": 0, ""quantity"": 0}, {""price"": 0.0, ""orders"": 0, ""quantity"": 0}, {""price"": 0.0, ""orders"": 0, ""quantity"": 0}]"
2025-12-18 11:23:08.489177+05:30,137918212,MUDUNURU,16.15,2875,Thu Dec 18 11:15:00 IST 2025,16530,16.79,16.79,16.15,16.47,NULL,NULL,"[{""price"": 0.0, ""orders"": 0, ""quantity"": 0}, {""price"": 0.0, ""orders"": 0, ""quantity"": 0}, {""price"": 0.0, ""orders"": 0, ""quantity"": 0}, {""price"": 0.0, ""orders"": 0, ""quantity"": 0}, {""price"": 0.0, ""orders"": 0, ""quantity"": 0}]","[{""price"": 16.15, ""orders"": 5, ""quantity"": 17632}, {""price"": 16.45, ""orders"": 1, ""quantity"": 1}, {""price"": 0.0, ""orders"": 0, ""quantity"": 0}, {""price"": 0.0, ""orders"": 0, ""quantity"": 0}, {""price"": 0.0, ""orders"": 0, ""quantity"": 0}]"
2025-12-18 11:23:09.891988+05:30,137918212,MUDUNURU,16.15,2875,Thu Dec 18 11:15:00 IST 2025,16530,16.79,16.79,16.15,16.47,NULL,NULL,"[{""price"": 0.0, ""orders"": 0, ""quantity"": 0}, {""price"": 0.0, ""orders"": 0, ""quantity"": 0}, {""price"": 0.0, ""orders"": 0, ""quantity"": 0}, {""price"": 0.0, ""orders"": 0, ""quantity"": 0}, {""price"": 0.0, ""orders"": 0, ""quantity"": 0}]","[{""price"": 16.15, ""orders"": 5, ""quantity"": 17632}, {""price"": 16.45, ""orders"": 1, ""quantity"": 1}, {""price"": 0.0, ""orders"": 0, ""quantity"": 0}, {""price"": 0.0, ""orders"": 0, ""quantity"": 0}, {""price"": 0.0, ""orders"": 0, ""quantity"": 0}]"
2025-12-18 11:23:11.234665+05:30,137918212,MUDUNURU,16.15,2875,Thu Dec 18 11:15:00 IST 2025,16530,16.79,16.79,16.15,16.47,NULL,NULL,"[{""price"": 0.0, ""orders"": 0, ""quantity"": 0}, {""price"": 0.0, ""orders"": 0, ""quantity"": 0}, {""price"": 0.0, ""orders"": 0, ""quantity"": 0}, {""price"": 0.0, ""orders"": 0, ""quantity"": 0}, {""price"": 0.0, ""orders"": 0, ""quantity"": 0}]","[{""price"": 16.15, ""orders"": 5, ""quantity"": 17632}, {""price"": 16.45, ""orders"": 1, ""quantity"": 1}, {""price"": 0.0, ""orders"": 0, ""quantity"": 0}, {""price"": 0.0, ""orders"": 0, ""quantity"": 0}, {""price"": 0.0, ""orders"": 0, ""quantity"": 0}]"
2025-12-18 11:23:12.613087+05:30,137918212,MUDUNURU,16.15,2875,Thu Dec 18 11:15:00 IST 2025,16530,16.79,16.79,16.15,16.47,NULL,NULL,"[{""price"": 0.0, ""orders"": 0, ""quantity"": 0}, {""price"": 0.0, ""orders"": 0, ""quantity"": 0}, {""price"": 0.0, ""orders"": 0, ""quantity"": 0}, {""price"": 0.0, ""orders"": 0, ""quantity"": 0}, {""price"": 0.0, ""orders"": 0, ""quantity"": 0}]","[{""price"": 16.15, ""orders"": 5, ""quantity"": 17632}, {""price"": 16.45, ""orders"": 1, ""quantity"": 1}, {""price"": 0.0, ""orders"": 0, ""quantity"": 0}, {""price"": 0.0, ""orders"": 0, ""quantity"": 0}, {""price"": 0.0, ""orders"": 0, ""quantity"": 0}]"
2025-12-18 11:23:14.021018+05:30,137918212,MUDUNURU,16.15,2875,Thu Dec 18 11:15:00 IST 2025,16530,16.79,16.79,16.15,16.47,NULL,NULL,"[{""price"": 0.0, ""orders"": 0, ""quantity"": 0}, {""price"": 0.0, ""orders"": 0, ""quantity"": 0}, {""price"": 0.0, ""orders"": 0, ""quantity"": 0}, {""price"": 0.0, ""orders"": 0, ""quantity"": 0}, {""price"": 0.0, ""orders"": 0, ""quantity"": 0}]","[{""price"": 16.15, ""orders"": 5, ""quantity"": 17632}, {""price"": 16.45, ""orders"": 1, ""quantity"": 1}, {""price"": 0.0, ""orders"": 0, ""quantity"": 0}, {""price"": 0.0, ""orders"": 0, ""quantity"": 0}, {""price"": 0.0, ""orders"": 0, ""quantity"": 0}]"
2025-12-18 11:23:15.321026+05:30,137918212,MUDUNURU,16.15,2875,Thu Dec 18 11:15:00 IST 2025,16530,16.79,16.79,16.15,16.47,NULL,NULL,"[{""price"": 0.0, ""orders"": 0, ""quantity"": 0}, {""price"": 0.0, ""orders"": 0, ""quantity"": 0}, {""price"": 0.0, ""orders"": 0, ""quantity"": 0}, {""price"": 0.0, ""orders"": 0, ""quantity"": 0}, {""price"": 0.0, ""orders"": 0, ""quantity"": 0}]","[{""price"": 16.15, ""orders"": 5, ""quantity"": 17632}, {""price"": 16.45, ""orders"": 1, ""quantity"": 1}, {""price"": 0.0, ""orders"": 0, ""quantity"": 0}, {""price"": 0.0, ""orders"": 0, ""quantity"": 0}, {""price"": 0.0, ""orders"": 0, ""quantity"": 0}]"
2025-12-18 11:23:16.727562+05:30,137918212,MUDUNURU,16.15,2875,Thu Dec 18 11:15:00 IST 2025,16530,16.79,16.79,16.15,16.47,NULL,NULL,"[{""price"": 0.0, ""orders"": 0, ""quantity"": 0}, {""price"": 0.0, ""orders"": 0, ""quantity"": 0}, {""price"": 0.0, ""orders"": 0, ""quantity"": 0}, {""price"": 0.0, ""orders"": 0, ""quantity"": 0}, {""price"": 0.0, ""orders"": 0, ""quantity"": 0}]","[{""price"": 16.15, ""orders"": 5, ""quantity"": 17632}, {""price"": 16.45, ""orders"": 1, ""quantity"": 1}, {""price"": 0.0, ""orders"": 0, ""quantity"": 0}, {""price"": 0.0, ""orders"": 0, ""quantity"": 0}, {""price"": 0.0, ""orders"": 0, ""quantity"": 0}]"
2025-12-18 11:23:18.165111+05:30,137918212,MUDUNURU,16.15,2875,Thu Dec 18 11:15:00 IST 2025,16530,16.79,16.79,16.15,16.47,NULL,NULL,"[{""price"": 0.0, ""orders"": 0, ""quantity"": 0}, {""price"": 0.0, ""orders"": 0, ""quantity"": 0}, {""price"": 0.0, ""orders"": 0, ""quantity"": 0}, {""price"": 0.0, ""orders"": 0, ""quantity"": 0}, {""price"": 0.0, ""orders"": 0, ""quantity"": 0}]","[{""price"": 16.15, ""orders"": 5, ""quantity"": 17632}, {""price"": 16.45, ""orders"": 1, ""quantity"": 1}, {""price"": 0.0, ""orders"": 0, ""quantity"": 0}, {""price"": 0.0, ""orders"": 0, ""quantity"": 0}, {""price"": 0.0, ""orders"": 0, ""quantity"": 0}]"
2025-12-18 11:23:19.52732+05:30,137918212,MUDUNURU,16.15,2875,Thu Dec 18 11:15:00 IST 2025,16530,16.79,16.79,16.15,16.47,NULL,NULL,"[{""price"": 0.0, ""orders"": 0, ""quantity"": 0}, {""price"": 0.0, ""orders"": 0, ""quantity"": 0}, {""price"": 0.0, ""orders"": 0, ""quantity"": 0}, {""price"": 0.0, ""orders"": 0, ""quantity"": 0}, {""price"": 0.0, ""orders"": 0, ""quantity"": 0}]","[{""price"": 16.15, ""orders"": 5, ""quantity"": 17632}, {""price"": 16.45, ""orders"": 1, ""quantity"": 1}, {""price"": 0.0, ""orders"": 0, ""quantity"": 0}, {""price"": 0.0, ""orders"": 0, ""quantity"": 0}, {""price"": 0.0, ""orders"": 0, ""quantity"": 0}]"
2025-12-18 11:23:20.898211+05:30,137918212,MUDUNURU,16.15,2875,Thu Dec 18 11:15:00 IST 2025,16530,16.79,16.79,16.15,16.47,NULL,NULL,"[{""price"": 0.0, ""orders"": 0, ""quantity"": 0}, {""price"": 0.0, ""orders"": 0, ""quantity"": 0}, {""price"": 0.0, ""orders"": 0, ""quantity"": 0}, {""price"": 0.0, ""orders"": 0, ""quantity"": 0}, {""price"": 0.0, ""orders"": 0, ""quantity"": 0}]","[{""price"": 16.15, ""orders"": 5, ""quantity"": 17632}, {""price"": 16.45, ""orders"": 1, ""quantity"": 1}, {""price"": 0.0, ""orders"": 0, ""quantity"": 0}, {""price"": 0.0, ""orders"": 0, ""quantity"": 0}, {""price"": 0.0, ""orders"": 0, ""quantity"": 0}]"
2025-12-18 11:23:22.229944+05:30,137918212,MUDUNURU,16.15,2875,Thu Dec 18 11:15:00 IST 2025,16530,16.79,16.79,16.15,16.47,NULL,NULL,"[{""price"": 0.0, ""orders"": 0, ""quantity"": 0}, {""price"": 0.0, ""orders"": 0, ""quantity"": 0}, {""price"": 0.0, ""orders"": 0, ""quantity"": 0}, {""price"": 0.0, ""orders"": 0, ""quantity"": 0}, {""price"": 0.0, ""orders"": 0, ""quantity"": 0}]","[{""price"": 16.15, ""orders"": 5, ""quantity"": 17632}, {""price"": 16.45, ""orders"": 1, ""quantity"": 1}, {""price"": 0.0, ""orders"": 0, ""quantity"": 0}, {""price"": 0.0, ""orders"": 0, ""quantity"": 0}, {""price"": 0.0, ""orders"": 0, ""quantity"": 0}]"
2025-12-18 11:23:23.612359+05:30,137918212,MUDUNURU,16.15,2875,Thu Dec 18 11:15:00 IST 2025,16530,16.79,16.79,16.15,16.47,NULL,NULL,"[{""price"": 0.0, ""orders"": 0, ""quantity"": 0}, {""price"": 0.0, ""orders"": 0, ""quantity"": 0}, {""price"": 0.0, ""orders"": 0, ""quantity"": 0}, {""price"": 0.0, ""orders"": 0, ""quantity"": 0}, {""price"": 0.0, ""orders"": 0, ""quantity"": 0}]","[{""price"": 16.15, ""orders"": 5, ""quantity"": 17632}, {""price"": 16.45, ""orders"": 1, ""quantity"": 1}, {""price"": 0.0, ""orders"": 0, ""quantity"": 0}, {""price"": 0.0, ""orders"": 0, ""quantity"": 0}, {""price"": 0.0, ""orders"": 0, ""quantity"": 0}]"
2025-12-18 11:23:24.877351+05:30,137918212,MUDUNURU,16.15,2875,Thu Dec 18 11:15:00 IST 2025,16530,16.79,16.79,16.15,16.47,NULL,NULL,"[{""price"": 0.0, ""orders"": 0, ""quantity"": 0}, {""price"": 0.0, ""orders"": 0, ""quantity"": 0}, {""price"": 0.0, ""orders"": 0, ""quantity"": 0}, {""price"": 0.0, ""orders"": 0, ""quantity"": 0}, {""price"": 0.0, ""orders"": 0, ""quantity"": 0}]","[{""price"": 16.15, ""orders"": 5, ""quantity"": 17632}, {""price"": 16.45, ""orders"": 1, ""quantity"": 1}, {""price"": 0.0, ""orders"": 0, ""quantity"": 0}, {""price"": 0.0, ""orders"": 0, ""quantity"": 0}, {""price"": 0.0, ""orders"": 0, ""quantity"": 0}]"
2025-12-18 11:23:26.37259+05:30,137918212,MUDUNURU,16.15,2875,Thu Dec 18 11:15:00 IST 2025,16530,16.79,16.79,16.15,16.47,NULL,NULL,"[{""price"": 0.0, ""orders"": 0, ""quantity"": 0}, {""price"": 0.0, ""orders"": 0, ""quantity"": 0}, {""price"": 0.0, ""orders"": 0, ""quantity"": 0}, {""price"": 0.0, ""orders"": 0, ""quantity"": 0}, {""price"": 0.0, ""orders"": 0, ""quantity"": 0}]","[{""price"": 16.15, ""orders"": 5, ""quantity"": 17632}, {""price"": 16.45, ""orders"": 1, ""quantity"": 1}, {""price"": 0.0, ""orders"": 0, ""quantity"": 0}, {""price"": 0.0, ""orders"": 0, ""quantity"": 0}, {""price"": 0.0, ""orders"": 0, ""quantity"": 0}]"
2025-12-18 11:23:27.646078+05:30,137918212,MUDUNURU,16.15,2875,Thu Dec 18 11:15:00 IST 2025,16530,16.79,16.79,16.15,16.47,NULL,NULL,"[{""price"": 0.0, ""orders"": 0, ""quantity"": 0}, {""price"": 0.0, ""orders"": 0, ""quantity"": 0}, {""price"": 0.0, ""orders"": 0, ""quantity"": 0}, {""price"": 0.0, ""orders"": 0, ""quantity"": 0}, {""price"": 0.0, ""orders"": 0, ""quantity"": 0}]","[{""price"": 16.15, ""orders"": 5, ""quantity"": 17632}, {""price"": 16.45, ""orders"": 1, ""quantity"": 1}, {""price"": 0.0, ""orders"": 0, ""quantity"": 0}, {""price"": 0.0, ""orders"": 0, ""quantity"": 0}, {""price"": 0.0, ""orders"": 0, ""quantity"": 0}]"
2025-12-18 11:23:29.055419+05:30,137918212,MUDUNURU,16.15,2875,Thu Dec 18 11:15:00 IST 2025,16530,16.79,16.79,16.15,16.47,NULL,NULL,"[{""price"": 0.0, ""orders"": 0, ""quantity"": 0}, {""price"": 0.0, ""orders"": 0, ""quantity"": 0}, {""price"": 0.0, ""orders"": 0, ""quantity"": 0}, {""price"": 0.0, ""orders"": 0, ""quantity"": 0}, {""price"": 0.0, ""orders"": 0, ""quantity"": 0}]","[{""price"": 16.15, ""orders"": 5, ""quantity"": 17632}, {""price"": 16.45, ""orders"": 1, ""quantity"": 1}, {""price"": 0.0, ""orders"": 0, ""quantity"": 0}, {""price"": 0.0, ""orders"": 0, ""quantity"": 0}, {""price"": 0.0, ""orders"": 0, ""quantity"": 0}]"
2025-12-18 11:23:30.324188+05:30,137918212,MUDUNURU,16.15,2875,Thu Dec 18 11:15:00 IST 2025,16530,16.79,16.79,16.15,16.47,16.15,16.79,"[{""price"": 0.0, ""orders"": 0, ""quantity"": 0}, {""price"": 0.0, ""orders"": 0, ""quantity"": 0}, {""price"": 0.0, ""orders"": 0, ""quantity"": 0}, {""price"": 0.0, ""orders"": 0, ""quantity"": 0}, {""price"": 0.0, ""orders"": 0, ""quantity"": 0}]","[{""price"": 16.15, ""orders"": 5, ""quantity"": 17632}, {""price"": 16.45, ""orders"": 1, ""quantity"": 1}, {""price"": 0.0, ""orders"": 0, ""quantity"": 0}, {""price"": 0.0, ""orders"": 0, ""quantity"": 0}, {""price"": 0.0, ""orders"": 0, ""quantity"": 0}]"
2025-12-18 11:23:31.785227+05:30,137918212,MUDUNURU,16.15,2875,Thu Dec 18 11:15:00 IST 2025,16530,16.79,16.79,16.15,16.47,NULL,NULL,"[{""price"": 0.0, ""orders"": 0, ""quantity"": 0}, {""price"": 0.0, ""orders"": 0, ""quantity"": 0}, {""price"": 0.0, ""orders"": 0, ""quantity"": 0}, {""price"": 0.0, ""orders"": 0, ""quantity"": 0}, {""price"": 0.0, ""orders"": 0, ""quantity"": 0}]","[{""price"": 16.15, ""orders"": 5, ""quantity"": 17632}, {""price"": 16.45, ""orders"": 1, ""quantity"": 1}, {""price"": 0.0, ""orders"": 0, ""quantity"": 0}, {""price"": 0.0, ""orders"": 0, ""quantity"": 0}, {""price"": 0.0, ""orders"": 0, ""quantity"": 0}]"
2025-12-18 11:23:33.142994+05:30,137918212,MUDUNURU,16.15,2875,Thu Dec 18 11:15:00 IST 2025,16530,16.79,16.79,16.15,16.47,NULL,NULL,"[{""price"": 0.0, ""orders"": 0, ""quantity"": 0}, {""price"": 0.0, ""orders"": 0, ""quantity"": 0}, {""price"": 0.0, ""orders"": 0, ""quantity"": 0}, {""price"": 0.0, ""orders"": 0, ""quantity"": 0}, {""price"": 0.0, ""orders"": 0, ""quantity"": 0}]","[{""price"": 16.15, ""orders"": 5, ""quantity"": 17632}, {""price"": 16.45, ""orders"": 1, ""quantity"": 1}, {""price"": 0.0, ""orders"": 0, ""quantity"": 0}, {""price"": 0.0, ""orders"": 0, ""quantity"": 0}, {""price"": 0.0, ""orders"": 0, ""quantity"": 0}]"
2025-12-18 11:23:34.472827+05:30,137918212,MUDUNURU,16.15,2875,Thu Dec 18 11:15:00 IST 2025,16530,16.79,16.79,16.15,16.47,NULL,NULL,"[{""price"": 0.0, ""orders"": 0, ""quantity"": 0}, {""price"": 0.0, ""orders"": 0, ""quantity"": 0}, {""price"": 0.0, ""orders"": 0, ""quantity"": 0}, {""price"": 0.0, ""orders"": 0, ""quantity"": 0}, {""price"": 0.0, ""orders"": 0, ""quantity"": 0}]","[{""price"": 16.15, ""orders"": 5, ""quantity"": 17632}, {""price"": 16.45, ""orders"": 1, ""quantity"": 1}, {""price"": 0.0, ""orders"": 0, ""quantity"": 0}, {""price"": 0.0, ""orders"": 0, ""quantity"": 0}, {""price"": 0.0, ""orders"": 0, ""quantity"": 0}]"
2025-12-18 11:23:35.856145+05:30,137918212,MUDUNURU,16.15,2875,Thu Dec 18 11:15:00 IST 2025,16530,16.79,16.79,16.15,16.47,NULL,NULL,"[{""price"": 0.0, ""orders"": 0, ""quantity"": 0}, {""price"": 0.0, ""orders"": 0, ""quantity"": 0}, {""price"": 0.0, ""orders"": 0, ""quantity"": 0}, {""price"": 0.0, ""orders"": 0, ""quantity"": 0}, {""price"": 0.0, ""orders"": 0, ""quantity"": 0}]","[{""price"": 16.15, ""orders"": 5, ""quantity"": 17632}, {""price"": 16.45, ""orders"": 1, ""quantity"": 1}, {""price"": 0.0, ""orders"": 0, ""quantity"": 0}, {""price"": 0.0, ""orders"": 0, ""quantity"": 0}, {""price"": 0.0, ""orders"": 0, ""quantity"": 0}]"
2025-12-18 11:23:37.300245+05:30,137918212,MUDUNURU,16.15,2875,Thu Dec 18 11:15:00 IST 2025,16530,16.79,16.79,16.15,16.47,NULL,NULL,"[{""price"": 0.0, ""orders"": 0, ""quantity"": 0}, {""price"": 0.0, ""orders"": 0, ""quantity"": 0}, {""price"": 0.0, ""orders"": 0, ""quantity"": 0}, {""price"": 0.0, ""orders"": 0, ""quantity"": 0}, {""price"": 0.0, ""orders"": 0, ""quantity"": 0}]","[{""price"": 16.15, ""orders"": 5, ""quantity"": 17632}, {""price"": 16.45, ""orders"": 1, ""quantity"": 1}, {""price"": 0.0, ""orders"": 0, ""quantity"": 0}, {""price"": 0.0, ""orders"": 0, ""quantity"": 0}, {""price"": 0.0, ""orders"": 0, ""quantity"": 0}]"
2025-12-18 11:23:38.671083+05:30,137918212,MUDUNURU,16.15,2875,Thu Dec 18 11:15:00 IST 2025,16530,16.79,16.79,16.15,16.47,NULL,NULL,"[{""price"": 0.0, ""orders"": 0, ""quantity"": 0}, {""price"": 0.0, ""orders"": 0, ""quantity"": 0}, {""price"": 0.0, ""orders"": 0, ""quantity"": 0}, {""price"": 0.0, ""orders"": 0, ""quantity"": 0}, {""price"": 0.0, ""orders"": 0, ""quantity"": 0}]","[{""price"": 16.15, ""orders"": 5, ""quantity"": 17632}, {""price"": 16.45, ""orders"": 1, ""quantity"": 1}, {""price"": 0.0, ""orders"": 0, ""quantity"": 0}, {""price"": 0.0, ""orders"": 0, ""quantity"": 0}, {""price"": 0.0, ""orders"": 0, ""quantity"": 0}]"
2025-12-18 11:23:40.282012+05:30,137918212,MUDUNURU,16.15,2875,Thu Dec 18 11:15:00 IST 2025,16530,16.79,16.79,16.15,16.47,NULL,NULL,"[{""price"": 0.0, ""orders"": 0, ""quantity"": 0}, {""price"": 0.0, ""orders"": 0, ""quantity"": 0}, {""price"": 0.0, ""orders"": 0, ""quantity"": 0}, {""price"": 0.0, ""orders"": 0, ""quantity"": 0}, {""price"": 0.0, ""orders"": 0, ""quantity"": 0}]","[{""price"": 16.15, ""orders"": 5, ""quantity"": 17632}, {""price"": 16.45, ""orders"": 1, ""quantity"": 1}, {""price"": 0.0, ""orders"": 0, ""quantity"": 0}, {""price"": 0.0, ""orders"": 0, ""quantity"": 0}, {""price"": 0.0, ""orders"": 0, ""quantity"": 0}]"
2025-12-18 11:23:41.650333+05:30,137918212,MUDUNURU,16.15,2875,Thu Dec 18 11:15:00 IST 2025,16530,16.79,16.79,16.15,16.47,NULL,NULL,"[{""price"": 0.0, ""orders"": 0, ""quantity"": 0}, {""price"": 0.0, ""orders"": 0, ""quantity"": 0}, {""price"": 0.0, ""orders"": 0, ""quantity"": 0}, {""price"": 0.0, ""orders"": 0, ""quantity"": 0}, {""price"": 0.0, ""orders"": 0, ""quantity"": 0}]","[{""price"": 16.15, ""orders"": 5, ""quantity"": 17632}, {""price"": 16.45, ""orders"": 1, ""quantity"": 1}, {""price"": 0.0, ""orders"": 0, ""quantity"": 0}, {""price"": 0.0, ""orders"": 0, ""quantity"": 0}, {""price"": 0.0, ""orders"": 0, ""quantity"": 0}]"
2025-12-18 11:23:42.920997+05:30,137918212,MUDUNURU,16.15,2875,Thu Dec 18 11:15:00 IST 2025,16530,16.79,16.79,16.15,16.47,NULL,NULL,"[{""price"": 0.0, ""orders"": 0, ""quantity"": 0}, {""price"": 0.0, ""orders"": 0, ""quantity"": 0}, {""price"": 0.0, ""orders"": 0, ""quantity"": 0}, {""price"": 0.0, ""orders"": 0, ""quantity"": 0}, {""price"": 0.0, ""orders"": 0, ""quantity"": 0}]","[{""price"": 16.15, ""orders"": 5, ""quantity"": 17632}, {""price"": 16.45, ""orders"": 1, ""quantity"": 1}, {""price"": 0.0, ""orders"": 0, ""quantity"": 0}, {""price"": 0.0, ""orders"": 0, ""quantity"": 0}, {""price"": 0.0, ""orders"": 0, ""quantity"": 0}]"
2025-12-18 11:23:44.421178+05:30,137918212,MUDUNURU,16.15,2875,Thu Dec 18 11:15:00 IST 2025,16530,16.79,16.79,16.15,16.47,NULL,NULL,"[{""price"": 0.0, ""orders"": 0, ""quantity"": 0}, {""price"": 0.0, ""orders"": 0, ""quantity"": 0}, {""price"": 0.0, ""orders"": 0, ""quantity"": 0}, {""price"": 0.0, ""orders"": 0, ""quantity"": 0}, {""price"": 0.0, ""orders"": 0, ""quantity"": 0}]","[{""price"": 16.15, ""orders"": 5, ""quantity"": 17632}, {""price"": 16.45, ""orders"": 1, ""quantity"": 1}, {""price"": 0.0, ""orders"": 0, ""quantity"": 0}, {""price"": 0.0, ""orders"": 0, ""quantity"": 0}, {""price"": 0.0, ""orders"": 0, ""quantity"": 0}]"
2025-12-18 11:23:45.684809+05:30,137918212,MUDUNURU,16.15,2875,Thu Dec 18 11:15:00 IST 2025,16530,16.79,16.79,16.15,16.47,16.15,16.79,"[{""price"": 0.0, ""orders"": 0, ""quantity"": 0}, {""price"": 0.0, ""orders"": 0, ""quantity"": 0}, {""price"": 0.0, ""orders"": 0, ""quantity"": 0}, {""price"": 0.0, ""orders"": 0, ""quantity"": 0}, {""price"": 0.0, ""orders"": 0, ""quantity"": 0}]","[{""price"": 16.15, ""orders"": 5, ""quantity"": 17632}, {""price"": 16.45, ""orders"": 1, ""quantity"": 1}, {""price"": 0.0, ""orders"": 0, ""quantity"": 0}, {""price"": 0.0, ""orders"": 0, ""quantity"": 0}, {""price"": 0.0, ""orders"": 0, ""quantity"": 0}]"
2025-12-18 11:23:47.093015+05:30,137918212,MUDUNURU,16.15,2875,Thu Dec 18 11:15:00 IST 2025,16530,16.79,16.79,16.15,16.47,NULL,NULL,"[{""price"": 0.0, ""orders"": 0, ""quantity"": 0}, {""price"": 0.0, ""orders"": 0, ""quantity"": 0}, {""price"": 0.0, ""orders"": 0, ""quantity"": 0}, {""price"": 0.0, ""orders"": 0, ""quantity"": 0}, {""price"": 0.0, ""orders"": 0, ""quantity"": 0}]","[{""price"": 16.15, ""orders"": 5, ""quantity"": 17632}, {""price"": 16.45, ""orders"": 1, ""quantity"": 1}, {""price"": 0.0, ""orders"": 0, ""quantity"": 0}, {""price"": 0.0, ""orders"": 0, ""quantity"": 0}, {""price"": 0.0, ""orders"": 0, ""quantity"": 0}]"
2025-12-18 11:23:48.550667+05:30,137918212,MUDUNURU,16.15,2875,Thu Dec 18 11:15:00 IST 2025,16530,16.79,16.79,16.15,16.47,NULL,NULL,"[{""price"": 0.0, ""orders"": 0, ""quantity"": 0}, {""price"": 0.0, ""orders"": 0, ""quantity"": 0}, {""price"": 0.0, ""orders"": 0, ""quantity"": 0}, {""price"": 0.0, ""orders"": 0, ""quantity"": 0}, {""price"": 0.0, ""orders"": 0, ""quantity"": 0}]","[{""price"": 16.15, ""orders"": 5, ""quantity"": 17632}, {""price"": 16.45, ""orders"": 1, ""quantity"": 1}, {""price"": 0.0, ""orders"": 0, ""quantity"": 0}, {""price"": 0.0, ""orders"": 0, ""quantity"": 0}, {""price"": 0.0, ""orders"": 0, ""quantity"": 0}]"
2025-12-18 11:23:49.901703+05:30,137918212,MUDUNURU,16.15,2875,Thu Dec 18 11:15:00 IST 2025,16530,16.79,16.79,16.15,16.47,NULL,NULL,"[{""price"": 0.0, ""orders"": 0, ""quantity"": 0}, {""price"": 0.0, ""orders"": 0, ""quantity"": 0}, {""price"": 0.0, ""orders"": 0, ""quantity"": 0}, {""price"": 0.0, ""orders"": 0, ""quantity"": 0}, {""price"": 0.0, ""orders"": 0, ""quantity"": 0}]","[{""price"": 16.15, ""orders"": 5, ""quantity"": 17632}, {""price"": 16.45, ""orders"": 1, ""quantity"": 1}, {""price"": 0.0, ""orders"": 0, ""quantity"": 0}, {""price"": 0.0, ""orders"": 0, ""quantity"": 0}, {""price"": 0.0, ""orders"": 0, ""quantity"": 0}]"
2025-12-18 11:23:51.189695+05:30,137918212,MUDUNURU,16.15,2875,Thu Dec 18 11:15:00 IST 2025,16530,16.79,16.79,16.15,16.47,16.15,16.79,"[{""price"": 0.0, ""orders"": 0, ""quantity"": 0}, {""price"": 0.0, ""orders"": 0, ""quantity"": 0}, {""price"": 0.0, ""orders"": 0, ""quantity"": 0}, {""price"": 0.0, ""orders"": 0, ""quantity"": 0}, {""price"": 0.0, ""orders"": 0, ""quantity"": 0}]","[{""price"": 16.15, ""orders"": 5, ""quantity"": 17632}, {""price"": 16.45, ""orders"": 1, ""quantity"": 1}, {""price"": 0.0, ""orders"": 0, ""quantity"": 0}, {""price"": 0.0, ""orders"": 0, ""quantity"": 0}, {""price"": 0.0, ""orders"": 0, ""quantity"": 0}]"
2025-12-18 11:23:52.75865+05:30,137918212,MUDUNURU,16.15,2875,Thu Dec 18 11:15:00 IST 2025,16530,16.79,16.79,16.15,16.47,NULL,NULL,"[{""price"": 0.0, ""orders"": 0, ""quantity"": 0}, {""price"": 0.0, ""orders"": 0, ""quantity"": 0}, {""price"": 0.0, ""orders"": 0, ""quantity"": 0}, {""price"": 0.0, ""orders"": 0, ""quantity"": 0}, {""price"": 0.0, ""orders"": 0, ""quantity"": 0}]","[{""price"": 16.15, ""orders"": 5, ""quantity"": 17632}, {""price"": 16.45, ""orders"": 1, ""quantity"": 1}, {""price"": 0.0, ""orders"": 0, ""quantity"": 0}, {""price"": 0.0, ""orders"": 0, ""quantity"": 0}, {""price"": 0.0, ""orders"": 0, ""quantity"": 0}]"
2025-12-18 11:23:54.164711+05:30,137918212,MUDUNURU,16.15,2875,Thu Dec 18 11:15:00 IST 2025,16530,16.79,16.79,16.15,16.47,NULL,NULL,"[{""price"": 0.0, ""orders"": 0, ""quantity"": 0}, {""price"": 0.0, ""orders"": 0, ""quantity"": 0}, {""price"": 0.0, ""orders"": 0, ""quantity"": 0}, {""price"": 0.0, ""orders"": 0, ""quantity"": 0}, {""price"": 0.0, ""orders"": 0, ""quantity"": 0}]","[{""price"": 16.15, ""orders"": 5, ""quantity"": 17632}, {""price"": 16.45, ""orders"": 1, ""quantity"": 1}, {""price"": 0.0, ""orders"": 0, ""quantity"": 0}, {""price"": 0.0, ""orders"": 0, ""quantity"": 0}, {""price"": 0.0, ""orders"": 0, ""quantity"": 0}]"
2025-12-18 11:23:55.555584+05:30,137918212,MUDUNURU,16.15,2875,Thu Dec 18 11:15:00 IST 2025,16530,16.79,16.79,16.15,16.47,NULL,NULL,"[{""price"": 0.0, ""orders"": 0, ""quantity"": 0}, {""price"": 0.0, ""orders"": 0, ""quantity"": 0}, {""price"": 0.0, ""orders"": 0, ""quantity"": 0}, {""price"": 0.0, ""orders"": 0, ""quantity"": 0}, {""price"": 0.0, ""orders"": 0, ""quantity"": 0}]","[{""price"": 16.15, ""orders"": 5, ""quantity"": 17632}, {""price"": 16.45, ""orders"": 1, ""quantity"": 1}, {""price"": 0.0, ""orders"": 0, ""quantity"": 0}, {""price"": 0.0, ""orders"": 0, ""quantity"": 0}, {""price"": 0.0, ""orders"": 0, ""quantity"": 0}]"
2025-12-18 11:23:56.909915+05:30,137918212,MUDUNURU,16.15,2875,Thu Dec 18 11:15:00 IST 2025,16530,16.79,16.79,16.15,16.47,NULL,NULL,"[{""price"": 0.0, ""orders"": 0, ""quantity"": 0}, {""price"": 0.0, ""orders"": 0, ""quantity"": 0}, {""price"": 0.0, ""orders"": 0, ""quantity"": 0}, {""price"": 0.0, ""orders"": 0, ""quantity"": 0}, {""price"": 0.0, ""orders"": 0, ""quantity"": 0}]","[{""price"": 16.15, ""orders"": 5, ""quantity"": 17632}, {""price"": 16.45, ""orders"": 1, ""quantity"": 1}, {""price"": 0.0, ""orders"": 0, ""quantity"": 0}, {""price"": 0.0, ""orders"": 0, ""quantity"": 0}, {""price"": 0.0, ""orders"": 0, ""quantity"": 0}]"
2025-12-18 11:23:58.371438+05:30,137918212,MUDUNURU,16.15,2875,Thu Dec 18 11:15:00 IST 2025,16530,16.79,16.79,16.15,16.47,NULL,NULL,"[{""price"": 0.0, ""orders"": 0, ""quantity"": 0}, {""price"": 0.0, ""orders"": 0, ""quantity"": 0}, {""price"": 0.0, ""orders"": 0, ""quantity"": 0}, {""price"": 0.0, ""orders"": 0, ""quantity"": 0}, {""price"": 0.0, ""orders"": 0, ""quantity"": 0}]","[{""price"": 16.15, ""orders"": 5, ""quantity"": 17632}, {""price"": 16.45, ""orders"": 1, ""quantity"": 1}, {""price"": 0.0, ""orders"": 0, ""quantity"": 0}, {""price"": 0.0, ""orders"": 0, ""quantity"": 0}, {""price"": 0.0, ""orders"": 0, ""quantity"": 0}]"
2025-12-18 11:23:59.770915+05:30,137918212,MUDUNURU,16.15,2875,Thu Dec 18 11:15:00 IST 2025,16530,16.79,16.79,16.15,16.47,NULL,NULL,"[{""price"": 0.0, ""orders"": 0, ""quantity"": 0}, {""price"": 0.0, ""orders"": 0, ""quantity"": 0}, {""price"": 0.0, ""orders"": 0, ""quantity"": 0}, {""price"": 0.0, ""orders"": 0, ""quantity"": 0}, {""price"": 0.0, ""orders"": 0, ""quantity"": 0}]","[{""price"": 16.15, ""orders"": 5, ""quantity"": 17632}, {""price"": 16.45, ""orders"": 1, ""quantity"": 1}, {""price"": 0.0, ""orders"": 0, ""quantity"": 0}, {""price"": 0.0, ""orders"": 0, ""quantity"": 0}, {""price"": 0.0, ""orders"": 0, ""quantity"": 0}]"
2025-12-18 11:24:01.140666+05:30,137918212,MUDUNURU,16.15,2875,Thu Dec 18 11:15:00 IST 2025,16530,16.79,16.79,16.15,16.47,NULL,NULL,"[{""price"": 0.0, ""orders"": 0, ""quantity"": 0}, {""price"": 0.0, ""orders"": 0, ""quantity"": 0}, {""price"": 0.0, ""orders"": 0, ""quantity"": 0}, {""price"": 0.0, ""orders"": 0, ""quantity"": 0}, {""price"": 0.0, ""orders"": 0, ""quantity"": 0}]","[{""price"": 16.15, ""orders"": 5, ""quantity"": 17632}, {""price"": 16.45, ""orders"": 1, ""quantity"": 1}, {""price"": 0.0, ""orders"": 0, ""quantity"": 0}, {""price"": 0.0, ""orders"": 0, ""quantity"": 0}, {""price"": 0.0, ""orders"": 0, ""quantity"": 0}]"
2025-12-18 11:24:02.509258+05:30,137918212,MUDUNURU,16.15,2875,Thu Dec 18 11:15:00 IST 2025,16530,16.79,16.79,16.15,16.47,NULL,NULL,"[{""price"": 0.0, ""orders"": 0, ""quantity"": 0}, {""price"": 0.0, ""orders"": 0, ""quantity"": 0}, {""price"": 0.0, ""orders"": 0, ""quantity"": 0}, {""price"": 0.0, ""orders"": 0, ""quantity"": 0}, {""price"": 0.0, ""orders"": 0, ""quantity"": 0}]","[{""price"": 16.15, ""orders"": 5, ""quantity"": 17632}, {""price"": 16.45, ""orders"": 1, ""quantity"": 1}, {""price"": 0.0, ""orders"": 0, ""quantity"": 0}, {""price"": 0.0, ""orders"": 0, ""quantity"": 0}, {""price"": 0.0, ""orders"": 0, ""quantity"": 0}]"
2025-12-18 11:24:03.87154+05:30,137918212,MUDUNURU,16.15,2875,Thu Dec 18 11:15:00 IST 2025,16530,16.79,16.79,16.15,16.47,NULL,NULL,"[{""price"": 0.0, ""orders"": 0, ""quantity"": 0}, {""price"": 0.0, ""orders"": 0, ""quantity"": 0}, {""price"": 0.0, ""orders"": 0, ""quantity"": 0}, {""price"": 0.0, ""orders"": 0, ""quantity"": 0}, {""price"": 0.0, ""orders"": 0, ""quantity"": 0}]","[{""price"": 16.15, ""orders"": 5, ""quantity"": 17632}, {""price"": 16.45, ""orders"": 1, ""quantity"": 1}, {""price"": 0.0, ""orders"": 0, ""quantity"": 0}, {""price"": 0.0, ""orders"": 0, ""quantity"": 0}, {""price"": 0.0, ""orders"": 0, ""quantity"": 0}]"
2025-12-18 11:24:05.350696+05:30,137918212,MUDUNURU,16.15,2875,Thu Dec 18 11:15:00 IST 2025,16530,16.79,16.79,16.15,16.47,NULL,NULL,"[{""price"": 0.0, ""orders"": 0, ""quantity"": 0}, {""price"": 0.0, ""orders"": 0, ""quantity"": 0}, {""price"": 0.0, ""orders"": 0, ""quantity"": 0}, {""price"": 0.0, ""orders"": 0, ""quantity"": 0}, {""price"": 0.0, ""orders"": 0, ""quantity"": 0}]","[{""price"": 16.15, ""orders"": 5, ""quantity"": 17632}, {""price"": 16.45, ""orders"": 1, ""quantity"": 1}, {""price"": 0.0, ""orders"": 0, ""quantity"": 0}, {""price"": 0.0, ""orders"": 0, ""quantity"": 0}, {""price"": 0.0, ""orders"": 0, ""quantity"": 0}]"
2025-12-18 11:24:06.842866+05:30,137918212,MUDUNURU,16.15,2875,Thu Dec 18 11:15:00 IST 2025,16530,16.79,16.79,16.15,16.47,NULL,NULL,"[{""price"": 0.0, ""orders"": 0, ""quantity"": 0}, {""price"": 0.0, ""orders"": 0, ""quantity"": 0}, {""price"": 0.0, ""orders"": 0, ""quantity"": 0}, {""price"": 0.0, ""orders"": 0, ""quantity"": 0}, {""price"": 0.0, ""orders"": 0, ""quantity"": 0}]","[{""price"": 16.15, ""orders"": 5, ""quantity"": 17632}, {""price"": 16.45, ""orders"": 1, ""quantity"": 1}, {""price"": 0.0, ""orders"": 0, ""quantity"": 0}, {""price"": 0.0, ""orders"": 0, ""quantity"": 0}, {""price"": 0.0, ""orders"": 0, ""quantity"": 0}]"
2025-12-18 11:24:08.221741+05:30,137918212,MUDUNURU,16.15,2875,Thu Dec 18 11:15:00 IST 2025,16530,16.79,16.79,16.15,16.47,NULL,NULL,"[{""price"": 0.0, ""orders"": 0, ""quantity"": 0}, {""price"": 0.0, ""orders"": 0, ""quantity"": 0}, {""price"": 0.0, ""orders"": 0, ""quantity"": 0}, {""price"": 0.0, ""orders"": 0, ""quantity"": 0}, {""price"": 0.0, ""orders"": 0, ""quantity"": 0}]","[{""price"": 16.15, ""orders"": 5, ""quantity"": 17632}, {""price"": 16.45, ""orders"": 1, ""quantity"": 1}, {""price"": 0.0, ""orders"": 0, ""quantity"": 0}, {""price"": 0.0, ""orders"": 0, ""quantity"": 0}, {""price"": 0.0, ""orders"": 0, ""quantity"": 0}]"
2025-12-18 11:24:09.477405+05:30,137918212,MUDUNURU,16.15,2875,Thu Dec 18 11:15:00 IST 2025,16530,16.79,16.79,16.15,16.47,16.15,16.79,"[{""price"": 0.0, ""orders"": 0, ""quantity"": 0}, {""price"": 0.0, ""orders"": 0, ""quantity"": 0}, {""price"": 0.0, ""orders"": 0, ""quantity"": 0}, {""price"": 0.0, ""orders"": 0, ""quantity"": 0}, {""price"": 0.0, ""orders"": 0, ""quantity"": 0}]","[{""price"": 16.15, ""orders"": 5, ""quantity"": 17632}, {""price"": 16.45, ""orders"": 1, ""quantity"": 1}, {""price"": 0.0, ""orders"": 0, ""quantity"": 0}, {""price"": 0.0, ""orders"": 0, ""quantity"": 0}, {""price"": 0.0, ""orders"": 0, ""quantity"": 0}]"
2025-12-18 11:24:10.950023+05:30,137918212,MUDUNURU,16.15,2875,Thu Dec 18 11:15:00 IST 2025,16530,16.79,16.79,16.15,16.47,NULL,NULL,"[{""price"": 0.0, ""orders"": 0, ""quantity"": 0}, {""price"": 0.0, ""orders"": 0, ""quantity"": 0}, {""price"": 0.0, ""orders"": 0, ""quantity"": 0}, {""price"": 0.0, ""orders"": 0, ""quantity"": 0}, {""price"": 0.0, ""orders"": 0, ""quantity"": 0}]","[{""price"": 16.15, ""orders"": 5, ""quantity"": 17632}, {""price"": 16.45, ""orders"": 1, ""quantity"": 1}, {""price"": 0.0, ""orders"": 0, ""quantity"": 0}, {""price"": 0.0, ""orders"": 0, ""quantity"": 0}, {""price"": 0.0, ""orders"": 0, ""quantity"": 0}]"
2025-12-18 11:24:12.329676+05:30,137918212,MUDUNURU,16.15,2875,Thu Dec 18 11:15:00 IST 2025,16530,16.79,16.79,16.15,16.47,NULL,NULL,"[{""price"": 0.0, ""orders"": 0, ""quantity"": 0}, {""price"": 0.0, ""orders"": 0, ""quantity"": 0}, {""price"": 0.0, ""orders"": 0, ""quantity"": 0}, {""price"": 0.0, ""orders"": 0, ""quantity"": 0}, {""price"": 0.0, ""orders"": 0, ""quantity"": 0}]","[{""price"": 16.15, ""orders"": 5, ""quantity"": 17632}, {""price"": 16.45, ""orders"": 1, ""quantity"": 1}, {""price"": 0.0, ""orders"": 0, ""quantity"": 0}, {""price"": 0.0, ""orders"": 0, ""quantity"": 0}, {""price"": 0.0, ""orders"": 0, ""quantity"": 0}]"
2025-12-18 11:24:13.706499+05:30,137918212,MUDUNURU,16.15,2875,Thu Dec 18 11:15:00 IST 2025,16530,16.79,16.79,16.15,16.47,NULL,NULL,"[{""price"": 0.0, ""orders"": 0, ""quantity"": 0}, {""price"": 0.0, ""orders"": 0, ""quantity"": 0}, {""price"": 0.0, ""orders"": 0, ""quantity"": 0}, {""price"": 0.0, ""orders"": 0, ""quantity"": 0}, {""price"": 0.0, ""orders"": 0, ""quantity"": 0}]","[{""price"": 16.15, ""orders"": 5, ""quantity"": 17632}, {""price"": 16.45, ""orders"": 1, ""quantity"": 1}, {""price"": 0.0, ""orders"": 0, ""quantity"": 0}, {""price"": 0.0, ""orders"": 0, ""quantity"": 0}, {""price"": 0.0, ""orders"": 0, ""quantity"": 0}]"
2025-12-18 11:24:15.077531+05:30,137918212,MUDUNURU,16.15,2875,Thu Dec 18 11:15:00 IST 2025,16530,16.79,16.79,16.15,16.47,NULL,NULL,"[{""price"": 0.0, ""orders"": 0, ""quantity"": 0}, {""price"": 0.0, ""orders"": 0, ""quantity"": 0}, {""price"": 0.0, ""orders"": 0, ""quantity"": 0}, {""price"": 0.0, ""orders"": 0, ""quantity"": 0}, {""price"": 0.0, ""orders"": 0, ""quantity"": 0}]","[{""price"": 16.15, ""orders"": 5, ""quantity"": 17632}, {""price"": 16.45, ""orders"": 1, ""quantity"": 1}, {""price"": 0.0, ""orders"": 0, ""quantity"": 0}, {""price"": 0.0, ""orders"": 0, ""quantity"": 0}, {""price"": 0.0, ""orders"": 0, ""quantity"": 0}]"
2025-12-18 11:24:16.429598+05:30,137918212,MUDUNURU,16.15,2875,Thu Dec 18 11:15:00 IST 2025,16530,16.79,16.79,16.15,16.47,NULL,NULL,"[{""price"": 0.0, ""orders"": 0, ""quantity"": 0}, {""price"": 0.0, ""orders"": 0, ""quantity"": 0}, {""price"": 0.0, ""orders"": 0, ""quantity"": 0}, {""price"": 0.0, ""orders"": 0, ""quantity"": 0}, {""price"": 0.0, ""orders"": 0, ""quantity"": 0}]","[{""price"": 16.15, ""orders"": 5, ""quantity"": 17632}, {""price"": 16.45, ""orders"": 1, ""quantity"": 1}, {""price"": 0.0, ""orders"": 0, ""quantity"": 0}, {""price"": 0.0, ""orders"": 0, ""quantity"": 0}, {""price"": 0.0, ""orders"": 0, ""quantity"": 0}]"
2025-12-18 11:24:17.827683+05:30,137918212,MUDUNURU,16.15,2875,Thu Dec 18 11:15:00 IST 2025,16530,16.79,16.79,16.15,16.47,NULL,NULL,"[{""price"": 0.0, ""orders"": 0, ""quantity"": 0}, {""price"": 0.0, ""orders"": 0, ""quantity"": 0}, {""price"": 0.0, ""orders"": 0, ""quantity"": 0}, {""price"": 0.0, ""orders"": 0, ""quantity"": 0}, {""price"": 0.0, ""orders"": 0, ""quantity"": 0}]","[{""price"": 16.15, ""orders"": 5, ""quantity"": 17632}, {""price"": 16.45, ""orders"": 1, ""quantity"": 1}, {""price"": 0.0, ""orders"": 0, ""quantity"": 0}, {""price"": 0.0, ""orders"": 0, ""quantity"": 0}, {""price"": 0.0, ""orders"": 0, ""quantity"": 0}]"
2025-12-18 11:24:18.977822+05:30,137918212,MUDUNURU,16.15,2875,Thu Dec 18 11:15:00 IST 2025,16530,16.79,16.79,16.15,16.47,16.15,16.79,"[{""price"": 0.0, ""orders"": 0, ""quantity"": 0}, {""price"": 0.0, ""orders"": 0, ""quantity"": 0}, {""price"": 0.0, ""orders"": 0, ""quantity"": 0}, {""price"": 0.0, ""orders"": 0, ""quantity"": 0}, {""price"": 0.0, ""orders"": 0, ""quantity"": 0}]","[{""price"": 16.15, ""orders"": 5, ""quantity"": 17632}, {""price"": 16.45, ""orders"": 1, ""quantity"": 1}, {""price"": 0.0, ""orders"": 0, ""quantity"": 0}, {""price"": 0.0, ""orders"": 0, ""quantity"": 0}, {""price"": 0.0, ""orders"": 0, ""quantity"": 0}]"
2025-12-18 11:24:20.665731+05:30,137918212,MUDUNURU,16.15,2875,Thu Dec 18 11:15:00 IST 2025,16530,16.79,16.79,16.15,16.47,NULL,NULL,"[{""price"": 0.0, ""orders"": 0, ""quantity"": 0}, {""price"": 0.0, ""orders"": 0, ""quantity"": 0}, {""price"": 0.0, ""orders"": 0, ""quantity"": 0}, {""price"": 0.0, ""orders"": 0, ""quantity"": 0}, {""price"": 0.0, ""orders"": 0, ""quantity"": 0}]","[{""price"": 16.15, ""orders"": 5, ""quantity"": 17632}, {""price"": 16.45, ""orders"": 1, ""quantity"": 1}, {""price"": 0.0, ""orders"": 0, ""quantity"": 0}, {""price"": 0.0, ""orders"": 0, ""quantity"": 0}, {""price"": 0.0, ""orders"": 0, ""quantity"": 0}]"
2025-12-18 11:24:22.071066+05:30,137918212,MUDUNURU,16.15,2875,Thu Dec 18 11:15:00 IST 2025,16530,16.79,16.79,16.15,16.47,NULL,NULL,"[{""price"": 0.0, ""orders"": 0, ""quantity"": 0}, {""price"": 0.0, ""orders"": 0, ""quantity"": 0}, {""price"": 0.0, ""orders"": 0, ""quantity"": 0}, {""price"": 0.0, ""orders"": 0, ""quantity"": 0}, {""price"": 0.0, ""orders"": 0, ""quantity"": 0}]","[{""price"": 16.15, ""orders"": 5, ""quantity"": 17632}, {""price"": 16.45, ""orders"": 1, ""quantity"": 1}, {""price"": 0.0, ""orders"": 0, ""quantity"": 0}, {""price"": 0.0, ""orders"": 0, ""quantity"": 0}, {""price"": 0.0, ""orders"": 0, ""quantity"": 0}]"
2025-12-18 11:24:23.400235+05:30,137918212,MUDUNURU,16.15,2875,Thu Dec 18 11:15:00 IST 2025,16530,16.79,16.79,16.15,16.47,NULL,NULL,"[{""price"": 0.0, ""orders"": 0, ""quantity"": 0}, {""price"": 0.0, ""orders"": 0, ""quantity"": 0}, {""price"": 0.0, ""orders"": 0, ""quantity"": 0}, {""price"": 0.0, ""orders"": 0, ""quantity"": 0}, {""price"": 0.0, ""orders"": 0, ""quantity"": 0}]","[{""price"": 16.15, ""orders"": 5, ""quantity"": 17632}, {""price"": 16.45, ""orders"": 1, ""quantity"": 1}, {""price"": 0.0, ""orders"": 0, ""quantity"": 0}, {""price"": 0.0, ""orders"": 0, ""quantity"": 0}, {""price"": 0.0, ""orders"": 0, ""quantity"": 0}]"
2025-12-18 11:24:24.891758+05:30,137918212,MUDUNURU,16.15,2875,Thu Dec 18 11:15:00 IST 2025,16530,16.79,16.79,16.15,16.47,NULL,NULL,"[{""price"": 0.0, ""orders"": 0, ""quantity"": 0}, {""price"": 0.0, ""orders"": 0, ""quantity"": 0}, {""price"": 0.0, ""orders"": 0, ""quantity"": 0}, {""price"": 0.0, ""orders"": 0, ""quantity"": 0}, {""price"": 0.0, ""orders"": 0, ""quantity"": 0}]","[{""price"": 16.15, ""orders"": 5, ""quantity"": 17632}, {""price"": 16.45, ""orders"": 1, ""quantity"": 1}, {""price"": 0.0, ""orders"": 0, ""quantity"": 0}, {""price"": 0.0, ""orders"": 0, ""quantity"": 0}, {""price"": 0.0, ""orders"": 0, ""quantity"": 0}]"
2025-12-18 11:24:26.193131+05:30,137918212,MUDUNURU,16.15,2875,Thu Dec 18 11:15:00 IST 2025,16530,16.79,16.79,16.15,16.47,NULL,NULL,"[{""price"": 0.0, ""orders"": 0, ""quantity"": 0}, {""price"": 0.0, ""orders"": 0, ""quantity"": 0}, {""price"": 0.0, ""orders"": 0, ""quantity"": 0}, {""price"": 0.0, ""orders"": 0, ""quantity"": 0}, {""price"": 0.0, ""orders"": 0, ""quantity"": 0}]","[{""price"": 16.15, ""orders"": 5, ""quantity"": 17632}, {""price"": 16.45, ""orders"": 1, ""quantity"": 1}, {""price"": 0.0, ""orders"": 0, ""quantity"": 0}, {""price"": 0.0, ""orders"": 0, ""quantity"": 0}, {""price"": 0.0, ""orders"": 0, ""quantity"": 0}]"
2025-12-18 11:24:27.608722+05:30,137918212,MUDUNURU,16.15,2875,Thu Dec 18 11:15:00 IST 2025,16530,16.79,16.79,16.15,16.47,NULL,NULL,"[{""price"": 0.0, ""orders"": 0, ""quantity"": 0}, {""price"": 0.0, ""orders"": 0, ""quantity"": 0}, {""price"": 0.0, ""orders"": 0, ""quantity"": 0}, {""price"": 0.0, ""orders"": 0, ""quantity"": 0}, {""price"": 0.0, ""orders"": 0, ""quantity"": 0}]","[{""price"": 16.15, ""orders"": 5, ""quantity"": 17632}, {""price"": 16.45, ""orders"": 1, ""quantity"": 1}, {""price"": 0.0, ""orders"": 0, ""quantity"": 0}, {""price"": 0.0, ""orders"": 0, ""quantity"": 0}, {""price"": 0.0, ""orders"": 0, ""quantity"": 0}]"
2025-12-18 11:24:29.008775+05:30,137918212,MUDUNURU,16.15,2875,Thu Dec 18 11:15:00 IST 2025,16530,16.79,16.79,16.15,16.47,NULL,NULL,"[{""price"": 0.0, ""orders"": 0, ""quantity"": 0}, {""price"": 0.0, ""orders"": 0, ""quantity"": 0}, {""price"": 0.0, ""orders"": 0, ""quantity"": 0}, {""price"": 0.0, ""orders"": 0, ""quantity"": 0}, {""price"": 0.0, ""orders"": 0, ""quantity"": 0}]","[{""price"": 16.15, ""orders"": 5, ""quantity"": 17632}, {""price"": 16.45, ""orders"": 1, ""quantity"": 1}, {""price"": 0.0, ""orders"": 0, ""quantity"": 0}, {""price"": 0.0, ""orders"": 0, ""quantity"": 0}, {""price"": 0.0, ""orders"": 0, ""quantity"": 0}]"
2025-12-18 11:24:30.403926+05:30,137918212,MUDUNURU,16.15,2875,Thu Dec 18 11:15:00 IST 2025,16530,16.79,16.79,16.15,16.47,NULL,NULL,"[{""price"": 0.0, ""orders"": 0, ""quantity"": 0}, {""price"": 0.0, ""orders"": 0, ""quantity"": 0}, {""price"": 0.0, ""orders"": 0, ""quantity"": 0}, {""price"": 0.0, ""orders"": 0, ""quantity"": 0}, {""price"": 0.0, ""orders"": 0, ""quantity"": 0}]","[{""price"": 16.15, ""orders"": 5, ""quantity"": 17632}, {""price"": 16.45, ""orders"": 1, ""quantity"": 1}, {""price"": 0.0, ""orders"": 0, ""quantity"": 0}, {""price"": 0.0, ""orders"": 0, ""quantity"": 0}, {""price"": 0.0, ""orders"": 0, ""quantity"": 0}]"
2025-12-18 11:24:31.696252+05:30,137918212,MUDUNURU,16.15,2875,Thu Dec 18 11:15:00 IST 2025,16530,16.79,16.79,16.15,16.47,NULL,NULL,"[{""price"": 0.0, ""orders"": 0, ""quantity"": 0}, {""price"": 0.0, ""orders"": 0, ""quantity"": 0}, {""price"": 0.0, ""orders"": 0, ""quantity"": 0}, {""price"": 0.0, ""orders"": 0, ""quantity"": 0}, {""price"": 0.0, ""orders"": 0, ""quantity"": 0}]","[{""price"": 16.15, ""orders"": 5, ""quantity"": 17632}, {""price"": 16.45, ""orders"": 1, ""quantity"": 1}, {""price"": 0.0, ""orders"": 0, ""quantity"": 0}, {""price"": 0.0, ""orders"": 0, ""quantity"": 0}, {""price"": 0.0, ""orders"": 0, ""quantity"": 0}]"
2025-12-18 11:24:33.066691+05:30,137918212,MUDUNURU,16.15,2875,Thu Dec 18 11:15:00 IST 2025,16530,16.79,16.79,16.15,16.47,NULL,NULL,"[{""price"": 0.0, ""orders"": 0, ""quantity"": 0}, {""price"": 0.0, ""orders"": 0, ""quantity"": 0}, {""price"": 0.0, ""orders"": 0, ""quantity"": 0}, {""price"": 0.0, ""orders"": 0, ""quantity"": 0}, {""price"": 0.0, ""orders"": 0, ""quantity"": 0}]","[{""price"": 16.15, ""orders"": 5, ""quantity"": 17632}, {""price"": 16.45, ""orders"": 1, ""quantity"": 1}, {""price"": 0.0, ""orders"": 0, ""quantity"": 0}, {""price"": 0.0, ""orders"": 0, ""quantity"": 0}, {""price"": 0.0, ""orders"": 0, ""quantity"": 0}]"
2025-12-18 11:24:34.478347+05:30,137918212,MUDUNURU,16.15,2875,Thu Dec 18 11:15:00 IST 2025,16530,16.79,16.79,16.15,16.47,NULL,NULL,"[{""price"": 0.0, ""orders"": 0, ""quantity"": 0}, {""price"": 0.0, ""orders"": 0, ""quantity"": 0}, {""price"": 0.0, ""orders"": 0, ""quantity"": 0}, {""price"": 0.0, ""orders"": 0, ""quantity"": 0}, {""price"": 0.0, ""orders"": 0, ""quantity"": 0}]","[{""price"": 16.15, ""orders"": 5, ""quantity"": 17632}, {""price"": 16.45, ""orders"": 1, ""quantity"": 1}, {""price"": 0.0, ""orders"": 0, ""quantity"": 0}, {""price"": 0.0, ""orders"": 0, ""quantity"": 0}, {""price"": 0.0, ""orders"": 0, ""quantity"": 0}]"
2025-12-18 11:24:35.847228+05:30,137918212,MUDUNURU,16.15,2875,Thu Dec 18 11:15:00 IST 2025,16530,16.79,16.79,16.15,16.47,NULL,NULL,"[{""price"": 0.0, ""orders"": 0, ""quantity"": 0}, {""price"": 0.0, ""orders"": 0, ""quantity"": 0}, {""price"": 0.0, ""orders"": 0, ""quantity"": 0}, {""price"": 0.0, ""orders"": 0, ""quantity"": 0}, {""price"": 0.0, ""orders"": 0, ""quantity"": 0}]","[{""price"": 16.15, ""orders"": 5, ""quantity"": 17632}, {""price"": 16.45, ""orders"": 1, ""quantity"": 1}, {""price"": 0.0, ""orders"": 0, ""quantity"": 0}, {""price"": 0.0, ""orders"": 0, ""quantity"": 0}, {""price"": 0.0, ""orders"": 0, ""quantity"": 0}]"
2025-12-18 11:24:37.098808+05:30,137918212,MUDUNURU,16.15,2875,Thu Dec 18 11:15:00 IST 2025,16530,16.79,16.79,16.15,16.47,NULL,NULL,"[{""price"": 0.0, ""orders"": 0, ""quantity"": 0}, {""price"": 0.0, ""orders"": 0, ""quantity"": 0}, {""price"": 0.0, ""orders"": 0, ""quantity"": 0}, {""price"": 0.0, ""orders"": 0, ""quantity"": 0}, {""price"": 0.0, ""orders"": 0, ""quantity"": 0}]","[{""price"": 16.15, ""orders"": 5, ""quantity"": 17632}, {""price"": 16.45, ""orders"": 1, ""quantity"": 1}, {""price"": 0.0, ""orders"": 0, ""quantity"": 0}, {""price"": 0.0, ""orders"": 0, ""quantity"": 0}, {""price"": 0.0, ""orders"": 0, ""quantity"": 0}]"
2025-12-18 11:24:38.509941+05:30,137918212,MUDUNURU,16.15,2875,Thu Dec 18 11:15:00 IST 2025,16530,16.79,16.79,16.15,16.47,NULL,NULL,"[{""price"": 0.0, ""orders"": 0, ""quantity"": 0}, {""price"": 0.0, ""orders"": 0, ""quantity"": 0}, {""price"": 0.0, ""orders"": 0, ""quantity"": 0}, {""price"": 0.0, ""orders"": 0, ""quantity"": 0}, {""price"": 0.0, ""orders"": 0, ""quantity"": 0}]","[{""price"": 16.15, ""orders"": 5, ""quantity"": 17632}, {""price"": 16.45, ""orders"": 1, ""quantity"": 1}, {""price"": 0.0, ""orders"": 0, ""quantity"": 0}, {""price"": 0.0, ""orders"": 0, ""quantity"": 0}, {""price"": 0.0, ""orders"": 0, ""quantity"": 0}]"
2025-12-18 11:24:39.719783+05:30,137918212,MUDUNURU,16.15,2875,Thu Dec 18 11:15:00 IST 2025,16530,16.79,16.79,16.15,16.47,16.15,16.79,"[{""price"": 0.0, ""orders"": 0, ""quantity"": 0}, {""price"": 0.0, ""orders"": 0, ""quantity"": 0}, {""price"": 0.0, ""orders"": 0, ""quantity"": 0}, {""price"": 0.0, ""orders"": 0, ""quantity"": 0}, {""price"": 0.0, ""orders"": 0, ""quantity"": 0}]","[{""price"": 16.15, ""orders"": 5, ""quantity"": 17632}, {""price"": 16.45, ""orders"": 1, ""quantity"": 1}, {""price"": 0.0, ""orders"": 0, ""quantity"": 0}, {""price"": 0.0, ""orders"": 0, ""quantity"": 0}, {""price"": 0.0, ""orders"": 0, ""quantity"": 0}]"
2025-12-18 11:24:41.300931+05:30,137918212,MUDUNURU,16.15,2875,Thu Dec 18 11:15:00 IST 2025,16530,16.79,16.79,16.15,16.47,NULL,NULL,"[{""price"": 0.0, ""orders"": 0, ""quantity"": 0}, {""price"": 0.0, ""orders"": 0, ""quantity"": 0}, {""price"": 0.0, ""orders"": 0, ""quantity"": 0}, {""price"": 0.0, ""orders"": 0, ""quantity"": 0}, {""price"": 0.0, ""orders"": 0, ""quantity"": 0}]","[{""price"": 16.15, ""orders"": 5, ""quantity"": 17632}, {""price"": 16.45, ""orders"": 1, ""quantity"": 1}, {""price"": 0.0, ""orders"": 0, ""quantity"": 0}, {""price"": 0.0, ""orders"": 0, ""quantity"": 0}, {""price"": 0.0, ""orders"": 0, ""quantity"": 0}]"
2025-12-18 11:24:42.7084+05:30,137918212,MUDUNURU,16.15,2875,Thu Dec 18 11:15:00 IST 2025,16530,16.79,16.79,16.15,16.47,NULL,NULL,"[{""price"": 0.0, ""orders"": 0, ""quantity"": 0}, {""price"": 0.0, ""orders"": 0, ""quantity"": 0}, {""price"": 0.0, ""orders"": 0, ""quantity"": 0}, {""price"": 0.0, ""orders"": 0, ""quantity"": 0}, {""price"": 0.0, ""orders"": 0, ""quantity"": 0}]","[{""price"": 16.15, ""orders"": 5, ""quantity"": 17632}, {""price"": 16.45, ""orders"": 1, ""quantity"": 1}, {""price"": 0.0, ""orders"": 0, ""quantity"": 0}, {""price"": 0.0, ""orders"": 0, ""quantity"": 0}, {""price"": 0.0, ""orders"": 0, ""quantity"": 0}]"
2025-12-18 11:24:44.0484+05:30,137918212,MUDUNURU,16.15,2875,Thu Dec 18 11:15:00 IST 2025,16530,16.79,16.79,16.15,16.47,NULL,NULL,"[{""price"": 0.0, ""orders"": 0, ""quantity"": 0}, {""price"": 0.0, ""orders"": 0, ""quantity"": 0}, {""price"": 0.0, ""orders"": 0, ""quantity"": 0}, {""price"": 0.0, ""orders"": 0, ""quantity"": 0}, {""price"": 0.0, ""orders"": 0, ""quantity"": 0}]","[{""price"": 16.15, ""orders"": 5, ""quantity"": 17632}, {""price"": 16.45, ""orders"": 1, ""quantity"": 1}, {""price"": 0.0, ""orders"": 0, ""quantity"": 0}, {""price"": 0.0, ""orders"": 0, ""quantity"": 0}, {""price"": 0.0, ""orders"": 0, ""quantity"": 0}]"
2025-12-18 11:24:45.35451+05:30,137918212,MUDUNURU,16.15,2875,Thu Dec 18 11:15:00 IST 2025,16530,16.79,16.79,16.15,16.47,NULL,NULL,"[{""price"": 0.0, ""orders"": 0, ""quantity"": 0}, {""price"": 0.0, ""orders"": 0, ""quantity"": 0}, {""price"": 0.0, ""orders"": 0, ""quantity"": 0}, {""price"": 0.0, ""orders"": 0, ""quantity"": 0}, {""price"": 0.0, ""orders"": 0, ""quantity"": 0}]","[{""price"": 16.15, ""orders"": 5, ""quantity"": 17632}, {""price"": 16.45, ""orders"": 1, ""quantity"": 1}, {""price"": 0.0, ""orders"": 0, ""quantity"": 0}, {""price"": 0.0, ""orders"": 0, ""quantity"": 0}, {""price"": 0.0, ""orders"": 0, ""quantity"": 0}]"
2025-12-18 11:24:46.727344+05:30,137918212,MUDUNURU,16.15,2875,Thu Dec 18 11:15:00 IST 2025,16530,16.79,16.79,16.15,16.47,NULL,NULL,"[{""price"": 0.0, ""orders"": 0, ""quantity"": 0}, {""price"": 0.0, ""orders"": 0, ""quantity"": 0}, {""price"": 0.0, ""orders"": 0, ""quantity"": 0}, {""price"": 0.0, ""orders"": 0, ""quantity"": 0}, {""price"": 0.0, ""orders"": 0, ""quantity"": 0}]","[{""price"": 16.15, ""orders"": 5, ""quantity"": 17632}, {""price"": 16.45, ""orders"": 1, ""quantity"": 1}, {""price"": 0.0, ""orders"": 0, ""quantity"": 0}, {""price"": 0.0, ""orders"": 0, ""quantity"": 0}, {""price"": 0.0, ""orders"": 0, ""quantity"": 0}]"
2025-12-18 11:24:48.111627+05:30,137918212,MUDUNURU,16.15,2875,Thu Dec 18 11:15:00 IST 2025,16530,16.79,16.79,16.15,16.47,NULL,NULL,"[{""price"": 0.0, ""orders"": 0, ""quantity"": 0}, {""price"": 0.0, ""orders"": 0, ""quantity"": 0}, {""price"": 0.0, ""orders"": 0, ""quantity"": 0}, {""price"": 0.0, ""orders"": 0, ""quantity"": 0}, {""price"": 0.0, ""orders"": 0, ""quantity"": 0}]","[{""price"": 16.15, ""orders"": 5, ""quantity"": 17632}, {""price"": 16.45, ""orders"": 1, ""quantity"": 1}, {""price"": 0.0, ""orders"": 0, ""quantity"": 0}, {""price"": 0.0, ""orders"": 0, ""quantity"": 0}, {""price"": 0.0, ""orders"": 0, ""quantity"": 0}]"
2025-12-18 11:24:49.490021+05:30,137918212,MUDUNURU,16.15,2875,Thu Dec 18 11:15:00 IST 2025,16530,16.79,16.79,16.15,16.47,NULL,NULL,"[{""price"": 0.0, ""orders"": 0, ""quantity"": 0}, {""price"": 0.0, ""orders"": 0, ""quantity"": 0}, {""price"": 0.0, ""orders"": 0, ""quantity"": 0}, {""price"": 0.0, ""orders"": 0, ""quantity"": 0}, {""price"": 0.0, ""orders"": 0, ""quantity"": 0}]","[{""price"": 16.15, ""orders"": 5, ""quantity"": 17632}, {""price"": 16.45, ""orders"": 1, ""quantity"": 1}, {""price"": 0.0, ""orders"": 0, ""quantity"": 0}, {""price"": 0.0, ""orders"": 0, ""quantity"": 0}, {""price"": 0.0, ""orders"": 0, ""quantity"": 0}]"
2025-12-18 11:24:50.892884+05:30,137918212,MUDUNURU,16.15,2875,Thu Dec 18 11:15:00 IST 2025,16530,16.79,16.79,16.15,16.47,NULL,NULL,"[{""price"": 0.0, ""orders"": 0, ""quantity"": 0}, {""price"": 0.0, ""orders"": 0, ""quantity"": 0}, {""price"": 0.0, ""orders"": 0, ""quantity"": 0}, {""price"": 0.0, ""orders"": 0, ""quantity"": 0}, {""price"": 0.0, ""orders"": 0, ""quantity"": 0}]","[{""price"": 16.15, ""orders"": 5, ""quantity"": 17632}, {""price"": 16.45, ""orders"": 1, ""quantity"": 1}, {""price"": 0.0, ""orders"": 0, ""quantity"": 0}, {""price"": 0.0, ""orders"": 0, ""quantity"": 0}, {""price"": 0.0, ""orders"": 0, ""quantity"": 0}]"
2025-12-18 11:24:52.249343+05:30,137918212,MUDUNURU,16.15,2875,Thu Dec 18 11:15:00 IST 2025,16530,16.79,16.79,16.15,16.47,NULL,NULL,"[{""price"": 0.0, ""orders"": 0, ""quantity"": 0}, {""price"": 0.0, ""orders"": 0, ""quantity"": 0}, {""price"": 0.0, ""orders"": 0, ""quantity"": 0}, {""price"": 0.0, ""orders"": 0, ""quantity"": 0}, {""price"": 0.0, ""orders"": 0, ""quantity"": 0}]","[{""price"": 16.15, ""orders"": 5, ""quantity"": 17632}, {""price"": 16.45, ""orders"": 1, ""quantity"": 1}, {""price"": 0.0, ""orders"": 0, ""quantity"": 0}, {""price"": 0.0, ""orders"": 0, ""quantity"": 0}, {""price"": 0.0, ""orders"": 0, ""quantity"": 0}]"
2025-12-18 11:24:53.543547+05:30,137918212,MUDUNURU,16.15,2875,Thu Dec 18 11:15:00 IST 2025,16530,16.79,16.79,16.15,16.47,NULL,NULL,"[{""price"": 0.0, ""orders"": 0, ""quantity"": 0}, {""price"": 0.0, ""orders"": 0, ""quantity"": 0}, {""price"": 0.0, ""orders"": 0, ""quantity"": 0}, {""price"": 0.0, ""orders"": 0, ""quantity"": 0}, {""price"": 0.0, ""orders"": 0, ""quantity"": 0}]","[{""price"": 16.15, ""orders"": 5, ""quantity"": 17632}, {""price"": 16.45, ""orders"": 1, ""quantity"": 1}, {""price"": 0.0, ""orders"": 0, ""quantity"": 0}, {""price"": 0.0, ""orders"": 0, ""quantity"": 0}, {""price"": 0.0, ""orders"": 0, ""quantity"": 0}]"
2025-12-18 11:24:54.984399+05:30,137918212,MUDUNURU,16.15,2875,Thu Dec 18 11:15:00 IST 2025,16530,16.79,16.79,16.15,16.47,NULL,NULL,"[{""price"": 0.0, ""orders"": 0, ""quantity"": 0}, {""price"": 0.0, ""orders"": 0, ""quantity"": 0}, {""price"": 0.0, ""orders"": 0, ""quantity"": 0}, {""price"": 0.0, ""orders"": 0, ""quantity"": 0}, {""price"": 0.0, ""orders"": 0, ""quantity"": 0}]","[{""price"": 16.15, ""orders"": 5, ""quantity"": 17632}, {""price"": 16.45, ""orders"": 1, ""quantity"": 1}, {""price"": 0.0, ""orders"": 0, ""quantity"": 0}, {""price"": 0.0, ""orders"": 0, ""quantity"": 0}, {""price"": 0.0, ""orders"": 0, ""quantity"": 0}]"
2025-12-18 11:24:56.316774+05:30,137918212,MUDUNURU,16.15,2875,Thu Dec 18 11:15:00 IST 2025,16530,16.79,16.79,16.15,16.47,NULL,NULL,"[{""price"": 0.0, ""orders"": 0, ""quantity"": 0}, {""price"": 0.0, ""orders"": 0, ""quantity"": 0}, {""price"": 0.0, ""orders"": 0, ""quantity"": 0}, {""price"": 0.0, ""orders"": 0, ""quantity"": 0}, {""price"": 0.0, ""orders"": 0, ""quantity"": 0}]","[{""price"": 16.15, ""orders"": 5, ""quantity"": 17632}, {""price"": 16.45, ""orders"": 1, ""quantity"": 1}, {""price"": 0.0, ""orders"": 0, ""quantity"": 0}, {""price"": 0.0, ""orders"": 0, ""quantity"": 0}, {""price"": 0.0, ""orders"": 0, ""quantity"": 0}]"
2025-12-18 11:24:57.736532+05:30,137918212,MUDUNURU,16.15,2875,Thu Dec 18 11:15:00 IST 2025,16530,16.79,16.79,16.15,16.47,NULL,NULL,"[{""price"": 0.0, ""orders"": 0, ""quantity"": 0}, {""price"": 0.0, ""orders"": 0, ""quantity"": 0}, {""price"": 0.0, ""orders"": 0, ""quantity"": 0}, {""price"": 0.0, ""orders"": 0, ""quantity"": 0}, {""price"": 0.0, ""orders"": 0, ""quantity"": 0}]","[{""price"": 16.15, ""orders"": 5, ""quantity"": 17632}, {""price"": 16.45, ""orders"": 1, ""quantity"": 1}, {""price"": 0.0, ""orders"": 0, ""quantity"": 0}, {""price"": 0.0, ""orders"": 0, ""quantity"": 0}, {""price"": 0.0, ""orders"": 0, ""quantity"": 0}]"
2025-12-18 11:24:59.121415+05:30,137918212,MUDUNURU,16.15,2875,Thu Dec 18 11:15:00 IST 2025,16530,16.79,16.79,16.15,16.47,NULL,NULL,"[{""price"": 0.0, ""orders"": 0, ""quantity"": 0}, {""price"": 0.0, ""orders"": 0, ""quantity"": 0}, {""price"": 0.0, ""orders"": 0, ""quantity"": 0}, {""price"": 0.0, ""orders"": 0, ""quantity"": 0}, {""price"": 0.0, ""orders"": 0, ""quantity"": 0}]","[{""price"": 16.15, ""orders"": 5, ""quantity"": 17632}, {""price"": 16.45, ""orders"": 1, ""quantity"": 1}, {""price"": 0.0, ""orders"": 0, ""quantity"": 0}, {""price"": 0.0, ""orders"": 0, ""quantity"": 0}, {""price"": 0.0, ""orders"": 0, ""quantity"": 0}]"
2025-12-18 11:25:00.49155+05:30,137918212,MUDUNURU,16.15,2875,Thu Dec 18 11:15:00 IST 2025,16530,16.79,16.79,16.15,16.47,NULL,NULL,"[{""price"": 0.0, ""orders"": 0, ""quantity"": 0}, {""price"": 0.0, ""orders"": 0, ""quantity"": 0}, {""price"": 0.0, ""orders"": 0, ""quantity"": 0}, {""price"": 0.0, ""orders"": 0, ""quantity"": 0}, {""price"": 0.0, ""orders"": 0, ""quantity"": 0}]","[{""price"": 16.15, ""orders"": 5, ""quantity"": 17632}, {""price"": 16.45, ""orders"": 1, ""quantity"": 1}, {""price"": 0.0, ""orders"": 0, ""quantity"": 0}, {""price"": 0.0, ""orders"": 0, ""quantity"": 0}, {""price"": 0.0, ""orders"": 0, ""quantity"": 0}]"
2025-12-18 11:25:01.777511+05:30,137918212,MUDUNURU,16.15,2875,Thu Dec 18 11:15:00 IST 2025,16530,16.79,16.79,16.15,16.47,NULL,NULL,"[{""price"": 0.0, ""orders"": 0, ""quantity"": 0}, {""price"": 0.0, ""orders"": 0, ""quantity"": 0}, {""price"": 0.0, ""orders"": 0, ""quantity"": 0}, {""price"": 0.0, ""orders"": 0, ""quantity"": 0}, {""price"": 0.0, ""orders"": 0, ""quantity"": 0}]","[{""price"": 16.15, ""orders"": 5, ""quantity"": 17632}, {""price"": 16.45, ""orders"": 1, ""quantity"": 1}, {""price"": 0.0, ""orders"": 0, ""quantity"": 0}, {""price"": 0.0, ""orders"": 0, ""quantity"": 0}, {""price"": 0.0, ""orders"": 0, ""quantity"": 0}]"
2025-12-18 11:25:03.195258+05:30,137918212,MUDUNURU,16.15,2875,Thu Dec 18 11:15:00 IST 2025,16530,16.79,16.79,16.15,16.47,NULL,NULL,"[{""price"": 0.0, ""orders"": 0, ""quantity"": 0}, {""price"": 0.0, ""orders"": 0, ""quantity"": 0}, {""price"": 0.0, ""orders"": 0, ""quantity"": 0}, {""price"": 0.0, ""orders"": 0, ""quantity"": 0}, {""price"": 0.0, ""orders"": 0, ""quantity"": 0}]","[{""price"": 16.15, ""orders"": 5, ""quantity"": 17632}, {""price"": 16.45, ""orders"": 1, ""quantity"": 1}, {""price"": 0.0, ""orders"": 0, ""quantity"": 0}, {""price"": 0.0, ""orders"": 0, ""quantity"": 0}, {""price"": 0.0, ""orders"": 0, ""quantity"": 0}]"
2025-12-18 11:25:04.587923+05:30,137918212,MUDUNURU,16.15,2875,Thu Dec 18 11:15:00 IST 2025,16530,16.79,16.79,16.15,16.47,NULL,NULL,"[{""price"": 0.0, ""orders"": 0, ""quantity"": 0}, {""price"": 0.0, ""orders"": 0, ""quantity"": 0}, {""price"": 0.0, ""orders"": 0, ""quantity"": 0}, {""price"": 0.0, ""orders"": 0, ""quantity"": 0}, {""price"": 0.0, ""orders"": 0, ""quantity"": 0}]","[{""price"": 16.15, ""orders"": 5, ""quantity"": 17632}, {""price"": 16.45, ""orders"": 1, ""quantity"": 1}, {""price"": 0.0, ""orders"": 0, ""quantity"": 0}, {""price"": 0.0, ""orders"": 0, ""quantity"": 0}, {""price"": 0.0, ""orders"": 0, ""quantity"": 0}]"
2025-12-18 11:25:05.855606+05:30,137918212,MUDUNURU,16.15,2875,Thu Dec 18 11:15:00 IST 2025,16530,16.79,16.79,16.15,16.47,16.15,16.79,"[{""price"": 0.0, ""orders"": 0, ""quantity"": 0}, {""price"": 0.0, ""orders"": 0, ""quantity"": 0}, {""price"": 0.0, ""orders"": 0, ""quantity"": 0}, {""price"": 0.0, ""orders"": 0, ""quantity"": 0}, {""price"": 0.0, ""orders"": 0, ""quantity"": 0}]","[{""price"": 16.15, ""orders"": 5, ""quantity"": 17632}, {""price"": 16.45, ""orders"": 1, ""quantity"": 1}, {""price"": 0.0, ""orders"": 0, ""quantity"": 0}, {""price"": 0.0, ""orders"": 0, ""quantity"": 0}, {""price"": 0.0, ""orders"": 0, ""quantity"": 0}]"
2025-12-18 11:25:07.21555+05:30,137918212,MUDUNURU,16.15,2875,Thu Dec 18 11:15:00 IST 2025,16530,16.79,16.79,16.15,16.47,NULL,NULL,"[{""price"": 0.0, ""orders"": 0, ""quantity"": 0}, {""price"": 0.0, ""orders"": 0, ""quantity"": 0}, {""price"": 0.0, ""orders"": 0, ""quantity"": 0}, {""price"": 0.0, ""orders"": 0, ""quantity"": 0}, {""price"": 0.0, ""orders"": 0, ""quantity"": 0}]","[{""price"": 16.15, ""orders"": 5, ""quantity"": 17632}, {""price"": 16.45, ""orders"": 1, ""quantity"": 1}, {""price"": 0.0, ""orders"": 0, ""quantity"": 0}, {""price"": 0.0, ""orders"": 0, ""quantity"": 0}, {""price"": 0.0, ""orders"": 0, ""quantity"": 0}]"
2025-12-18 11:25:08.602956+05:30,137918212,MUDUNURU,16.15,2875,Thu Dec 18 11:15:00 IST 2025,16530,16.79,16.79,16.15,16.47,NULL,NULL,"[{""price"": 0.0, ""orders"": 0, ""quantity"": 0}, {""price"": 0.0, ""orders"": 0, ""quantity"": 0}, {""price"": 0.0, ""orders"": 0, ""quantity"": 0}, {""price"": 0.0, ""orders"": 0, ""quantity"": 0}, {""price"": 0.0, ""orders"": 0, ""quantity"": 0}]","[{""price"": 16.15, ""orders"": 5, ""quantity"": 17632}, {""price"": 16.45, ""orders"": 1, ""quantity"": 1}, {""price"": 0.0, ""orders"": 0, ""quantity"": 0}, {""price"": 0.0, ""orders"": 0, ""quantity"": 0}, {""price"": 0.0, ""orders"": 0, ""quantity"": 0}]"
2025-12-18 11:25:09.977307+05:30,137918212,MUDUNURU,16.15,2875,Thu Dec 18 11:15:00 IST 2025,16530,16.79,16.79,16.15,16.47,NULL,NULL,"[{""price"": 0.0, ""orders"": 0, ""quantity"": 0}, {""price"": 0.0, ""orders"": 0, ""quantity"": 0}, {""price"": 0.0, ""orders"": 0, ""quantity"": 0}, {""price"": 0.0, ""orders"": 0, ""quantity"": 0}, {""price"": 0.0, ""orders"": 0, ""quantity"": 0}]","[{""price"": 16.15, ""orders"": 5, ""quantity"": 17632}, {""price"": 16.45, ""orders"": 1, ""quantity"": 1}, {""price"": 0.0, ""orders"": 0, ""quantity"": 0}, {""price"": 0.0, ""orders"": 0, ""quantity"": 0}, {""price"": 0.0, ""orders"": 0, ""quantity"": 0}]"
2025-12-18 11:25:11.371277+05:30,137918212,MUDUNURU,16.15,2875,Thu Dec 18 11:15:00 IST 2025,16530,16.79,16.79,16.15,16.47,NULL,NULL,"[{""price"": 0.0, ""orders"": 0, ""quantity"": 0}, {""price"": 0.0, ""orders"": 0, ""quantity"": 0}, {""price"": 0.0, ""orders"": 0, ""quantity"": 0}, {""price"": 0.0, ""orders"": 0, ""quantity"": 0}, {""price"": 0.0, ""orders"": 0, ""quantity"": 0}]","[{""price"": 16.15, ""orders"": 5, ""quantity"": 17632}, {""price"": 16.45, ""orders"": 1, ""quantity"": 1}, {""price"": 0.0, ""orders"": 0, ""quantity"": 0}, {""price"": 0.0, ""orders"": 0, ""quantity"": 0}, {""price"": 0.0, ""orders"": 0, ""quantity"": 0}]"
2025-12-18 11:25:12.661915+05:30,137918212,MUDUNURU,16.15,2875,Thu Dec 18 11:15:00 IST 2025,16530,16.79,16.79,16.15,16.47,NULL,NULL,"[{""price"": 0.0, ""orders"": 0, ""quantity"": 0}, {""price"": 0.0, ""orders"": 0, ""quantity"": 0}, {""price"": 0.0, ""orders"": 0, ""quantity"": 0}, {""price"": 0.0, ""orders"": 0, ""quantity"": 0}, {""price"": 0.0, ""orders"": 0, ""quantity"": 0}]","[{""price"": 16.15, ""orders"": 5, ""quantity"": 17632}, {""price"": 16.45, ""orders"": 1, ""quantity"": 1}, {""price"": 0.0, ""orders"": 0, ""quantity"": 0}, {""price"": 0.0, ""orders"": 0, ""quantity"": 0}, {""price"": 0.0, ""orders"": 0, ""quantity"": 0}]"
2025-12-18 11:25:14.077804+05:30,137918212,MUDUNURU,16.15,2875,Thu Dec 18 11:15:00 IST 2025,16530,16.79,16.79,16.15,16.47,NULL,NULL,"[{""price"": 0.0, ""orders"": 0, ""quantity"": 0}, {""price"": 0.0, ""orders"": 0, ""quantity"": 0}, {""price"": 0.0, ""orders"": 0, ""quantity"": 0}, {""price"": 0.0, ""orders"": 0, ""quantity"": 0}, {""price"": 0.0, ""orders"": 0, ""quantity"": 0}]","[{""price"": 16.15, ""orders"": 5, ""quantity"": 17632}, {""price"": 16.45, ""orders"": 1, ""quantity"": 1}, {""price"": 0.0, ""orders"": 0, ""quantity"": 0}, {""price"": 0.0, ""orders"": 0, ""quantity"": 0}, {""price"": 0.0, ""orders"": 0, ""quantity"": 0}]"
2025-12-18 11:25:15.400196+05:30,137918212,MUDUNURU,16.15,2875,Thu Dec 18 11:15:00 IST 2025,16530,16.79,16.79,16.15,16.47,NULL,NULL,"[{""price"": 0.0, ""orders"": 0, ""quantity"": 0}, {""price"": 0.0, ""orders"": 0, ""quantity"": 0}, {""price"": 0.0, ""orders"": 0, ""quantity"": 0}, {""price"": 0.0, ""orders"": 0, ""quantity"": 0}, {""price"": 0.0, ""orders"": 0, ""quantity"": 0}]","[{""price"": 16.15, ""orders"": 5, ""quantity"": 17632}, {""price"": 16.45, ""orders"": 1, ""quantity"": 1}, {""price"": 0.0, ""orders"": 0, ""quantity"": 0}, {""price"": 0.0, ""orders"": 0, ""quantity"": 0}, {""price"": 0.0, ""orders"": 0, ""quantity"": 0}]"
2025-12-18 11:25:16.750515+05:30,137918212,MUDUNURU,16.15,2875,Thu Dec 18 11:15:00 IST 2025,16530,16.79,16.79,16.15,16.47,NULL,NULL,"[{""price"": 0.0, ""orders"": 0, ""quantity"": 0}, {""price"": 0.0, ""orders"": 0, ""quantity"": 0}, {""price"": 0.0, ""orders"": 0, ""quantity"": 0}, {""price"": 0.0, ""orders"": 0, ""quantity"": 0}, {""price"": 0.0, ""orders"": 0, ""quantity"": 0}]","[{""price"": 16.15, ""orders"": 5, ""quantity"": 17632}, {""price"": 16.45, ""orders"": 1, ""quantity"": 1}, {""price"": 0.0, ""orders"": 0, ""quantity"": 0}, {""price"": 0.0, ""orders"": 0, ""quantity"": 0}, {""price"": 0.0, ""orders"": 0, ""quantity"": 0}]"
2025-12-18 11:25:18.197006+05:30,137918212,MUDUNURU,16.15,2875,Thu Dec 18 11:15:00 IST 2025,16530,16.79,16.79,16.15,16.47,NULL,NULL,"[{""price"": 0.0, ""orders"": 0, ""quantity"": 0}, {""price"": 0.0, ""orders"": 0, ""quantity"": 0}, {""price"": 0.0, ""orders"": 0, ""quantity"": 0}, {""price"": 0.0, ""orders"": 0, ""quantity"": 0}, {""price"": 0.0, ""orders"": 0, ""quantity"": 0}]","[{""price"": 16.15, ""orders"": 5, ""quantity"": 17632}, {""price"": 16.45, ""orders"": 1, ""quantity"": 1}, {""price"": 0.0, ""orders"": 0, ""quantity"": 0}, {""price"": 0.0, ""orders"": 0, ""quantity"": 0}, {""price"": 0.0, ""orders"": 0, ""quantity"": 0}]"
2025-12-18 11:25:19.509191+05:30,137918212,MUDUNURU,16.15,2875,Thu Dec 18 11:15:00 IST 2025,16530,16.79,16.79,16.15,16.47,NULL,NULL,"[{""price"": 0.0, ""orders"": 0, ""quantity"": 0}, {""price"": 0.0, ""orders"": 0, ""quantity"": 0}, {""price"": 0.0, ""orders"": 0, ""quantity"": 0}, {""price"": 0.0, ""orders"": 0, ""quantity"": 0}, {""price"": 0.0, ""orders"": 0, ""quantity"": 0}]","[{""price"": 16.15, ""orders"": 5, ""quantity"": 17632}, {""price"": 16.45, ""orders"": 1, ""quantity"": 1}, {""price"": 0.0, ""orders"": 0, ""quantity"": 0}, {""price"": 0.0, ""orders"": 0, ""quantity"": 0}, {""price"": 0.0, ""orders"": 0, ""quantity"": 0}]"
2025-12-18 11:25:20.858765+05:30,137918212,MUDUNURU,16.15,2875,Thu Dec 18 11:15:00 IST 2025,16530,16.79,16.79,16.15,16.47,NULL,NULL,"[{""price"": 0.0, ""orders"": 0, ""quantity"": 0}, {""price"": 0.0, ""orders"": 0, ""quantity"": 0}, {""price"": 0.0, ""orders"": 0, ""quantity"": 0}, {""price"": 0.0, ""orders"": 0, ""quantity"": 0}, {""price"": 0.0, ""orders"": 0, ""quantity"": 0}]","[{""price"": 16.15, ""orders"": 5, ""quantity"": 17632}, {""price"": 16.45, ""orders"": 1, ""quantity"": 1}, {""price"": 0.0, ""orders"": 0, ""quantity"": 0}, {""price"": 0.0, ""orders"": 0, ""quantity"": 0}, {""price"": 0.0, ""orders"": 0, ""quantity"": 0}]"
2025-12-18 11:25:22.277472+05:30,137918212,MUDUNURU,16.15,2875,Thu Dec 18 11:15:00 IST 2025,16530,16.79,16.79,16.15,16.47,NULL,NULL,"[{""price"": 0.0, ""orders"": 0, ""quantity"": 0}, {""price"": 0.0, ""orders"": 0, ""quantity"": 0}, {""price"": 0.0, ""orders"": 0, ""quantity"": 0}, {""price"": 0.0, ""orders"": 0, ""quantity"": 0}, {""price"": 0.0, ""orders"": 0, ""quantity"": 0}]","[{""price"": 16.15, ""orders"": 5, ""quantity"": 17632}, {""price"": 16.45, ""orders"": 1, ""quantity"": 1}, {""price"": 0.0, ""orders"": 0, ""quantity"": 0}, {""price"": 0.0, ""orders"": 0, ""quantity"": 0}, {""price"": 0.0, ""orders"": 0, ""quantity"": 0}]"
2025-12-18 11:25:23.602326+05:30,137918212,MUDUNURU,16.15,2875,Thu Dec 18 11:15:00 IST 2025,16530,16.79,16.79,16.15,16.47,NULL,NULL,"[{""price"": 0.0, ""orders"": 0, ""quantity"": 0}, {""price"": 0.0, ""orders"": 0, ""quantity"": 0}, {""price"": 0.0, ""orders"": 0, ""quantity"": 0}, {""price"": 0.0, ""orders"": 0, ""quantity"": 0}, {""price"": 0.0, ""orders"": 0, ""quantity"": 0}]","[{""price"": 16.15, ""orders"": 5, ""quantity"": 17632}, {""price"": 16.45, ""orders"": 1, ""quantity"": 1}, {""price"": 0.0, ""orders"": 0, ""quantity"": 0}, {""price"": 0.0, ""orders"": 0, ""quantity"": 0}, {""price"": 0.0, ""orders"": 0, ""quantity"": 0}]"
2025-12-18 11:25:24.772173+05:30,137918212,MUDUNURU,16.15,2875,Thu Dec 18 11:15:00 IST 2025,16530,16.79,16.79,16.15,16.47,16.15,16.79,"[{""price"": 0.0, ""orders"": 0, ""quantity"": 0}, {""price"": 0.0, ""orders"": 0, ""quantity"": 0}, {""price"": 0.0, ""orders"": 0, ""quantity"": 0}, {""price"": 0.0, ""orders"": 0, ""quantity"": 0}, {""price"": 0.0, ""orders"": 0, ""quantity"": 0}]","[{""price"": 16.15, ""orders"": 5, ""quantity"": 17632}, {""price"": 16.45, ""orders"": 1, ""quantity"": 1}, {""price"": 0.0, ""orders"": 0, ""quantity"": 0}, {""price"": 0.0, ""orders"": 0, ""quantity"": 0}, {""price"": 0.0, ""orders"": 0, ""quantity"": 0}]"
2025-12-18 11:25:26.398265+05:30,137918212,MUDUNURU,16.15,2875,Thu Dec 18 11:15:00 IST 2025,16530,16.79,16.79,16.15,16.47,NULL,NULL,"[{""price"": 0.0, ""orders"": 0, ""quantity"": 0}, {""price"": 0.0, ""orders"": 0, ""quantity"": 0}, {""price"": 0.0, ""orders"": 0, ""quantity"": 0}, {""price"": 0.0, ""orders"": 0, ""quantity"": 0}, {""price"": 0.0, ""orders"": 0, ""quantity"": 0}]","[{""price"": 16.15, ""orders"": 5, ""quantity"": 17632}, {""price"": 16.45, ""orders"": 1, ""quantity"": 1}, {""price"": 0.0, ""orders"": 0, ""quantity"": 0}, {""price"": 0.0, ""orders"": 0, ""quantity"": 0}, {""price"": 0.0, ""orders"": 0, ""quantity"": 0}]"
2025-12-18 11:25:27.729762+05:30,137918212,MUDUNURU,16.15,2875,Thu Dec 18 11:15:00 IST 2025,16530,16.79,16.79,16.15,16.47,NULL,NULL,"[{""price"": 0.0, ""orders"": 0, ""quantity"": 0}, {""price"": 0.0, ""orders"": 0, ""quantity"": 0}, {""price"": 0.0, ""orders"": 0, ""quantity"": 0}, {""price"": 0.0, ""orders"": 0, ""quantity"": 0}, {""price"": 0.0, ""orders"": 0, ""quantity"": 0}]","[{""price"": 16.15, ""orders"": 5, ""quantity"": 17632}, {""price"": 16.45, ""orders"": 1, ""quantity"": 1}, {""price"": 0.0, ""orders"": 0, ""quantity"": 0}, {""price"": 0.0, ""orders"": 0, ""quantity"": 0}, {""price"": 0.0, ""orders"": 0, ""quantity"": 0}]"
2025-12-18 11:25:28.917517+05:30,137918212,MUDUNURU,16.15,2875,Thu Dec 18 11:15:00 IST 2025,16530,16.79,16.79,16.15,16.47,16.15,16.79,"[{""price"": 0.0, ""orders"": 0, ""quantity"": 0}, {""price"": 0.0, ""orders"": 0, ""quantity"": 0}, {""price"": 0.0, ""orders"": 0, ""quantity"": 0}, {""price"": 0.0, ""orders"": 0, ""quantity"": 0}, {""price"": 0.0, ""orders"": 0, ""quantity"": 0}]","[{""price"": 16.15, ""orders"": 5, ""quantity"": 17632}, {""price"": 16.45, ""orders"": 1, ""quantity"": 1}, {""price"": 0.0, ""orders"": 0, ""quantity"": 0}, {""price"": 0.0, ""orders"": 0, ""quantity"": 0}, {""price"": 0.0, ""orders"": 0, ""quantity"": 0}]"
2025-12-18 11:25:30.367594+05:30,137918212,MUDUNURU,16.15,2875,Thu Dec 18 11:15:00 IST 2025,16530,16.79,16.79,16.15,16.47,NULL,NULL,"[{""price"": 0.0, ""orders"": 0, ""quantity"": 0}, {""price"": 0.0, ""orders"": 0, ""quantity"": 0}, {""price"": 0.0, ""orders"": 0, ""quantity"": 0}, {""price"": 0.0, ""orders"": 0, ""quantity"": 0}, {""price"": 0.0, ""orders"": 0, ""quantity"": 0}]","[{""price"": 16.15, ""orders"": 5, ""quantity"": 17632}, {""price"": 16.45, ""orders"": 1, ""quantity"": 1}, {""price"": 0.0, ""orders"": 0, ""quantity"": 0}, {""price"": 0.0, ""orders"": 0, ""quantity"": 0}, {""price"": 0.0, ""orders"": 0, ""quantity"": 0}]"
2025-12-18 11:25:31.748364+05:30,137918212,MUDUNURU,16.15,2875,Thu Dec 18 11:15:00 IST 2025,16530,16.79,16.79,16.15,16.47,NULL,NULL,"[{""price"": 0.0, ""orders"": 0, ""quantity"": 0}, {""price"": 0.0, ""orders"": 0, ""quantity"": 0}, {""price"": 0.0, ""orders"": 0, ""quantity"": 0}, {""price"": 0.0, ""orders"": 0, ""quantity"": 0}, {""price"": 0.0, ""orders"": 0, ""quantity"": 0}]","[{""price"": 16.15, ""orders"": 5, ""quantity"": 17632}, {""price"": 16.45, ""orders"": 1, ""quantity"": 1}, {""price"": 0.0, ""orders"": 0, ""quantity"": 0}, {""price"": 0.0, ""orders"": 0, ""quantity"": 0}, {""price"": 0.0, ""orders"": 0, ""quantity"": 0}]"
2025-12-18 11:25:32.950689+05:30,137918212,MUDUNURU,16.15,2875,Thu Dec 18 11:15:00 IST 2025,16530,16.79,16.79,16.15,16.47,16.15,16.79,"[{""price"": 0.0, ""orders"": 0, ""quantity"": 0}, {""price"": 0.0, ""orders"": 0, ""quantity"": 0}, {""price"": 0.0, ""orders"": 0, ""quantity"": 0}, {""price"": 0.0, ""orders"": 0, ""quantity"": 0}, {""price"": 0.0, ""orders"": 0, ""quantity"": 0}]","[{""price"": 16.15, ""orders"": 5, ""quantity"": 17632}, {""price"": 16.45, ""orders"": 1, ""quantity"": 1}, {""price"": 0.0, ""orders"": 0, ""quantity"": 0}, {""price"": 0.0, ""orders"": 0, ""quantity"": 0}, {""price"": 0.0, ""orders"": 0, ""quantity"": 0}]"
2025-12-18 11:25:34.511666+05:30,137918212,MUDUNURU,16.15,2875,Thu Dec 18 11:15:00 IST 2025,16530,16.79,16.79,16.15,16.47,NULL,NULL,"[{""price"": 0.0, ""orders"": 0, ""quantity"": 0}, {""price"": 0.0, ""orders"": 0, ""quantity"": 0}, {""price"": 0.0, ""orders"": 0, ""quantity"": 0}, {""price"": 0.0, ""orders"": 0, ""quantity"": 0}, {""price"": 0.0, ""orders"": 0, ""quantity"": 0}]","[{""price"": 16.15, ""orders"": 5, ""quantity"": 17632}, {""price"": 16.45, ""orders"": 1, ""quantity"": 1}, {""price"": 0.0, ""orders"": 0, ""quantity"": 0}, {""price"": 0.0, ""orders"": 0, ""quantity"": 0}, {""price"": 0.0, ""orders"": 0, ""quantity"": 0}]"
2025-12-18 11:25:35.852059+05:30,137918212,MUDUNURU,16.15,2875,Thu Dec 18 11:15:00 IST 2025,16530,16.79,16.79,16.15,16.47,NULL,NULL,"[{""price"": 0.0, ""orders"": 0, ""quantity"": 0}, {""price"": 0.0, ""orders"": 0, ""quantity"": 0}, {""price"": 0.0, ""orders"": 0, ""quantity"": 0}, {""price"": 0.0, ""orders"": 0, ""quantity"": 0}, {""price"": 0.0, ""orders"": 0, ""quantity"": 0}]","[{""price"": 16.15, ""orders"": 5, ""quantity"": 17632}, {""price"": 16.45, ""orders"": 1, ""quantity"": 1}, {""price"": 0.0, ""orders"": 0, ""quantity"": 0}, {""price"": 0.0, ""orders"": 0, ""quantity"": 0}, {""price"": 0.0, ""orders"": 0, ""quantity"": 0}]"
2025-12-18 11:25:37.187977+05:30,137918212,MUDUNURU,16.15,2875,Thu Dec 18 11:15:00 IST 2025,16530,16.79,16.79,16.15,16.47,NULL,NULL,"[{""price"": 0.0, ""orders"": 0, ""quantity"": 0}, {""price"": 0.0, ""orders"": 0, ""quantity"": 0}, {""price"": 0.0, ""orders"": 0, ""quantity"": 0}, {""price"": 0.0, ""orders"": 0, ""quantity"": 0}, {""price"": 0.0, ""orders"": 0, ""quantity"": 0}]","[{""price"": 16.15, ""orders"": 5, ""quantity"": 17632}, {""price"": 16.45, ""orders"": 1, ""quantity"": 1}, {""price"": 0.0, ""orders"": 0, ""quantity"": 0}, {""price"": 0.0, ""orders"": 0, ""quantity"": 0}, {""price"": 0.0, ""orders"": 0, ""quantity"": 0}]"
2025-12-18 11:25:38.595762+05:30,137918212,MUDUNURU,16.15,2875,Thu Dec 18 11:15:00 IST 2025,16530,16.79,16.79,16.15,16.47,NULL,NULL,"[{""price"": 0.0, ""orders"": 0, ""quantity"": 0}, {""price"": 0.0, ""orders"": 0, ""quantity"": 0}, {""price"": 0.0, ""orders"": 0, ""quantity"": 0}, {""price"": 0.0, ""orders"": 0, ""quantity"": 0}, {""price"": 0.0, ""orders"": 0, ""quantity"": 0}]","[{""price"": 16.15, ""orders"": 5, ""quantity"": 17632}, {""price"": 16.45, ""orders"": 1, ""quantity"": 1}, {""price"": 0.0, ""orders"": 0, ""quantity"": 0}, {""price"": 0.0, ""orders"": 0, ""quantity"": 0}, {""price"": 0.0, ""orders"": 0, ""quantity"": 0}]"
2025-12-18 11:25:39.796869+05:30,137918212,MUDUNURU,16.15,2875,Thu Dec 18 11:15:00 IST 2025,16530,16.79,16.79,16.15,16.47,16.15,16.79,"[{""price"": 0.0, ""orders"": 0, ""quantity"": 0}, {""price"": 0.0, ""orders"": 0, ""quantity"": 0}, {""price"": 0.0, ""orders"": 0, ""quantity"": 0}, {""price"": 0.0, ""orders"": 0, ""quantity"": 0}, {""price"": 0.0, ""orders"": 0, ""quantity"": 0}]","[{""price"": 16.15, ""orders"": 5, ""quantity"": 17632}, {""price"": 16.45, ""orders"": 1, ""quantity"": 1}, {""price"": 0.0, ""orders"": 0, ""quantity"": 0}, {""price"": 0.0, ""orders"": 0, ""quantity"": 0}, {""price"": 0.0, ""orders"": 0, ""quantity"": 0}]"
2025-12-18 11:25:41.416947+05:30,137918212,MUDUNURU,16.15,2875,Thu Dec 18 11:15:00 IST 2025,16530,16.79,16.79,16.15,16.47,NULL,NULL,"[{""price"": 0.0, ""orders"": 0, ""quantity"": 0}, {""price"": 0.0, ""orders"": 0, ""quantity"": 0}, {""price"": 0.0, ""orders"": 0, ""quantity"": 0}, {""price"": 0.0, ""orders"": 0, ""quantity"": 0}, {""price"": 0.0, ""orders"": 0, ""quantity"": 0}]","[{""price"": 16.15, ""orders"": 5, ""quantity"": 17632}, {""price"": 16.45, ""orders"": 1, ""quantity"": 1}, {""price"": 0.0, ""orders"": 0, ""quantity"": 0}, {""price"": 0.0, ""orders"": 0, ""quantity"": 0}, {""price"": 0.0, ""orders"": 0, ""quantity"": 0}]"
2025-12-18 11:25:42.791814+05:30,137918212,MUDUNURU,16.15,2875,Thu Dec 18 11:15:00 IST 2025,16530,16.79,16.79,16.15,16.47,NULL,NULL,"[{""price"": 0.0, ""orders"": 0, ""quantity"": 0}, {""price"": 0.0, ""orders"": 0, ""quantity"": 0}, {""price"": 0.0, ""orders"": 0, ""quantity"": 0}, {""price"": 0.0, ""orders"": 0, ""quantity"": 0}, {""price"": 0.0, ""orders"": 0, ""quantity"": 0}]","[{""price"": 16.15, ""orders"": 5, ""quantity"": 17632}, {""price"": 16.45, ""orders"": 1, ""quantity"": 1}, {""price"": 0.0, ""orders"": 0, ""quantity"": 0}, {""price"": 0.0, ""orders"": 0, ""quantity"": 0}, {""price"": 0.0, ""orders"": 0, ""quantity"": 0}]"
2025-12-18 11:25:44.108698+05:30,137918212,MUDUNURU,16.15,2875,Thu Dec 18 11:15:00 IST 2025,16530,16.79,16.79,16.15,16.47,NULL,NULL,"[{""price"": 0.0, ""orders"": 0, ""quantity"": 0}, {""price"": 0.0, ""orders"": 0, ""quantity"": 0}, {""price"": 0.0, ""orders"": 0, ""quantity"": 0}, {""price"": 0.0, ""orders"": 0, ""quantity"": 0}, {""price"": 0.0, ""orders"": 0, ""quantity"": 0}]","[{""price"": 16.15, ""orders"": 5, ""quantity"": 17632}, {""price"": 16.45, ""orders"": 1, ""quantity"": 1}, {""price"": 0.0, ""orders"": 0, ""quantity"": 0}, {""price"": 0.0, ""orders"": 0, ""quantity"": 0}, {""price"": 0.0, ""orders"": 0, ""quantity"": 0}]"
2025-12-18 11:25:45.462478+05:30,137918212,MUDUNURU,16.15,2875,Thu Dec 18 11:15:00 IST 2025,16530,16.79,16.79,16.15,16.47,NULL,NULL,"[{""price"": 0.0, ""orders"": 0, ""quantity"": 0}, {""price"": 0.0, ""orders"": 0, ""quantity"": 0}, {""price"": 0.0, ""orders"": 0, ""quantity"": 0}, {""price"": 0.0, ""orders"": 0, ""quantity"": 0}, {""price"": 0.0, ""orders"": 0, ""quantity"": 0}]","[{""price"": 16.15, ""orders"": 5, ""quantity"": 17632}, {""price"": 16.45, ""orders"": 1, ""quantity"": 1}, {""price"": 0.0, ""orders"": 0, ""quantity"": 0}, {""price"": 0.0, ""orders"": 0, ""quantity"": 0}, {""price"": 0.0, ""orders"": 0, ""quantity"": 0}]"
2025-12-18 11:25:46.800719+05:30,137918212,MUDUNURU,16.15,2875,Thu Dec 18 11:15:00 IST 2025,16530,16.79,16.79,16.15,16.47,NULL,NULL,"[{""price"": 0.0, ""orders"": 0, ""quantity"": 0}, {""price"": 0.0, ""orders"": 0, ""quantity"": 0}, {""price"": 0.0, ""orders"": 0, ""quantity"": 0}, {""price"": 0.0, ""orders"": 0, ""quantity"": 0}, {""price"": 0.0, ""orders"": 0, ""quantity"": 0}]","[{""price"": 16.15, ""orders"": 5, ""quantity"": 17632}, {""price"": 16.45, ""orders"": 1, ""quantity"": 1}, {""price"": 0.0, ""orders"": 0, ""quantity"": 0}, {""price"": 0.0, ""orders"": 0, ""quantity"": 0}, {""price"": 0.0, ""orders"": 0, ""quantity"": 0}]"
2025-12-18 11:25:48.198242+05:30,137918212,MUDUNURU,16.15,2875,Thu Dec 18 11:15:00 IST 2025,16530,16.79,16.79,16.15,16.47,NULL,NULL,"[{""price"": 0.0, ""orders"": 0, ""quantity"": 0}, {""price"": 0.0, ""orders"": 0, ""quantity"": 0}, {""price"": 0.0, ""orders"": 0, ""quantity"": 0}, {""price"": 0.0, ""orders"": 0, ""quantity"": 0}, {""price"": 0.0, ""orders"": 0, ""quantity"": 0}]","[{""price"": 16.15, ""orders"": 5, ""quantity"": 17632}, {""price"": 16.45, ""orders"": 1, ""quantity"": 1}, {""price"": 0.0, ""orders"": 0, ""quantity"": 0}, {""price"": 0.0, ""orders"": 0, ""quantity"": 0}, {""price"": 0.0, ""orders"": 0, ""quantity"": 0}]"
2025-12-18 11:25:49.561502+05:30,137918212,MUDUNURU,16.15,2875,Thu Dec 18 11:15:00 IST 2025,16530,16.79,16.79,16.15,16.47,NULL,NULL,"[{""price"": 0.0, ""orders"": 0, ""quantity"": 0}, {""price"": 0.0, ""orders"": 0, ""quantity"": 0}, {""price"": 0.0, ""orders"": 0, ""quantity"": 0}, {""price"": 0.0, ""orders"": 0, ""quantity"": 0}, {""price"": 0.0, ""orders"": 0, ""quantity"": 0}]","[{""price"": 16.15, ""orders"": 5, ""quantity"": 17632}, {""price"": 16.45, ""orders"": 1, ""quantity"": 1}, {""price"": 0.0, ""orders"": 0, ""quantity"": 0}, {""price"": 0.0, ""orders"": 0, ""quantity"": 0}, {""price"": 0.0, ""orders"": 0, ""quantity"": 0}]"
2025-12-18 11:25:50.902085+05:30,137918212,MUDUNURU,16.15,2875,Thu Dec 18 11:15:00 IST 2025,16530,16.79,16.79,16.15,16.47,NULL,NULL,"[{""price"": 0.0, ""orders"": 0, ""quantity"": 0}, {""price"": 0.0, ""orders"": 0, ""quantity"": 0}, {""price"": 0.0, ""orders"": 0, ""quantity"": 0}, {""price"": 0.0, ""orders"": 0, ""quantity"": 0}, {""price"": 0.0, ""orders"": 0, ""quantity"": 0}]","[{""price"": 16.15, ""orders"": 5, ""quantity"": 17632}, {""price"": 16.45, ""orders"": 1, ""quantity"": 1}, {""price"": 0.0, ""orders"": 0, ""quantity"": 0}, {""price"": 0.0, ""orders"": 0, ""quantity"": 0}, {""price"": 0.0, ""orders"": 0, ""quantity"": 0}]"
2025-12-18 11:25:52.261533+05:30,137918212,MUDUNURU,16.15,2875,Thu Dec 18 11:15:00 IST 2025,16530,16.79,16.79,16.15,16.47,NULL,NULL,"[{""price"": 0.0, ""orders"": 0, ""quantity"": 0}, {""price"": 0.0, ""orders"": 0, ""quantity"": 0}, {""price"": 0.0, ""orders"": 0, ""quantity"": 0}, {""price"": 0.0, ""orders"": 0, ""quantity"": 0}, {""price"": 0.0, ""orders"": 0, ""quantity"": 0}]","[{""price"": 16.15, ""orders"": 5, ""quantity"": 17632}, {""price"": 16.45, ""orders"": 1, ""quantity"": 1}, {""price"": 0.0, ""orders"": 0, ""quantity"": 0}, {""price"": 0.0, ""orders"": 0, ""quantity"": 0}, {""price"": 0.0, ""orders"": 0, ""quantity"": 0}]"
2025-12-18 11:25:53.611988+05:30,137918212,MUDUNURU,16.15,2875,Thu Dec 18 11:15:00 IST 2025,16530,16.79,16.79,16.15,16.47,NULL,NULL,"[{""price"": 0.0, ""orders"": 0, ""quantity"": 0}, {""price"": 0.0, ""orders"": 0, ""quantity"": 0}, {""price"": 0.0, ""orders"": 0, ""quantity"": 0}, {""price"": 0.0, ""orders"": 0, ""quantity"": 0}, {""price"": 0.0, ""orders"": 0, ""quantity"": 0}]","[{""price"": 16.15, ""orders"": 5, ""quantity"": 17632}, {""price"": 16.45, ""orders"": 1, ""quantity"": 1}, {""price"": 0.0, ""orders"": 0, ""quantity"": 0}, {""price"": 0.0, ""orders"": 0, ""quantity"": 0}, {""price"": 0.0, ""orders"": 0, ""quantity"": 0}]"
2025-12-18 11:25:54.724881+05:30,137918212,MUDUNURU,16.15,2875,Thu Dec 18 11:15:00 IST 2025,16530,16.79,16.79,16.15,16.47,16.15,16.79,"[{""price"": 0.0, ""orders"": 0, ""quantity"": 0}, {""price"": 0.0, ""orders"": 0, ""quantity"": 0}, {""price"": 0.0, ""orders"": 0, ""quantity"": 0}, {""price"": 0.0, ""orders"": 0, ""quantity"": 0}, {""price"": 0.0, ""orders"": 0, ""quantity"": 0}]","[{""price"": 16.15, ""orders"": 5, ""quantity"": 17632}, {""price"": 16.45, ""orders"": 1, ""quantity"": 1}, {""price"": 0.0, ""orders"": 0, ""quantity"": 0}, {""price"": 0.0, ""orders"": 0, ""quantity"": 0}, {""price"": 0.0, ""orders"": 0, ""quantity"": 0}]"
2025-12-18 11:25:56.381935+05:30,137918212,MUDUNURU,16.15,2875,Thu Dec 18 11:15:00 IST 2025,16530,16.79,16.79,16.15,16.47,NULL,NULL,"[{""price"": 0.0, ""orders"": 0, ""quantity"": 0}, {""price"": 0.0, ""orders"": 0, ""quantity"": 0}, {""price"": 0.0, ""orders"": 0, ""quantity"": 0}, {""price"": 0.0, ""orders"": 0, ""quantity"": 0}, {""price"": 0.0, ""orders"": 0, ""quantity"": 0}]","[{""price"": 16.15, ""orders"": 5, ""quantity"": 17632}, {""price"": 16.45, ""orders"": 1, ""quantity"": 1}, {""price"": 0.0, ""orders"": 0, ""quantity"": 0}, {""price"": 0.0, ""orders"": 0, ""quantity"": 0}, {""price"": 0.0, ""orders"": 0, ""quantity"": 0}]"
2025-12-18 11:25:57.637893+05:30,137918212,MUDUNURU,16.15,2875,Thu Dec 18 11:15:00 IST 2025,16530,16.79,16.79,16.15,16.47,NULL,NULL,"[{""price"": 0.0, ""orders"": 0, ""quantity"": 0}, {""price"": 0.0, ""orders"": 0, ""quantity"": 0}, {""price"": 0.0, ""orders"": 0, ""quantity"": 0}, {""price"": 0.0, ""orders"": 0, ""quantity"": 0}, {""price"": 0.0, ""orders"": 0, ""quantity"": 0}]","[{""price"": 16.15, ""orders"": 5, ""quantity"": 17632}, {""price"": 16.45, ""orders"": 1, ""quantity"": 1}, {""price"": 0.0, ""orders"": 0, ""quantity"": 0}, {""price"": 0.0, ""orders"": 0, ""quantity"": 0}, {""price"": 0.0, ""orders"": 0, ""quantity"": 0}]"
2025-12-18 11:25:58.988216+05:30,137918212,MUDUNURU,16.15,2875,Thu Dec 18 11:15:00 IST 2025,16530,16.79,16.79,16.15,16.47,NULL,NULL,"[{""price"": 0.0, ""orders"": 0, ""quantity"": 0}, {""price"": 0.0, ""orders"": 0, ""quantity"": 0}, {""price"": 0.0, ""orders"": 0, ""quantity"": 0}, {""price"": 0.0, ""orders"": 0, ""quantity"": 0}, {""price"": 0.0, ""orders"": 0, ""quantity"": 0}]","[{""price"": 16.15, ""orders"": 5, ""quantity"": 17632}, {""price"": 16.45, ""orders"": 1, ""quantity"": 1}, {""price"": 0.0, ""orders"": 0, ""quantity"": 0}, {""price"": 0.0, ""orders"": 0, ""quantity"": 0}, {""price"": 0.0, ""orders"": 0, ""quantity"": 0}]"
2025-12-18 11:26:00.389395+05:30,137918212,MUDUNURU,16.15,2875,Thu Dec 18 11:15:00 IST 2025,16530,16.79,16.79,16.15,16.47,NULL,NULL,"[{""price"": 0.0, ""orders"": 0, ""quantity"": 0}, {""price"": 0.0, ""orders"": 0, ""quantity"": 0}, {""price"": 0.0, ""orders"": 0, ""quantity"": 0}, {""price"": 0.0, ""orders"": 0, ""quantity"": 0}, {""price"": 0.0, ""orders"": 0, ""quantity"": 0}]","[{""price"": 16.15, ""orders"": 5, ""quantity"": 17632}, {""price"": 16.45, ""orders"": 1, ""quantity"": 1}, {""price"": 0.0, ""orders"": 0, ""quantity"": 0}, {""price"": 0.0, ""orders"": 0, ""quantity"": 0}, {""price"": 0.0, ""orders"": 0, ""quantity"": 0}]"
2025-12-18 11:26:01.802821+05:30,137918212,MUDUNURU,16.15,2875,Thu Dec 18 11:15:00 IST 2025,16530,16.79,16.79,16.15,16.47,NULL,NULL,"[{""price"": 0.0, ""orders"": 0, ""quantity"": 0}, {""price"": 0.0, ""orders"": 0, ""quantity"": 0}, {""price"": 0.0, ""orders"": 0, ""quantity"": 0}, {""price"": 0.0, ""orders"": 0, ""quantity"": 0}, {""price"": 0.0, ""orders"": 0, ""quantity"": 0}]","[{""price"": 16.15, ""orders"": 5, ""quantity"": 17632}, {""price"": 16.45, ""orders"": 1, ""quantity"": 1}, {""price"": 0.0, ""orders"": 0, ""quantity"": 0}, {""price"": 0.0, ""orders"": 0, ""quantity"": 0}, {""price"": 0.0, ""orders"": 0, ""quantity"": 0}]"
2025-12-18 11:26:03.227727+05:30,137918212,MUDUNURU,16.15,2875,Thu Dec 18 11:15:00 IST 2025,16530,16.79,16.79,16.15,16.47,NULL,NULL,"[{""price"": 0.0, ""orders"": 0, ""quantity"": 0}, {""price"": 0.0, ""orders"": 0, ""quantity"": 0}, {""price"": 0.0, ""orders"": 0, ""quantity"": 0}, {""price"": 0.0, ""orders"": 0, ""quantity"": 0}, {""price"": 0.0, ""orders"": 0, ""quantity"": 0}]","[{""price"": 16.15, ""orders"": 5, ""quantity"": 17632}, {""price"": 16.45, ""orders"": 1, ""quantity"": 1}, {""price"": 0.0, ""orders"": 0, ""quantity"": 0}, {""price"": 0.0, ""orders"": 0, ""quantity"": 0}, {""price"": 0.0, ""orders"": 0, ""quantity"": 0}]"
2025-12-18 11:26:04.548577+05:30,137918212,MUDUNURU,16.15,2875,Thu Dec 18 11:15:00 IST 2025,16530,16.79,16.79,16.15,16.47,NULL,NULL,"[{""price"": 0.0, ""orders"": 0, ""quantity"": 0}, {""price"": 0.0, ""orders"": 0, ""quantity"": 0}, {""price"": 0.0, ""orders"": 0, ""quantity"": 0}, {""price"": 0.0, ""orders"": 0, ""quantity"": 0}, {""price"": 0.0, ""orders"": 0, ""quantity"": 0}]","[{""price"": 16.15, ""orders"": 5, ""quantity"": 17632}, {""price"": 16.45, ""orders"": 1, ""quantity"": 1}, {""price"": 0.0, ""orders"": 0, ""quantity"": 0}, {""price"": 0.0, ""orders"": 0, ""quantity"": 0}, {""price"": 0.0, ""orders"": 0, ""quantity"": 0}]"
2025-12-18 11:26:05.849869+05:30,137918212,MUDUNURU,16.15,2875,Thu Dec 18 11:15:00 IST 2025,16530,16.79,16.79,16.15,16.47,NULL,NULL,"[{""price"": 0.0, ""orders"": 0, ""quantity"": 0}, {""price"": 0.0, ""orders"": 0, ""quantity"": 0}, {""price"": 0.0, ""orders"": 0, ""quantity"": 0}, {""price"": 0.0, ""orders"": 0, ""quantity"": 0}, {""price"": 0.0, ""orders"": 0, ""quantity"": 0}]","[{""price"": 16.15, ""orders"": 5, ""quantity"": 17632}, {""price"": 16.45, ""orders"": 1, ""quantity"": 1}, {""price"": 0.0, ""orders"": 0, ""quantity"": 0}, {""price"": 0.0, ""orders"": 0, ""quantity"": 0}, {""price"": 0.0, ""orders"": 0, ""quantity"": 0}]"
2025-12-18 11:26:07.263943+05:30,137918212,MUDUNURU,16.15,2875,Thu Dec 18 11:15:00 IST 2025,16530,16.79,16.79,16.15,16.47,NULL,NULL,"[{""price"": 0.0, ""orders"": 0, ""quantity"": 0}, {""price"": 0.0, ""orders"": 0, ""quantity"": 0}, {""price"": 0.0, ""orders"": 0, ""quantity"": 0}, {""price"": 0.0, ""orders"": 0, ""quantity"": 0}, {""price"": 0.0, ""orders"": 0, ""quantity"": 0}]","[{""price"": 16.15, ""orders"": 5, ""quantity"": 17632}, {""price"": 16.45, ""orders"": 1, ""quantity"": 1}, {""price"": 0.0, ""orders"": 0, ""quantity"": 0}, {""price"": 0.0, ""orders"": 0, ""quantity"": 0}, {""price"": 0.0, ""orders"": 0, ""quantity"": 0}]"
2025-12-18 11:26:08.633668+05:30,137918212,MUDUNURU,16.15,2875,Thu Dec 18 11:15:00 IST 2025,16530,16.79,16.79,16.15,16.47,NULL,NULL,"[{""price"": 0.0, ""orders"": 0, ""quantity"": 0}, {""price"": 0.0, ""orders"": 0, ""quantity"": 0}, {""price"": 0.0, ""orders"": 0, ""quantity"": 0}, {""price"": 0.0, ""orders"": 0, ""quantity"": 0}, {""price"": 0.0, ""orders"": 0, ""quantity"": 0}]","[{""price"": 16.15, ""orders"": 5, ""quantity"": 17632}, {""price"": 16.45, ""orders"": 1, ""quantity"": 1}, {""price"": 0.0, ""orders"": 0, ""quantity"": 0}, {""price"": 0.0, ""orders"": 0, ""quantity"": 0}, {""price"": 0.0, ""orders"": 0, ""quantity"": 0}]"
2025-12-18 11:26:09.948515+05:30,137918212,MUDUNURU,16.15,2875,Thu Dec 18 11:15:00 IST 2025,16530,16.79,16.79,16.15,16.47,NULL,NULL,"[{""price"": 0.0, ""orders"": 0, ""quantity"": 0}, {""price"": 0.0, ""orders"": 0, ""quantity"": 0}, {""price"": 0.0, ""orders"": 0, ""quantity"": 0}, {""price"": 0.0, ""orders"": 0, ""quantity"": 0}, {""price"": 0.0, ""orders"": 0, ""quantity"": 0}]","[{""price"": 16.15, ""orders"": 5, ""quantity"": 17632}, {""price"": 16.45, ""orders"": 1, ""quantity"": 1}, {""price"": 0.0, ""orders"": 0, ""quantity"": 0}, {""price"": 0.0, ""orders"": 0, ""quantity"": 0}, {""price"": 0.0, ""orders"": 0, ""quantity"": 0}]"
2025-12-18 11:26:11.367763+05:30,137918212,MUDUNURU,16.15,2875,Thu Dec 18 11:15:00 IST 2025,16530,16.79,16.79,16.15,16.47,NULL,NULL,"[{""price"": 0.0, ""orders"": 0, ""quantity"": 0}, {""price"": 0.0, ""orders"": 0, ""quantity"": 0}, {""price"": 0.0, ""orders"": 0, ""quantity"": 0}, {""price"": 0.0, ""orders"": 0, ""quantity"": 0}, {""price"": 0.0, ""orders"": 0, ""quantity"": 0}]","[{""price"": 16.15, ""orders"": 5, ""quantity"": 17632}, {""price"": 16.45, ""orders"": 1, ""quantity"": 1}, {""price"": 0.0, ""orders"": 0, ""quantity"": 0}, {""price"": 0.0, ""orders"": 0, ""quantity"": 0}, {""price"": 0.0, ""orders"": 0, ""quantity"": 0}]"
2025-12-18 11:26:12.689309+05:30,137918212,MUDUNURU,16.15,2875,Thu Dec 18 11:15:00 IST 2025,16530,16.79,16.79,16.15,16.47,NULL,NULL,"[{""price"": 0.0, ""orders"": 0, ""quantity"": 0}, {""price"": 0.0, ""orders"": 0, ""quantity"": 0}, {""price"": 0.0, ""orders"": 0, ""quantity"": 0}, {""price"": 0.0, ""orders"": 0, ""quantity"": 0}, {""price"": 0.0, ""orders"": 0, ""quantity"": 0}]","[{""price"": 16.15, ""orders"": 5, ""quantity"": 17632}, {""price"": 16.45, ""orders"": 1, ""quantity"": 1}, {""price"": 0.0, ""orders"": 0, ""quantity"": 0}, {""price"": 0.0, ""orders"": 0, ""quantity"": 0}, {""price"": 0.0, ""orders"": 0, ""quantity"": 0}]"
2025-12-18 11:26:14.059192+05:30,137918212,MUDUNURU,16.15,2875,Thu Dec 18 11:15:00 IST 2025,16530,16.79,16.79,16.15,16.47,NULL,NULL,"[{""price"": 0.0, ""orders"": 0, ""quantity"": 0}, {""price"": 0.0, ""orders"": 0, ""quantity"": 0}, {""price"": 0.0, ""orders"": 0, ""quantity"": 0}, {""price"": 0.0, ""orders"": 0, ""quantity"": 0}, {""price"": 0.0, ""orders"": 0, ""quantity"": 0}]","[{""price"": 16.15, ""orders"": 5, ""quantity"": 17632}, {""price"": 16.45, ""orders"": 1, ""quantity"": 1}, {""price"": 0.0, ""orders"": 0, ""quantity"": 0}, {""price"": 0.0, ""orders"": 0, ""quantity"": 0}, {""price"": 0.0, ""orders"": 0, ""quantity"": 0}]"
2025-12-18 11:26:15.442903+05:30,137918212,MUDUNURU,16.15,2875,Thu Dec 18 11:15:00 IST 2025,16530,16.79,16.79,16.15,16.47,NULL,NULL,"[{""price"": 0.0, ""orders"": 0, ""quantity"": 0}, {""price"": 0.0, ""orders"": 0, ""quantity"": 0}, {""price"": 0.0, ""orders"": 0, ""quantity"": 0}, {""price"": 0.0, ""orders"": 0, ""quantity"": 0}, {""price"": 0.0, ""orders"": 0, ""quantity"": 0}]","[{""price"": 16.15, ""orders"": 5, ""quantity"": 17632}, {""price"": 16.45, ""orders"": 1, ""quantity"": 1}, {""price"": 0.0, ""orders"": 0, ""quantity"": 0}, {""price"": 0.0, ""orders"": 0, ""quantity"": 0}, {""price"": 0.0, ""orders"": 0, ""quantity"": 0}]"
2025-12-18 11:26:16.72563+05:30,137918212,MUDUNURU,16.15,2875,Thu Dec 18 11:15:00 IST 2025,16530,16.79,16.79,16.15,16.47,NULL,NULL,"[{""price"": 0.0, ""orders"": 0, ""quantity"": 0}, {""price"": 0.0, ""orders"": 0, ""quantity"": 0}, {""price"": 0.0, ""orders"": 0, ""quantity"": 0}, {""price"": 0.0, ""orders"": 0, ""quantity"": 0}, {""price"": 0.0, ""orders"": 0, ""quantity"": 0}]","[{""price"": 16.15, ""orders"": 5, ""quantity"": 17632}, {""price"": 16.45, ""orders"": 1, ""quantity"": 1}, {""price"": 0.0, ""orders"": 0, ""quantity"": 0}, {""price"": 0.0, ""orders"": 0, ""quantity"": 0}, {""price"": 0.0, ""orders"": 0, ""quantity"": 0}]"
2025-12-18 11:26:18.077778+05:30,137918212,MUDUNURU,16.15,2875,Thu Dec 18 11:15:00 IST 2025,16530,16.79,16.79,16.15,16.47,NULL,NULL,"[{""price"": 0.0, ""orders"": 0, ""quantity"": 0}, {""price"": 0.0, ""orders"": 0, ""quantity"": 0}, {""price"": 0.0, ""orders"": 0, ""quantity"": 0}, {""price"": 0.0, ""orders"": 0, ""quantity"": 0}, {""price"": 0.0, ""orders"": 0, ""quantity"": 0}]","[{""price"": 16.15, ""orders"": 5, ""quantity"": 17632}, {""price"": 16.45, ""orders"": 1, ""quantity"": 1}, {""price"": 0.0, ""orders"": 0, ""quantity"": 0}, {""price"": 0.0, ""orders"": 0, ""quantity"": 0}, {""price"": 0.0, ""orders"": 0, ""quantity"": 0}]"
2025-12-18 11:26:19.461144+05:30,137918212,MUDUNURU,16.15,2875,Thu Dec 18 11:15:00 IST 2025,16530,16.79,16.79,16.15,16.47,NULL,NULL,"[{""price"": 0.0, ""orders"": 0, ""quantity"": 0}, {""price"": 0.0, ""orders"": 0, ""quantity"": 0}, {""price"": 0.0, ""orders"": 0, ""quantity"": 0}, {""price"": 0.0, ""orders"": 0, ""quantity"": 0}, {""price"": 0.0, ""orders"": 0, ""quantity"": 0}]","[{""price"": 16.15, ""orders"": 5, ""quantity"": 17632}, {""price"": 16.45, ""orders"": 1, ""quantity"": 1}, {""price"": 0.0, ""orders"": 0, ""quantity"": 0}, {""price"": 0.0, ""orders"": 0, ""quantity"": 0}, {""price"": 0.0, ""orders"": 0, ""quantity"": 0}]"
2025-12-18 11:26:20.822337+05:30,137918212,MUDUNURU,16.15,2875,Thu Dec 18 11:15:00 IST 2025,16530,16.79,16.79,16.15,16.47,NULL,NULL,"[{""price"": 0.0, ""orders"": 0, ""quantity"": 0}, {""price"": 0.0, ""orders"": 0, ""quantity"": 0}, {""price"": 0.0, ""orders"": 0, ""quantity"": 0}, {""price"": 0.0, ""orders"": 0, ""quantity"": 0}, {""price"": 0.0, ""orders"": 0, ""quantity"": 0}]","[{""price"": 16.15, ""orders"": 5, ""quantity"": 17632}, {""price"": 16.45, ""orders"": 1, ""quantity"": 1}, {""price"": 0.0, ""orders"": 0, ""quantity"": 0}, {""price"": 0.0, ""orders"": 0, ""quantity"": 0}, {""price"": 0.0, ""orders"": 0, ""quantity"": 0}]"
2025-12-18 11:26:22.155697+05:30,137918212,MUDUNURU,16.15,2875,Thu Dec 18 11:15:00 IST 2025,16530,16.79,16.79,16.15,16.47,NULL,NULL,"[{""price"": 0.0, ""orders"": 0, ""quantity"": 0}, {""price"": 0.0, ""orders"": 0, ""quantity"": 0}, {""price"": 0.0, ""orders"": 0, ""quantity"": 0}, {""price"": 0.0, ""orders"": 0, ""quantity"": 0}, {""price"": 0.0, ""orders"": 0, ""quantity"": 0}]","[{""price"": 16.15, ""orders"": 5, ""quantity"": 17632}, {""price"": 16.45, ""orders"": 1, ""quantity"": 1}, {""price"": 0.0, ""orders"": 0, ""quantity"": 0}, {""price"": 0.0, ""orders"": 0, ""quantity"": 0}, {""price"": 0.0, ""orders"": 0, ""quantity"": 0}]"
2025-12-18 11:26:23.600198+05:30,137918212,MUDUNURU,16.15,2875,Thu Dec 18 11:15:00 IST 2025,16530,16.79,16.79,16.15,16.47,NULL,NULL,"[{""price"": 0.0, ""orders"": 0, ""quantity"": 0}, {""price"": 0.0, ""orders"": 0, ""quantity"": 0}, {""price"": 0.0, ""orders"": 0, ""quantity"": 0}, {""price"": 0.0, ""orders"": 0, ""quantity"": 0}, {""price"": 0.0, ""orders"": 0, ""quantity"": 0}]","[{""price"": 16.15, ""orders"": 5, ""quantity"": 17632}, {""price"": 16.45, ""orders"": 1, ""quantity"": 1}, {""price"": 0.0, ""orders"": 0, ""quantity"": 0}, {""price"": 0.0, ""orders"": 0, ""quantity"": 0}, {""price"": 0.0, ""orders"": 0, ""quantity"": 0}]"
2025-12-18 11:26:24.897048+05:30,137918212,MUDUNURU,16.15,2875,Thu Dec 18 11:15:00 IST 2025,16530,16.79,16.79,16.15,16.47,NULL,NULL,"[{""price"": 0.0, ""orders"": 0, ""quantity"": 0}, {""price"": 0.0, ""orders"": 0, ""quantity"": 0}, {""price"": 0.0, ""orders"": 0, ""quantity"": 0}, {""price"": 0.0, ""orders"": 0, ""quantity"": 0}, {""price"": 0.0, ""orders"": 0, ""quantity"": 0}]","[{""price"": 16.15, ""orders"": 5, ""quantity"": 17632}, {""price"": 16.45, ""orders"": 1, ""quantity"": 1}, {""price"": 0.0, ""orders"": 0, ""quantity"": 0}, {""price"": 0.0, ""orders"": 0, ""quantity"": 0}, {""price"": 0.0, ""orders"": 0, ""quantity"": 0}]"
2025-12-18 11:26:26.268973+05:30,137918212,MUDUNURU,16.15,2875,Thu Dec 18 11:15:00 IST 2025,16530,16.79,16.79,16.15,16.47,NULL,NULL,"[{""price"": 0.0, ""orders"": 0, ""quantity"": 0}, {""price"": 0.0, ""orders"": 0, ""quantity"": 0}, {""price"": 0.0, ""orders"": 0, ""quantity"": 0}, {""price"": 0.0, ""orders"": 0, ""quantity"": 0}, {""price"": 0.0, ""orders"": 0, ""quantity"": 0}]","[{""price"": 16.15, ""orders"": 5, ""quantity"": 17632}, {""price"": 16.45, ""orders"": 1, ""quantity"": 1}, {""price"": 0.0, ""orders"": 0, ""quantity"": 0}, {""price"": 0.0, ""orders"": 0, ""quantity"": 0}, {""price"": 0.0, ""orders"": 0, ""quantity"": 0}]"
2025-12-18 11:26:27.717147+05:30,137918212,MUDUNURU,16.15,2875,Thu Dec 18 11:15:00 IST 2025,16530,16.79,16.79,16.15,16.47,NULL,NULL,"[{""price"": 0.0, ""orders"": 0, ""quantity"": 0}, {""price"": 0.0, ""orders"": 0, ""quantity"": 0}, {""price"": 0.0, ""orders"": 0, ""quantity"": 0}, {""price"": 0.0, ""orders"": 0, ""quantity"": 0}, {""price"": 0.0, ""orders"": 0, ""quantity"": 0}]","[{""price"": 16.15, ""orders"": 5, ""quantity"": 17632}, {""price"": 16.45, ""orders"": 1, ""quantity"": 1}, {""price"": 0.0, ""orders"": 0, ""quantity"": 0}, {""price"": 0.0, ""orders"": 0, ""quantity"": 0}, {""price"": 0.0, ""orders"": 0, ""quantity"": 0}]"
2025-12-18 11:26:29.087375+05:30,137918212,MUDUNURU,16.15,2875,Thu Dec 18 11:15:00 IST 2025,16530,16.79,16.79,16.15,16.47,NULL,NULL,"[{""price"": 0.0, ""orders"": 0, ""quantity"": 0}, {""price"": 0.0, ""orders"": 0, ""quantity"": 0}, {""price"": 0.0, ""orders"": 0, ""quantity"": 0}, {""price"": 0.0, ""orders"": 0, ""quantity"": 0}, {""price"": 0.0, ""orders"": 0, ""quantity"": 0}]","[{""price"": 16.15, ""orders"": 5, ""quantity"": 17632}, {""price"": 16.45, ""orders"": 1, ""quantity"": 1}, {""price"": 0.0, ""orders"": 0, ""quantity"": 0}, {""price"": 0.0, ""orders"": 0, ""quantity"": 0}, {""price"": 0.0, ""orders"": 0, ""quantity"": 0}]"
2025-12-18 11:26:30.478557+05:30,137918212,MUDUNURU,16.15,2875,Thu Dec 18 11:15:00 IST 2025,16530,16.79,16.79,16.15,16.47,NULL,NULL,"[{""price"": 0.0, ""orders"": 0, ""quantity"": 0}, {""price"": 0.0, ""orders"": 0, ""quantity"": 0}, {""price"": 0.0, ""orders"": 0, ""quantity"": 0}, {""price"": 0.0, ""orders"": 0, ""quantity"": 0}, {""price"": 0.0, ""orders"": 0, ""quantity"": 0}]","[{""price"": 16.15, ""orders"": 5, ""quantity"": 17632}, {""price"": 16.45, ""orders"": 1, ""quantity"": 1}, {""price"": 0.0, ""orders"": 0, ""quantity"": 0}, {""price"": 0.0, ""orders"": 0, ""quantity"": 0}, {""price"": 0.0, ""orders"": 0, ""quantity"": 0}]"
2025-12-18 11:26:31.900365+05:30,137918212,MUDUNURU,16.15,2875,Thu Dec 18 11:15:00 IST 2025,16530,16.79,16.79,16.15,16.47,NULL,NULL,"[{""price"": 0.0, ""orders"": 0, ""quantity"": 0}, {""price"": 0.0, ""orders"": 0, ""quantity"": 0}, {""price"": 0.0, ""orders"": 0, ""quantity"": 0}, {""price"": 0.0, ""orders"": 0, ""quantity"": 0}, {""price"": 0.0, ""orders"": 0, ""quantity"": 0}]","[{""price"": 16.15, ""orders"": 5, ""quantity"": 17632}, {""price"": 16.45, ""orders"": 1, ""quantity"": 1}, {""price"": 0.0, ""orders"": 0, ""quantity"": 0}, {""price"": 0.0, ""orders"": 0, ""quantity"": 0}, {""price"": 0.0, ""orders"": 0, ""quantity"": 0}]"
2025-12-18 11:26:33.300009+05:30,137918212,MUDUNURU,16.15,2875,Thu Dec 18 11:15:00 IST 2025,16530,16.79,16.79,16.15,16.47,NULL,NULL,"[{""price"": 0.0, ""orders"": 0, ""quantity"": 0}, {""price"": 0.0, ""orders"": 0, ""quantity"": 0}, {""price"": 0.0, ""orders"": 0, ""quantity"": 0}, {""price"": 0.0, ""orders"": 0, ""quantity"": 0}, {""price"": 0.0, ""orders"": 0, ""quantity"": 0}]","[{""price"": 16.15, ""orders"": 5, ""quantity"": 17632}, {""price"": 16.45, ""orders"": 1, ""quantity"": 1}, {""price"": 0.0, ""orders"": 0, ""quantity"": 0}, {""price"": 0.0, ""orders"": 0, ""quantity"": 0}, {""price"": 0.0, ""orders"": 0, ""quantity"": 0}]"
2025-12-18 11:26:34.692979+05:30,137918212,MUDUNURU,16.15,2875,Thu Dec 18 11:15:00 IST 2025,16530,16.79,16.79,16.15,16.47,NULL,NULL,"[{""price"": 0.0, ""orders"": 0, ""quantity"": 0}, {""price"": 0.0, ""orders"": 0, ""quantity"": 0}, {""price"": 0.0, ""orders"": 0, ""quantity"": 0}, {""price"": 0.0, ""orders"": 0, ""quantity"": 0}, {""price"": 0.0, ""orders"": 0, ""quantity"": 0}]","[{""price"": 16.15, ""orders"": 5, ""quantity"": 17632}, {""price"": 16.45, ""orders"": 1, ""quantity"": 1}, {""price"": 0.0, ""orders"": 0, ""quantity"": 0}, {""price"": 0.0, ""orders"": 0, ""quantity"": 0}, {""price"": 0.0, ""orders"": 0, ""quantity"": 0}]"
2025-12-18 11:26:35.971425+05:30,137918212,MUDUNURU,16.15,2875,Thu Dec 18 11:15:00 IST 2025,16530,16.79,16.79,16.15,16.47,NULL,NULL,"[{""price"": 0.0, ""orders"": 0, ""quantity"": 0}, {""price"": 0.0, ""orders"": 0, ""quantity"": 0}, {""price"": 0.0, ""orders"": 0, ""quantity"": 0}, {""price"": 0.0, ""orders"": 0, ""quantity"": 0}, {""price"": 0.0, ""orders"": 0, ""quantity"": 0}]","[{""price"": 16.15, ""orders"": 5, ""quantity"": 17632}, {""price"": 16.45, ""orders"": 1, ""quantity"": 1}, {""price"": 0.0, ""orders"": 0, ""quantity"": 0}, {""price"": 0.0, ""orders"": 0, ""quantity"": 0}, {""price"": 0.0, ""orders"": 0, ""quantity"": 0}]"
2025-12-18 11:26:37.448197+05:30,137918212,MUDUNURU,16.15,2875,Thu Dec 18 11:15:00 IST 2025,16530,16.79,16.79,16.15,16.47,NULL,NULL,"[{""price"": 0.0, ""orders"": 0, ""quantity"": 0}, {""price"": 0.0, ""orders"": 0, ""quantity"": 0}, {""price"": 0.0, ""orders"": 0, ""quantity"": 0}, {""price"": 0.0, ""orders"": 0, ""quantity"": 0}, {""price"": 0.0, ""orders"": 0, ""quantity"": 0}]","[{""price"": 16.15, ""orders"": 5, ""quantity"": 17632}, {""price"": 16.45, ""orders"": 1, ""quantity"": 1}, {""price"": 0.0, ""orders"": 0, ""quantity"": 0}, {""price"": 0.0, ""orders"": 0, ""quantity"": 0}, {""price"": 0.0, ""orders"": 0, ""quantity"": 0}]"
2025-12-18 11:26:38.805133+05:30,137918212,MUDUNURU,16.15,2875,Thu Dec 18 11:15:00 IST 2025,16530,16.79,16.79,16.15,16.47,NULL,NULL,"[{""price"": 0.0, ""orders"": 0, ""quantity"": 0}, {""price"": 0.0, ""orders"": 0, ""quantity"": 0}, {""price"": 0.0, ""orders"": 0, ""quantity"": 0}, {""price"": 0.0, ""orders"": 0, ""quantity"": 0}, {""price"": 0.0, ""orders"": 0, ""quantity"": 0}]","[{""price"": 16.15, ""orders"": 5, ""quantity"": 17632}, {""price"": 16.45, ""orders"": 1, ""quantity"": 1}, {""price"": 0.0, ""orders"": 0, ""quantity"": 0}, {""price"": 0.0, ""orders"": 0, ""quantity"": 0}, {""price"": 0.0, ""orders"": 0, ""quantity"": 0}]"
2025-12-18 11:26:40.10956+05:30,137918212,MUDUNURU,16.15,2875,Thu Dec 18 11:15:00 IST 2025,16530,16.79,16.79,16.15,16.47,NULL,NULL,"[{""price"": 0.0, ""orders"": 0, ""quantity"": 0}, {""price"": 0.0, ""orders"": 0, ""quantity"": 0}, {""price"": 0.0, ""orders"": 0, ""quantity"": 0}, {""price"": 0.0, ""orders"": 0, ""quantity"": 0}, {""price"": 0.0, ""orders"": 0, ""quantity"": 0}]","[{""price"": 16.15, ""orders"": 5, ""quantity"": 17632}, {""price"": 16.45, ""orders"": 1, ""quantity"": 1}, {""price"": 0.0, ""orders"": 0, ""quantity"": 0}, {""price"": 0.0, ""orders"": 0, ""quantity"": 0}, {""price"": 0.0, ""orders"": 0, ""quantity"": 0}]"
2025-12-18 11:26:41.44237+05:30,137918212,MUDUNURU,16.15,2875,Thu Dec 18 11:15:00 IST 2025,16530,16.79,16.79,16.15,16.47,NULL,NULL,"[{""price"": 0.0, ""orders"": 0, ""quantity"": 0}, {""price"": 0.0, ""orders"": 0, ""quantity"": 0}, {""price"": 0.0, ""orders"": 0, ""quantity"": 0}, {""price"": 0.0, ""orders"": 0, ""quantity"": 0}, {""price"": 0.0, ""orders"": 0, ""quantity"": 0}]","[{""price"": 16.15, ""orders"": 5, ""quantity"": 17632}, {""price"": 16.45, ""orders"": 1, ""quantity"": 1}, {""price"": 0.0, ""orders"": 0, ""quantity"": 0}, {""price"": 0.0, ""orders"": 0, ""quantity"": 0}, {""price"": 0.0, ""orders"": 0, ""quantity"": 0}]"
2025-12-18 11:26:42.812961+05:30,137918212,MUDUNURU,16.15,2875,Thu Dec 18 11:15:00 IST 2025,16530,16.79,16.79,16.15,16.47,NULL,NULL,"[{""price"": 0.0, ""orders"": 0, ""quantity"": 0}, {""price"": 0.0, ""orders"": 0, ""quantity"": 0}, {""price"": 0.0, ""orders"": 0, ""quantity"": 0}, {""price"": 0.0, ""orders"": 0, ""quantity"": 0}, {""price"": 0.0, ""orders"": 0, ""quantity"": 0}]","[{""price"": 16.15, ""orders"": 5, ""quantity"": 17632}, {""price"": 16.45, ""orders"": 1, ""quantity"": 1}, {""price"": 0.0, ""orders"": 0, ""quantity"": 0}, {""price"": 0.0, ""orders"": 0, ""quantity"": 0}, {""price"": 0.0, ""orders"": 0, ""quantity"": 0}]"
2025-12-18 11:26:44.165277+05:30,137918212,MUDUNURU,16.15,2875,Thu Dec 18 11:15:00 IST 2025,16530,16.79,16.79,16.15,16.47,NULL,NULL,"[{""price"": 0.0, ""orders"": 0, ""quantity"": 0}, {""price"": 0.0, ""orders"": 0, ""quantity"": 0}, {""price"": 0.0, ""orders"": 0, ""quantity"": 0}, {""price"": 0.0, ""orders"": 0, ""quantity"": 0}, {""price"": 0.0, ""orders"": 0, ""quantity"": 0}]","[{""price"": 16.15, ""orders"": 5, ""quantity"": 17632}, {""price"": 16.45, ""orders"": 1, ""quantity"": 1}, {""price"": 0.0, ""orders"": 0, ""quantity"": 0}, {""price"": 0.0, ""orders"": 0, ""quantity"": 0}, {""price"": 0.0, ""orders"": 0, ""quantity"": 0}]"
2025-12-18 11:26:45.537814+05:30,137918212,MUDUNURU,16.15,2875,Thu Dec 18 11:15:00 IST 2025,16530,16.79,16.79,16.15,16.47,NULL,NULL,"[{""price"": 0.0, ""orders"": 0, ""quantity"": 0}, {""price"": 0.0, ""orders"": 0, ""quantity"": 0}, {""price"": 0.0, ""orders"": 0, ""quantity"": 0}, {""price"": 0.0, ""orders"": 0, ""quantity"": 0}, {""price"": 0.0, ""orders"": 0, ""quantity"": 0}]","[{""price"": 16.15, ""orders"": 5, ""quantity"": 17632}, {""price"": 16.45, ""orders"": 1, ""quantity"": 1}, {""price"": 0.0, ""orders"": 0, ""quantity"": 0}, {""price"": 0.0, ""orders"": 0, ""quantity"": 0}, {""price"": 0.0, ""orders"": 0, ""quantity"": 0}]"
2025-12-18 11:26:46.878468+05:30,137918212,MUDUNURU,16.15,2875,Thu Dec 18 11:15:00 IST 2025,16530,16.79,16.79,16.15,16.47,NULL,NULL,"[{""price"": 0.0, ""orders"": 0, ""quantity"": 0}, {""price"": 0.0, ""orders"": 0, ""quantity"": 0}, {""price"": 0.0, ""orders"": 0, ""quantity"": 0}, {""price"": 0.0, ""orders"": 0, ""quantity"": 0}, {""price"": 0.0, ""orders"": 0, ""quantity"": 0}]","[{""price"": 16.15, ""orders"": 5, ""quantity"": 17632}, {""price"": 16.45, ""orders"": 1, ""quantity"": 1}, {""price"": 0.0, ""orders"": 0, ""quantity"": 0}, {""price"": 0.0, ""orders"": 0, ""quantity"": 0}, {""price"": 0.0, ""orders"": 0, ""quantity"": 0}]"
2025-12-18 11:26:48.20873+05:30,137918212,MUDUNURU,16.15,2875,Thu Dec 18 11:15:00 IST 2025,16530,16.79,16.79,16.15,16.47,NULL,NULL,"[{""price"": 0.0, ""orders"": 0, ""quantity"": 0}, {""price"": 0.0, ""orders"": 0, ""quantity"": 0}, {""price"": 0.0, ""orders"": 0, ""quantity"": 0}, {""price"": 0.0, ""orders"": 0, ""quantity"": 0}, {""price"": 0.0, ""orders"": 0, ""quantity"": 0}]","[{""price"": 16.15, ""orders"": 5, ""quantity"": 17632}, {""price"": 16.45, ""orders"": 1, ""quantity"": 1}, {""price"": 0.0, ""orders"": 0, ""quantity"": 0}, {""price"": 0.0, ""orders"": 0, ""quantity"": 0}, {""price"": 0.0, ""orders"": 0, ""quantity"": 0}]"
2025-12-18 11:26:49.336686+05:30,137918212,MUDUNURU,16.15,2875,Thu Dec 18 11:15:00 IST 2025,16530,16.79,16.79,16.15,16.47,16.15,16.79,"[{""price"": 0.0, ""orders"": 0, ""quantity"": 0}, {""price"": 0.0, ""orders"": 0, ""quantity"": 0}, {""price"": 0.0, ""orders"": 0, ""quantity"": 0}, {""price"": 0.0, ""orders"": 0, ""quantity"": 0}, {""price"": 0.0, ""orders"": 0, ""quantity"": 0}]","[{""price"": 16.15, ""orders"": 5, ""quantity"": 17632}, {""price"": 16.45, ""orders"": 1, ""quantity"": 1}, {""price"": 0.0, ""orders"": 0, ""quantity"": 0}, {""price"": 0.0, ""orders"": 0, ""quantity"": 0}, {""price"": 0.0, ""orders"": 0, ""quantity"": 0}]"
2025-12-18 11:26:51.097195+05:30,137918212,MUDUNURU,16.15,2875,Thu Dec 18 11:15:00 IST 2025,16530,16.79,16.79,16.15,16.47,NULL,NULL,"[{""price"": 0.0, ""orders"": 0, ""quantity"": 0}, {""price"": 0.0, ""orders"": 0, ""quantity"": 0}, {""price"": 0.0, ""orders"": 0, ""quantity"": 0}, {""price"": 0.0, ""orders"": 0, ""quantity"": 0}, {""price"": 0.0, ""orders"": 0, ""quantity"": 0}]","[{""price"": 16.15, ""orders"": 5, ""quantity"": 17632}, {""price"": 16.45, ""orders"": 1, ""quantity"": 1}, {""price"": 0.0, ""orders"": 0, ""quantity"": 0}, {""price"": 0.0, ""orders"": 0, ""quantity"": 0}, {""price"": 0.0, ""orders"": 0, ""quantity"": 0}]"
2025-12-18 11:26:52.398183+05:30,137918212,MUDUNURU,16.15,2875,Thu Dec 18 11:15:00 IST 2025,16530,16.79,16.79,16.15,16.47,NULL,NULL,"[{""price"": 0.0, ""orders"": 0, ""quantity"": 0}, {""price"": 0.0, ""orders"": 0, ""quantity"": 0}, {""price"": 0.0, ""orders"": 0, ""quantity"": 0}, {""price"": 0.0, ""orders"": 0, ""quantity"": 0}, {""price"": 0.0, ""orders"": 0, ""quantity"": 0}]","[{""price"": 16.15, ""orders"": 5, ""quantity"": 17632}, {""price"": 16.45, ""orders"": 1, ""quantity"": 1}, {""price"": 0.0, ""orders"": 0, ""quantity"": 0}, {""price"": 0.0, ""orders"": 0, ""quantity"": 0}, {""price"": 0.0, ""orders"": 0, ""quantity"": 0}]"
2025-12-18 11:26:53.814792+05:30,137918212,MUDUNURU,16.15,2875,Thu Dec 18 11:15:00 IST 2025,16530,16.79,16.79,16.15,16.47,NULL,NULL,"[{""price"": 0.0, ""orders"": 0, ""quantity"": 0}, {""price"": 0.0, ""orders"": 0, ""quantity"": 0}, {""price"": 0.0, ""orders"": 0, ""quantity"": 0}, {""price"": 0.0, ""orders"": 0, ""quantity"": 0}, {""price"": 0.0, ""orders"": 0, ""quantity"": 0}]","[{""price"": 16.15, ""orders"": 5, ""quantity"": 17632}, {""price"": 16.45, ""orders"": 1, ""quantity"": 1}, {""price"": 0.0, ""orders"": 0, ""quantity"": 0}, {""price"": 0.0, ""orders"": 0, ""quantity"": 0}, {""price"": 0.0, ""orders"": 0, ""quantity"": 0}]"
2025-12-18 11:26:55.085722+05:30,137918212,MUDUNURU,16.15,2875,Thu Dec 18 11:15:00 IST 2025,16530,16.79,16.79,16.15,16.47,NULL,NULL,"[{""price"": 0.0, ""orders"": 0, ""quantity"": 0}, {""price"": 0.0, ""orders"": 0, ""quantity"": 0}, {""price"": 0.0, ""orders"": 0, ""quantity"": 0}, {""price"": 0.0, ""orders"": 0, ""quantity"": 0}, {""price"": 0.0, ""orders"": 0, ""quantity"": 0}]","[{""price"": 16.15, ""orders"": 5, ""quantity"": 17632}, {""price"": 16.45, ""orders"": 1, ""quantity"": 1}, {""price"": 0.0, ""orders"": 0, ""quantity"": 0}, {""price"": 0.0, ""orders"": 0, ""quantity"": 0}, {""price"": 0.0, ""orders"": 0, ""quantity"": 0}]"
2025-12-18 11:26:56.527436+05:30,137918212,MUDUNURU,16.15,2875,Thu Dec 18 11:15:00 IST 2025,16530,16.79,16.79,16.15,16.47,NULL,NULL,"[{""price"": 0.0, ""orders"": 0, ""quantity"": 0}, {""price"": 0.0, ""orders"": 0, ""quantity"": 0}, {""price"": 0.0, ""orders"": 0, ""quantity"": 0}, {""price"": 0.0, ""orders"": 0, ""quantity"": 0}, {""price"": 0.0, ""orders"": 0, ""quantity"": 0}]","[{""price"": 16.15, ""orders"": 5, ""quantity"": 17632}, {""price"": 16.45, ""orders"": 1, ""quantity"": 1}, {""price"": 0.0, ""orders"": 0, ""quantity"": 0}, {""price"": 0.0, ""orders"": 0, ""quantity"": 0}, {""price"": 0.0, ""orders"": 0, ""quantity"": 0}]"
2025-12-18 11:26:58.049372+05:30,137918212,MUDUNURU,16.15,2875,Thu Dec 18 11:15:00 IST 2025,16530,16.79,16.79,16.15,16.47,NULL,NULL,"[{""price"": 0.0, ""orders"": 0, ""quantity"": 0}, {""price"": 0.0, ""orders"": 0, ""quantity"": 0}, {""price"": 0.0, ""orders"": 0, ""quantity"": 0}, {""price"": 0.0, ""orders"": 0, ""quantity"": 0}, {""price"": 0.0, ""orders"": 0, ""quantity"": 0}]","[{""price"": 16.15, ""orders"": 5, ""quantity"": 17632}, {""price"": 16.45, ""orders"": 1, ""quantity"": 1}, {""price"": 0.0, ""orders"": 0, ""quantity"": 0}, {""price"": 0.0, ""orders"": 0, ""quantity"": 0}, {""price"": 0.0, ""orders"": 0, ""quantity"": 0}]"
2025-12-18 11:26:59.539409+05:30,137918212,MUDUNURU,16.15,2875,Thu Dec 18 11:15:00 IST 2025,16530,16.79,16.79,16.15,16.47,NULL,NULL,"[{""price"": 0.0, ""orders"": 0, ""quantity"": 0}, {""price"": 0.0, ""orders"": 0, ""quantity"": 0}, {""price"": 0.0, ""orders"": 0, ""quantity"": 0}, {""price"": 0.0, ""orders"": 0, ""quantity"": 0}, {""price"": 0.0, ""orders"": 0, ""quantity"": 0}]","[{""price"": 16.15, ""orders"": 5, ""quantity"": 17632}, {""price"": 16.45, ""orders"": 1, ""quantity"": 1}, {""price"": 0.0, ""orders"": 0, ""quantity"": 0}, {""price"": 0.0, ""orders"": 0, ""quantity"": 0}, {""price"": 0.0, ""orders"": 0, ""quantity"": 0}]"
2025-12-18 11:27:00.963152+05:30,137918212,MUDUNURU,16.15,2875,Thu Dec 18 11:15:00 IST 2025,16530,16.79,16.79,16.15,16.47,NULL,NULL,"[{""price"": 0.0, ""orders"": 0, ""quantity"": 0}, {""price"": 0.0, ""orders"": 0, ""quantity"": 0}, {""price"": 0.0, ""orders"": 0, ""quantity"": 0}, {""price"": 0.0, ""orders"": 0, ""quantity"": 0}, {""price"": 0.0, ""orders"": 0, ""quantity"": 0}]","[{""price"": 16.15, ""orders"": 5, ""quantity"": 17632}, {""price"": 16.45, ""orders"": 1, ""quantity"": 1}, {""price"": 0.0, ""orders"": 0, ""quantity"": 0}, {""price"": 0.0, ""orders"": 0, ""quantity"": 0}, {""price"": 0.0, ""orders"": 0, ""quantity"": 0}]"
2025-12-18 11:27:02.408878+05:30,137918212,MUDUNURU,16.15,2875,Thu Dec 18 11:15:00 IST 2025,16530,16.79,16.79,16.15,16.47,NULL,NULL,"[{""price"": 0.0, ""orders"": 0, ""quantity"": 0}, {""price"": 0.0, ""orders"": 0, ""quantity"": 0}, {""price"": 0.0, ""orders"": 0, ""quantity"": 0}, {""price"": 0.0, ""orders"": 0, ""quantity"": 0}, {""price"": 0.0, ""orders"": 0, ""quantity"": 0}]","[{""price"": 16.15, ""orders"": 5, ""quantity"": 17632}, {""price"": 16.45, ""orders"": 1, ""quantity"": 1}, {""price"": 0.0, ""orders"": 0, ""quantity"": 0}, {""price"": 0.0, ""orders"": 0, ""quantity"": 0}, {""price"": 0.0, ""orders"": 0, ""quantity"": 0}]"
2025-12-18 11:27:03.794865+05:30,137918212,MUDUNURU,16.15,2875,Thu Dec 18 11:15:00 IST 2025,16530,16.79,16.79,16.15,16.47,NULL,NULL,"[{""price"": 0.0, ""orders"": 0, ""quantity"": 0}, {""price"": 0.0, ""orders"": 0, ""quantity"": 0}, {""price"": 0.0, ""orders"": 0, ""quantity"": 0}, {""price"": 0.0, ""orders"": 0, ""quantity"": 0}, {""price"": 0.0, ""orders"": 0, ""quantity"": 0}]","[{""price"": 16.15, ""orders"": 5, ""quantity"": 17632}, {""price"": 16.45, ""orders"": 1, ""quantity"": 1}, {""price"": 0.0, ""orders"": 0, ""quantity"": 0}, {""price"": 0.0, ""orders"": 0, ""quantity"": 0}, {""price"": 0.0, ""orders"": 0, ""quantity"": 0}]"
2025-12-18 11:27:05.085122+05:30,137918212,MUDUNURU,16.15,2875,Thu Dec 18 11:15:00 IST 2025,16530,16.79,16.79,16.15,16.47,NULL,NULL,"[{""price"": 0.0, ""orders"": 0, ""quantity"": 0}, {""price"": 0.0, ""orders"": 0, ""quantity"": 0}, {""price"": 0.0, ""orders"": 0, ""quantity"": 0}, {""price"": 0.0, ""orders"": 0, ""quantity"": 0}, {""price"": 0.0, ""orders"": 0, ""quantity"": 0}]","[{""price"": 16.15, ""orders"": 5, ""quantity"": 17632}, {""price"": 16.45, ""orders"": 1, ""quantity"": 1}, {""price"": 0.0, ""orders"": 0, ""quantity"": 0}, {""price"": 0.0, ""orders"": 0, ""quantity"": 0}, {""price"": 0.0, ""orders"": 0, ""quantity"": 0}]"
2025-12-18 11:27:06.398729+05:30,137918212,MUDUNURU,16.15,2875,Thu Dec 18 11:15:00 IST 2025,16530,16.79,16.79,16.15,16.47,NULL,NULL,"[{""price"": 0.0, ""orders"": 0, ""quantity"": 0}, {""price"": 0.0, ""orders"": 0, ""quantity"": 0}, {""price"": 0.0, ""orders"": 0, ""quantity"": 0}, {""price"": 0.0, ""orders"": 0, ""quantity"": 0}, {""price"": 0.0, ""orders"": 0, ""quantity"": 0}]","[{""price"": 16.15, ""orders"": 5, ""quantity"": 17632}, {""price"": 16.45, ""orders"": 1, ""quantity"": 1}, {""price"": 0.0, ""orders"": 0, ""quantity"": 0}, {""price"": 0.0, ""orders"": 0, ""quantity"": 0}, {""price"": 0.0, ""orders"": 0, ""quantity"": 0}]"
2025-12-18 11:27:07.819196+05:30,137918212,MUDUNURU,16.15,2875,Thu Dec 18 11:15:00 IST 2025,16530,16.79,16.79,16.15,16.47,NULL,NULL,"[{""price"": 0.0, ""orders"": 0, ""quantity"": 0}, {""price"": 0.0, ""orders"": 0, ""quantity"": 0}, {""price"": 0.0, ""orders"": 0, ""quantity"": 0}, {""price"": 0.0, ""orders"": 0, ""quantity"": 0}, {""price"": 0.0, ""orders"": 0, ""quantity"": 0}]","[{""price"": 16.15, ""orders"": 5, ""quantity"": 17632}, {""price"": 16.45, ""orders"": 1, ""quantity"": 1}, {""price"": 0.0, ""orders"": 0, ""quantity"": 0}, {""price"": 0.0, ""orders"": 0, ""quantity"": 0}, {""price"": 0.0, ""orders"": 0, ""quantity"": 0}]"
2025-12-18 11:27:09.12721+05:30,137918212,MUDUNURU,16.15,2875,Thu Dec 18 11:15:00 IST 2025,16530,16.79,16.79,16.15,16.47,NULL,NULL,"[{""price"": 0.0, ""orders"": 0, ""quantity"": 0}, {""price"": 0.0, ""orders"": 0, ""quantity"": 0}, {""price"": 0.0, ""orders"": 0, ""quantity"": 0}, {""price"": 0.0, ""orders"": 0, ""quantity"": 0}, {""price"": 0.0, ""orders"": 0, ""quantity"": 0}]","[{""price"": 16.15, ""orders"": 5, ""quantity"": 17632}, {""price"": 16.45, ""orders"": 1, ""quantity"": 1}, {""price"": 0.0, ""orders"": 0, ""quantity"": 0}, {""price"": 0.0, ""orders"": 0, ""quantity"": 0}, {""price"": 0.0, ""orders"": 0, ""quantity"": 0}]"
2025-12-18 11:27:10.45397+05:30,137918212,MUDUNURU,16.15,2875,Thu Dec 18 11:15:00 IST 2025,16530,16.79,16.79,16.15,16.47,NULL,NULL,"[{""price"": 0.0, ""orders"": 0, ""quantity"": 0}, {""price"": 0.0, ""orders"": 0, ""quantity"": 0}, {""price"": 0.0, ""orders"": 0, ""quantity"": 0}, {""price"": 0.0, ""orders"": 0, ""quantity"": 0}, {""price"": 0.0, ""orders"": 0, ""quantity"": 0}]","[{""price"": 16.15, ""orders"": 5, ""quantity"": 17632}, {""price"": 16.45, ""orders"": 1, ""quantity"": 1}, {""price"": 0.0, ""orders"": 0, ""quantity"": 0}, {""price"": 0.0, ""orders"": 0, ""quantity"": 0}, {""price"": 0.0, ""orders"": 0, ""quantity"": 0}]"
2025-12-18 11:27:11.922839+05:30,137918212,MUDUNURU,16.15,2875,Thu Dec 18 11:15:00 IST 2025,16530,16.79,16.79,16.15,16.47,NULL,NULL,"[{""price"": 0.0, ""orders"": 0, ""quantity"": 0}, {""price"": 0.0, ""orders"": 0, ""quantity"": 0}, {""price"": 0.0, ""orders"": 0, ""quantity"": 0}, {""price"": 0.0, ""orders"": 0, ""quantity"": 0}, {""price"": 0.0, ""orders"": 0, ""quantity"": 0}]","[{""price"": 16.15, ""orders"": 5, ""quantity"": 17632}, {""price"": 16.45, ""orders"": 1, ""quantity"": 1}, {""price"": 0.0, ""orders"": 0, ""quantity"": 0}, {""price"": 0.0, ""orders"": 0, ""quantity"": 0}, {""price"": 0.0, ""orders"": 0, ""quantity"": 0}]"
2025-12-18 11:27:13.350164+05:30,137918212,MUDUNURU,16.15,2875,Thu Dec 18 11:15:00 IST 2025,16530,16.79,16.79,16.15,16.47,NULL,NULL,"[{""price"": 0.0, ""orders"": 0, ""quantity"": 0}, {""price"": 0.0, ""orders"": 0, ""quantity"": 0}, {""price"": 0.0, ""orders"": 0, ""quantity"": 0}, {""price"": 0.0, ""orders"": 0, ""quantity"": 0}, {""price"": 0.0, ""orders"": 0, ""quantity"": 0}]","[{""price"": 16.15, ""orders"": 5, ""quantity"": 17632}, {""price"": 16.45, ""orders"": 1, ""quantity"": 1}, {""price"": 0.0, ""orders"": 0, ""quantity"": 0}, {""price"": 0.0, ""orders"": 0, ""quantity"": 0}, {""price"": 0.0, ""orders"": 0, ""quantity"": 0}]"
2025-12-18 11:27:14.708527+05:30,137918212,MUDUNURU,16.15,2875,Thu Dec 18 11:15:00 IST 2025,16530,16.79,16.79,16.15,16.47,NULL,NULL,"[{""price"": 0.0, ""orders"": 0, ""quantity"": 0}, {""price"": 0.0, ""orders"": 0, ""quantity"": 0}, {""price"": 0.0, ""orders"": 0, ""quantity"": 0}, {""price"": 0.0, ""orders"": 0, ""quantity"": 0}, {""price"": 0.0, ""orders"": 0, ""quantity"": 0}]","[{""price"": 16.15, ""orders"": 5, ""quantity"": 17632}, {""price"": 16.45, ""orders"": 1, ""quantity"": 1}, {""price"": 0.0, ""orders"": 0, ""quantity"": 0}, {""price"": 0.0, ""orders"": 0, ""quantity"": 0}, {""price"": 0.0, ""orders"": 0, ""quantity"": 0}]"
2025-12-18 11:27:16.077586+05:30,137918212,MUDUNURU,16.15,2875,Thu Dec 18 11:15:00 IST 2025,16530,16.79,16.79,16.15,16.47,NULL,NULL,"[{""price"": 0.0, ""orders"": 0, ""quantity"": 0}, {""price"": 0.0, ""orders"": 0, ""quantity"": 0}, {""price"": 0.0, ""orders"": 0, ""quantity"": 0}, {""price"": 0.0, ""orders"": 0, ""quantity"": 0}, {""price"": 0.0, ""orders"": 0, ""quantity"": 0}]","[{""price"": 16.15, ""orders"": 5, ""quantity"": 17632}, {""price"": 16.45, ""orders"": 1, ""quantity"": 1}, {""price"": 0.0, ""orders"": 0, ""quantity"": 0}, {""price"": 0.0, ""orders"": 0, ""quantity"": 0}, {""price"": 0.0, ""orders"": 0, ""quantity"": 0}]"
2025-12-18 11:27:17.477576+05:30,137918212,MUDUNURU,16.15,2875,Thu Dec 18 11:15:00 IST 2025,16530,16.79,16.79,16.15,16.47,NULL,NULL,"[{""price"": 0.0, ""orders"": 0, ""quantity"": 0}, {""price"": 0.0, ""orders"": 0, ""quantity"": 0}, {""price"": 0.0, ""orders"": 0, ""quantity"": 0}, {""price"": 0.0, ""orders"": 0, ""quantity"": 0}, {""price"": 0.0, ""orders"": 0, ""quantity"": 0}]","[{""price"": 16.15, ""orders"": 5, ""quantity"": 17632}, {""price"": 16.45, ""orders"": 1, ""quantity"": 1}, {""price"": 0.0, ""orders"": 0, ""quantity"": 0}, {""price"": 0.0, ""orders"": 0, ""quantity"": 0}, {""price"": 0.0, ""orders"": 0, ""quantity"": 0}]"
2025-12-18 11:27:18.796654+05:30,137918212,MUDUNURU,16.15,2875,Thu Dec 18 11:15:00 IST 2025,16530,16.79,16.79,16.15,16.47,NULL,NULL,"[{""price"": 0.0, ""orders"": 0, ""quantity"": 0}, {""price"": 0.0, ""orders"": 0, ""quantity"": 0}, {""price"": 0.0, ""orders"": 0, ""quantity"": 0}, {""price"": 0.0, ""orders"": 0, ""quantity"": 0}, {""price"": 0.0, ""orders"": 0, ""quantity"": 0}]","[{""price"": 16.15, ""orders"": 5, ""quantity"": 17632}, {""price"": 16.45, ""orders"": 1, ""quantity"": 1}, {""price"": 0.0, ""orders"": 0, ""quantity"": 0}, {""price"": 0.0, ""orders"": 0, ""quantity"": 0}, {""price"": 0.0, ""orders"": 0, ""quantity"": 0}]"
2025-12-18 11:27:20.15555+05:30,137918212,MUDUNURU,16.15,2875,Thu Dec 18 11:15:00 IST 2025,16530,16.79,16.79,16.15,16.47,NULL,NULL,"[{""price"": 0.0, ""orders"": 0, ""quantity"": 0}, {""price"": 0.0, ""orders"": 0, ""quantity"": 0}, {""price"": 0.0, ""orders"": 0, ""quantity"": 0}, {""price"": 0.0, ""orders"": 0, ""quantity"": 0}, {""price"": 0.0, ""orders"": 0, ""quantity"": 0}]","[{""price"": 16.15, ""orders"": 5, ""quantity"": 17632}, {""price"": 16.45, ""orders"": 1, ""quantity"": 1}, {""price"": 0.0, ""orders"": 0, ""quantity"": 0}, {""price"": 0.0, ""orders"": 0, ""quantity"": 0}, {""price"": 0.0, ""orders"": 0, ""quantity"": 0}]"
2025-12-18 11:27:21.517029+05:30,137918212,MUDUNURU,16.15,2875,Thu Dec 18 11:15:00 IST 2025,16530,16.79,16.79,16.15,16.47,NULL,NULL,"[{""price"": 0.0, ""orders"": 0, ""quantity"": 0}, {""price"": 0.0, ""orders"": 0, ""quantity"": 0}, {""price"": 0.0, ""orders"": 0, ""quantity"": 0}, {""price"": 0.0, ""orders"": 0, ""quantity"": 0}, {""price"": 0.0, ""orders"": 0, ""quantity"": 0}]","[{""price"": 16.15, ""orders"": 5, ""quantity"": 17632}, {""price"": 16.45, ""orders"": 1, ""quantity"": 1}, {""price"": 0.0, ""orders"": 0, ""quantity"": 0}, {""price"": 0.0, ""orders"": 0, ""quantity"": 0}, {""price"": 0.0, ""orders"": 0, ""quantity"": 0}]"
2025-12-18 11:27:22.90287+05:30,137918212,MUDUNURU,16.15,2875,Thu Dec 18 11:15:00 IST 2025,16530,16.79,16.79,16.15,16.47,NULL,NULL,"[{""price"": 0.0, ""orders"": 0, ""quantity"": 0}, {""price"": 0.0, ""orders"": 0, ""quantity"": 0}, {""price"": 0.0, ""orders"": 0, ""quantity"": 0}, {""price"": 0.0, ""orders"": 0, ""quantity"": 0}, {""price"": 0.0, ""orders"": 0, ""quantity"": 0}]","[{""price"": 16.15, ""orders"": 5, ""quantity"": 17632}, {""price"": 16.45, ""orders"": 1, ""quantity"": 1}, {""price"": 0.0, ""orders"": 0, ""quantity"": 0}, {""price"": 0.0, ""orders"": 0, ""quantity"": 0}, {""price"": 0.0, ""orders"": 0, ""quantity"": 0}]"
2025-12-18 11:27:24.211677+05:30,137918212,MUDUNURU,16.15,2875,Thu Dec 18 11:15:00 IST 2025,16530,16.79,16.79,16.15,16.47,NULL,NULL,"[{""price"": 0.0, ""orders"": 0, ""quantity"": 0}, {""price"": 0.0, ""orders"": 0, ""quantity"": 0}, {""price"": 0.0, ""orders"": 0, ""quantity"": 0}, {""price"": 0.0, ""orders"": 0, ""quantity"": 0}, {""price"": 0.0, ""orders"": 0, ""quantity"": 0}]","[{""price"": 16.15, ""orders"": 5, ""quantity"": 17632}, {""price"": 16.45, ""orders"": 1, ""quantity"": 1}, {""price"": 0.0, ""orders"": 0, ""quantity"": 0}, {""price"": 0.0, ""orders"": 0, ""quantity"": 0}, {""price"": 0.0, ""orders"": 0, ""quantity"": 0}]"
2025-12-18 11:27:25.6535+05:30,137918212,MUDUNURU,16.15,2875,Thu Dec 18 11:15:00 IST 2025,16530,16.79,16.79,16.15,16.47,NULL,NULL,"[{""price"": 0.0, ""orders"": 0, ""quantity"": 0}, {""price"": 0.0, ""orders"": 0, ""quantity"": 0}, {""price"": 0.0, ""orders"": 0, ""quantity"": 0}, {""price"": 0.0, ""orders"": 0, ""quantity"": 0}, {""price"": 0.0, ""orders"": 0, ""quantity"": 0}]","[{""price"": 16.15, ""orders"": 5, ""quantity"": 17632}, {""price"": 16.45, ""orders"": 1, ""quantity"": 1}, {""price"": 0.0, ""orders"": 0, ""quantity"": 0}, {""price"": 0.0, ""orders"": 0, ""quantity"": 0}, {""price"": 0.0, ""orders"": 0, ""quantity"": 0}]"
2025-12-18 11:27:26.9716+05:30,137918212,MUDUNURU,16.15,2875,Thu Dec 18 11:15:00 IST 2025,16530,16.79,16.79,16.15,16.47,NULL,NULL,"[{""price"": 0.0, ""orders"": 0, ""quantity"": 0}, {""price"": 0.0, ""orders"": 0, ""quantity"": 0}, {""price"": 0.0, ""orders"": 0, ""quantity"": 0}, {""price"": 0.0, ""orders"": 0, ""quantity"": 0}, {""price"": 0.0, ""orders"": 0, ""quantity"": 0}]","[{""price"": 16.15, ""orders"": 5, ""quantity"": 17632}, {""price"": 16.45, ""orders"": 1, ""quantity"": 1}, {""price"": 0.0, ""orders"": 0, ""quantity"": 0}, {""price"": 0.0, ""orders"": 0, ""quantity"": 0}, {""price"": 0.0, ""orders"": 0, ""quantity"": 0}]"
2025-12-18 11:27:28.081224+05:30,137918212,MUDUNURU,16.15,2875,Thu Dec 18 11:15:00 IST 2025,16530,16.79,16.79,16.15,16.47,16.15,16.79,"[{""price"": 0.0, ""orders"": 0, ""quantity"": 0}, {""price"": 0.0, ""orders"": 0, ""quantity"": 0}, {""price"": 0.0, ""orders"": 0, ""quantity"": 0}, {""price"": 0.0, ""orders"": 0, ""quantity"": 0}, {""price"": 0.0, ""orders"": 0, ""quantity"": 0}]","[{""price"": 16.15, ""orders"": 5, ""quantity"": 17632}, {""price"": 16.45, ""orders"": 1, ""quantity"": 1}, {""price"": 0.0, ""orders"": 0, ""quantity"": 0}, {""price"": 0.0, ""orders"": 0, ""quantity"": 0}, {""price"": 0.0, ""orders"": 0, ""quantity"": 0}]"
2025-12-18 11:27:29.614169+05:30,137918212,MUDUNURU,16.15,2875,Thu Dec 18 11:15:00 IST 2025,16530,16.79,16.79,16.15,16.47,NULL,NULL,"[{""price"": 0.0, ""orders"": 0, ""quantity"": 0}, {""price"": 0.0, ""orders"": 0, ""quantity"": 0}, {""price"": 0.0, ""orders"": 0, ""quantity"": 0}, {""price"": 0.0, ""orders"": 0, ""quantity"": 0}, {""price"": 0.0, ""orders"": 0, ""quantity"": 0}]","[{""price"": 16.15, ""orders"": 5, ""quantity"": 17632}, {""price"": 16.45, ""orders"": 1, ""quantity"": 1}, {""price"": 0.0, ""orders"": 0, ""quantity"": 0}, {""price"": 0.0, ""orders"": 0, ""quantity"": 0}, {""price"": 0.0, ""orders"": 0, ""quantity"": 0}]"
2025-12-18 11:27:30.936754+05:30,137918212,MUDUNURU,16.15,2875,Thu Dec 18 11:15:00 IST 2025,16530,16.79,16.79,16.15,16.47,NULL,NULL,"[{""price"": 0.0, ""orders"": 0, ""quantity"": 0}, {""price"": 0.0, ""orders"": 0, ""quantity"": 0}, {""price"": 0.0, ""orders"": 0, ""quantity"": 0}, {""price"": 0.0, ""orders"": 0, ""quantity"": 0}, {""price"": 0.0, ""orders"": 0, ""quantity"": 0}]","[{""price"": 16.15, ""orders"": 5, ""quantity"": 17632}, {""price"": 16.45, ""orders"": 1, ""quantity"": 1}, {""price"": 0.0, ""orders"": 0, ""quantity"": 0}, {""price"": 0.0, ""orders"": 0, ""quantity"": 0}, {""price"": 0.0, ""orders"": 0, ""quantity"": 0}]"
2025-12-18 11:27:32.24294+05:30,137918212,MUDUNURU,16.15,2875,Thu Dec 18 11:15:00 IST 2025,16530,16.79,16.79,16.15,16.47,NULL,NULL,"[{""price"": 0.0, ""orders"": 0, ""quantity"": 0}, {""price"": 0.0, ""orders"": 0, ""quantity"": 0}, {""price"": 0.0, ""orders"": 0, ""quantity"": 0}, {""price"": 0.0, ""orders"": 0, ""quantity"": 0}, {""price"": 0.0, ""orders"": 0, ""quantity"": 0}]","[{""price"": 16.15, ""orders"": 5, ""quantity"": 17632}, {""price"": 16.45, ""orders"": 1, ""quantity"": 1}, {""price"": 0.0, ""orders"": 0, ""quantity"": 0}, {""price"": 0.0, ""orders"": 0, ""quantity"": 0}, {""price"": 0.0, ""orders"": 0, ""quantity"": 0}]"
2025-12-18 11:27:33.614061+05:30,137918212,MUDUNURU,16.15,2875,Thu Dec 18 11:15:00 IST 2025,16530,16.79,16.79,16.15,16.47,NULL,NULL,"[{""price"": 0.0, ""orders"": 0, ""quantity"": 0}, {""price"": 0.0, ""orders"": 0, ""quantity"": 0}, {""price"": 0.0, ""orders"": 0, ""quantity"": 0}, {""price"": 0.0, ""orders"": 0, ""quantity"": 0}, {""price"": 0.0, ""orders"": 0, ""quantity"": 0}]","[{""price"": 16.15, ""orders"": 5, ""quantity"": 17632}, {""price"": 16.45, ""orders"": 1, ""quantity"": 1}, {""price"": 0.0, ""orders"": 0, ""quantity"": 0}, {""price"": 0.0, ""orders"": 0, ""quantity"": 0}, {""price"": 0.0, ""orders"": 0, ""quantity"": 0}]"
2025-12-18 11:27:34.93034+05:30,137918212,MUDUNURU,16.15,2875,Thu Dec 18 11:15:00 IST 2025,16530,16.79,16.79,16.15,16.47,NULL,NULL,"[{""price"": 0.0, ""orders"": 0, ""quantity"": 0}, {""price"": 0.0, ""orders"": 0, ""quantity"": 0}, {""price"": 0.0, ""orders"": 0, ""quantity"": 0}, {""price"": 0.0, ""orders"": 0, ""quantity"": 0}, {""price"": 0.0, ""orders"": 0, ""quantity"": 0}]","[{""price"": 16.15, ""orders"": 5, ""quantity"": 17632}, {""price"": 16.45, ""orders"": 1, ""quantity"": 1}, {""price"": 0.0, ""orders"": 0, ""quantity"": 0}, {""price"": 0.0, ""orders"": 0, ""quantity"": 0}, {""price"": 0.0, ""orders"": 0, ""quantity"": 0}]"
2025-12-18 11:27:36.281374+05:30,137918212,MUDUNURU,16.15,2875,Thu Dec 18 11:15:00 IST 2025,16530,16.79,16.79,16.15,16.47,NULL,NULL,"[{""price"": 0.0, ""orders"": 0, ""quantity"": 0}, {""price"": 0.0, ""orders"": 0, ""quantity"": 0}, {""price"": 0.0, ""orders"": 0, ""quantity"": 0}, {""price"": 0.0, ""orders"": 0, ""quantity"": 0}, {""price"": 0.0, ""orders"": 0, ""quantity"": 0}]","[{""price"": 16.15, ""orders"": 5, ""quantity"": 17632}, {""price"": 16.45, ""orders"": 1, ""quantity"": 1}, {""price"": 0.0, ""orders"": 0, ""quantity"": 0}, {""price"": 0.0, ""orders"": 0, ""quantity"": 0}, {""price"": 0.0, ""orders"": 0, ""quantity"": 0}]"
2025-12-18 11:27:37.671416+05:30,137918212,MUDUNURU,16.15,2875,Thu Dec 18 11:15:00 IST 2025,16530,16.79,16.79,16.15,16.47,NULL,NULL,"[{""price"": 0.0, ""orders"": 0, ""quantity"": 0}, {""price"": 0.0, ""orders"": 0, ""quantity"": 0}, {""price"": 0.0, ""orders"": 0, ""quantity"": 0}, {""price"": 0.0, ""orders"": 0, ""quantity"": 0}, {""price"": 0.0, ""orders"": 0, ""quantity"": 0}]","[{""price"": 16.15, ""orders"": 5, ""quantity"": 17632}, {""price"": 16.45, ""orders"": 1, ""quantity"": 1}, {""price"": 0.0, ""orders"": 0, ""quantity"": 0}, {""price"": 0.0, ""orders"": 0, ""quantity"": 0}, {""price"": 0.0, ""orders"": 0, ""quantity"": 0}]"
2025-12-18 11:27:38.977416+05:30,137918212,MUDUNURU,16.15,2875,Thu Dec 18 11:15:00 IST 2025,16530,16.79,16.79,16.15,16.47,NULL,NULL,"[{""price"": 0.0, ""orders"": 0, ""quantity"": 0}, {""price"": 0.0, ""orders"": 0, ""quantity"": 0}, {""price"": 0.0, ""orders"": 0, ""quantity"": 0}, {""price"": 0.0, ""orders"": 0, ""quantity"": 0}, {""price"": 0.0, ""orders"": 0, ""quantity"": 0}]","[{""price"": 16.15, ""orders"": 5, ""quantity"": 17632}, {""price"": 16.45, ""orders"": 1, ""quantity"": 1}, {""price"": 0.0, ""orders"": 0, ""quantity"": 0}, {""price"": 0.0, ""orders"": 0, ""quantity"": 0}, {""price"": 0.0, ""orders"": 0, ""quantity"": 0}]"
2025-12-18 11:27:40.228423+05:30,137918212,MUDUNURU,16.15,2875,Thu Dec 18 11:15:00 IST 2025,16530,16.79,16.79,16.15,16.47,NULL,NULL,"[{""price"": 0.0, ""orders"": 0, ""quantity"": 0}, {""price"": 0.0, ""orders"": 0, ""quantity"": 0}, {""price"": 0.0, ""orders"": 0, ""quantity"": 0}, {""price"": 0.0, ""orders"": 0, ""quantity"": 0}, {""price"": 0.0, ""orders"": 0, ""quantity"": 0}]","[{""price"": 16.15, ""orders"": 5, ""quantity"": 17632}, {""price"": 16.45, ""orders"": 1, ""quantity"": 1}, {""price"": 0.0, ""orders"": 0, ""quantity"": 0}, {""price"": 0.0, ""orders"": 0, ""quantity"": 0}, {""price"": 0.0, ""orders"": 0, ""quantity"": 0}]"
2025-12-18 11:27:41.571342+05:30,137918212,MUDUNURU,16.15,2875,Thu Dec 18 11:15:00 IST 2025,16530,16.79,16.79,16.15,16.47,16.15,16.79,"[{""price"": 0.0, ""orders"": 0, ""quantity"": 0}, {""price"": 0.0, ""orders"": 0, ""quantity"": 0}, {""price"": 0.0, ""orders"": 0, ""quantity"": 0}, {""price"": 0.0, ""orders"": 0, ""quantity"": 0}, {""price"": 0.0, ""orders"": 0, ""quantity"": 0}]","[{""price"": 16.15, ""orders"": 5, ""quantity"": 17632}, {""price"": 16.45, ""orders"": 1, ""quantity"": 1}, {""price"": 0.0, ""orders"": 0, ""quantity"": 0}, {""price"": 0.0, ""orders"": 0, ""quantity"": 0}, {""price"": 0.0, ""orders"": 0, ""quantity"": 0}]"
2025-12-18 11:27:42.944254+05:30,137918212,MUDUNURU,16.15,2875,Thu Dec 18 11:15:00 IST 2025,16530,16.79,16.79,16.15,16.47,NULL,NULL,"[{""price"": 0.0, ""orders"": 0, ""quantity"": 0}, {""price"": 0.0, ""orders"": 0, ""quantity"": 0}, {""price"": 0.0, ""orders"": 0, ""quantity"": 0}, {""price"": 0.0, ""orders"": 0, ""quantity"": 0}, {""price"": 0.0, ""orders"": 0, ""quantity"": 0}]","[{""price"": 16.15, ""orders"": 5, ""quantity"": 17632}, {""price"": 16.45, ""orders"": 1, ""quantity"": 1}, {""price"": 0.0, ""orders"": 0, ""quantity"": 0}, {""price"": 0.0, ""orders"": 0, ""quantity"": 0}, {""price"": 0.0, ""orders"": 0, ""quantity"": 0}]"
2025-12-18 11:27:44.267132+05:30,137918212,MUDUNURU,16.15,2875,Thu Dec 18 11:15:00 IST 2025,16530,16.79,16.79,16.15,16.47,NULL,NULL,"[{""price"": 0.0, ""orders"": 0, ""quantity"": 0}, {""price"": 0.0, ""orders"": 0, ""quantity"": 0}, {""price"": 0.0, ""orders"": 0, ""quantity"": 0}, {""price"": 0.0, ""orders"": 0, ""quantity"": 0}, {""price"": 0.0, ""orders"": 0, ""quantity"": 0}]","[{""price"": 16.15, ""orders"": 5, ""quantity"": 17632}, {""price"": 16.45, ""orders"": 1, ""quantity"": 1}, {""price"": 0.0, ""orders"": 0, ""quantity"": 0}, {""price"": 0.0, ""orders"": 0, ""quantity"": 0}, {""price"": 0.0, ""orders"": 0, ""quantity"": 0}]"
2025-12-18 11:27:45.661869+05:30,137918212,MUDUNURU,16.15,2875,Thu Dec 18 11:15:00 IST 2025,16530,16.79,16.79,16.15,16.47,NULL,NULL,"[{""price"": 0.0, ""orders"": 0, ""quantity"": 0}, {""price"": 0.0, ""orders"": 0, ""quantity"": 0}, {""price"": 0.0, ""orders"": 0, ""quantity"": 0}, {""price"": 0.0, ""orders"": 0, ""quantity"": 0}, {""price"": 0.0, ""orders"": 0, ""quantity"": 0}]","[{""price"": 16.15, ""orders"": 5, ""quantity"": 17632}, {""price"": 16.45, ""orders"": 1, ""quantity"": 1}, {""price"": 0.0, ""orders"": 0, ""quantity"": 0}, {""price"": 0.0, ""orders"": 0, ""quantity"": 0}, {""price"": 0.0, ""orders"": 0, ""quantity"": 0}]"
2025-12-18 11:27:47.081238+05:30,137918212,MUDUNURU,16.15,2875,Thu Dec 18 11:15:00 IST 2025,16530,16.79,16.79,16.15,16.47,NULL,NULL,"[{""price"": 0.0, ""orders"": 0, ""quantity"": 0}, {""price"": 0.0, ""orders"": 0, ""quantity"": 0}, {""price"": 0.0, ""orders"": 0, ""quantity"": 0}, {""price"": 0.0, ""orders"": 0, ""quantity"": 0}, {""price"": 0.0, ""orders"": 0, ""quantity"": 0}]","[{""price"": 16.15, ""orders"": 5, ""quantity"": 17632}, {""price"": 16.45, ""orders"": 1, ""quantity"": 1}, {""price"": 0.0, ""orders"": 0, ""quantity"": 0}, {""price"": 0.0, ""orders"": 0, ""quantity"": 0}, {""price"": 0.0, ""orders"": 0, ""quantity"": 0}]"
2025-12-18 11:27:48.371816+05:30,137918212,MUDUNURU,16.15,2875,Thu Dec 18 11:15:00 IST 2025,16530,16.79,16.79,16.15,16.47,NULL,NULL,"[{""price"": 0.0, ""orders"": 0, ""quantity"": 0}, {""price"": 0.0, ""orders"": 0, ""quantity"": 0}, {""price"": 0.0, ""orders"": 0, ""quantity"": 0}, {""price"": 0.0, ""orders"": 0, ""quantity"": 0}, {""price"": 0.0, ""orders"": 0, ""quantity"": 0}]","[{""price"": 16.15, ""orders"": 5, ""quantity"": 17632}, {""price"": 16.45, ""orders"": 1, ""quantity"": 1}, {""price"": 0.0, ""orders"": 0, ""quantity"": 0}, {""price"": 0.0, ""orders"": 0, ""quantity"": 0}, {""price"": 0.0, ""orders"": 0, ""quantity"": 0}]"
2025-12-18 11:27:49.818228+05:30,137918212,MUDUNURU,16.15,2875,Thu Dec 18 11:15:00 IST 2025,16530,16.79,16.79,16.15,16.47,NULL,NULL,"[{""price"": 0.0, ""orders"": 0, ""quantity"": 0}, {""price"": 0.0, ""orders"": 0, ""quantity"": 0}, {""price"": 0.0, ""orders"": 0, ""quantity"": 0}, {""price"": 0.0, ""orders"": 0, ""quantity"": 0}, {""price"": 0.0, ""orders"": 0, ""quantity"": 0}]","[{""price"": 16.15, ""orders"": 5, ""quantity"": 17632}, {""price"": 16.45, ""orders"": 1, ""quantity"": 1}, {""price"": 0.0, ""orders"": 0, ""quantity"": 0}, {""price"": 0.0, ""orders"": 0, ""quantity"": 0}, {""price"": 0.0, ""orders"": 0, ""quantity"": 0}]"
2025-12-18 11:27:51.188963+05:30,137918212,MUDUNURU,16.15,2875,Thu Dec 18 11:15:00 IST 2025,16530,16.79,16.79,16.15,16.47,NULL,NULL,"[{""price"": 0.0, ""orders"": 0, ""quantity"": 0}, {""price"": 0.0, ""orders"": 0, ""quantity"": 0}, {""price"": 0.0, ""orders"": 0, ""quantity"": 0}, {""price"": 0.0, ""orders"": 0, ""quantity"": 0}, {""price"": 0.0, ""orders"": 0, ""quantity"": 0}]","[{""price"": 16.15, ""orders"": 5, ""quantity"": 17632}, {""price"": 16.45, ""orders"": 1, ""quantity"": 1}, {""price"": 0.0, ""orders"": 0, ""quantity"": 0}, {""price"": 0.0, ""orders"": 0, ""quantity"": 0}, {""price"": 0.0, ""orders"": 0, ""quantity"": 0}]"
2025-12-18 11:27:52.589881+05:30,137918212,MUDUNURU,16.15,2875,Thu Dec 18 11:15:00 IST 2025,16530,16.79,16.79,16.15,16.47,NULL,NULL,"[{""price"": 0.0, ""orders"": 0, ""quantity"": 0}, {""price"": 0.0, ""orders"": 0, ""quantity"": 0}, {""price"": 0.0, ""orders"": 0, ""quantity"": 0}, {""price"": 0.0, ""orders"": 0, ""quantity"": 0}, {""price"": 0.0, ""orders"": 0, ""quantity"": 0}]","[{""price"": 16.15, ""orders"": 5, ""quantity"": 17632}, {""price"": 16.45, ""orders"": 1, ""quantity"": 1}, {""price"": 0.0, ""orders"": 0, ""quantity"": 0}, {""price"": 0.0, ""orders"": 0, ""quantity"": 0}, {""price"": 0.0, ""orders"": 0, ""quantity"": 0}]"
2025-12-18 11:27:53.918987+05:30,137918212,MUDUNURU,16.15,2875,Thu Dec 18 11:15:00 IST 2025,16530,16.79,16.79,16.15,16.47,NULL,NULL,"[{""price"": 0.0, ""orders"": 0, ""quantity"": 0}, {""price"": 0.0, ""orders"": 0, ""quantity"": 0}, {""price"": 0.0, ""orders"": 0, ""quantity"": 0}, {""price"": 0.0, ""orders"": 0, ""quantity"": 0}, {""price"": 0.0, ""orders"": 0, ""quantity"": 0}]","[{""price"": 16.15, ""orders"": 5, ""quantity"": 17632}, {""price"": 16.45, ""orders"": 1, ""quantity"": 1}, {""price"": 0.0, ""orders"": 0, ""quantity"": 0}, {""price"": 0.0, ""orders"": 0, ""quantity"": 0}, {""price"": 0.0, ""orders"": 0, ""quantity"": 0}]"
2025-12-18 11:27:55.211878+05:30,137918212,MUDUNURU,16.15,2875,Thu Dec 18 11:15:00 IST 2025,16530,16.79,16.79,16.15,16.47,NULL,NULL,"[{""price"": 0.0, ""orders"": 0, ""quantity"": 0}, {""price"": 0.0, ""orders"": 0, ""quantity"": 0}, {""price"": 0.0, ""orders"": 0, ""quantity"": 0}, {""price"": 0.0, ""orders"": 0, ""quantity"": 0}, {""price"": 0.0, ""orders"": 0, ""quantity"": 0}]","[{""price"": 16.15, ""orders"": 5, ""quantity"": 17632}, {""price"": 16.45, ""orders"": 1, ""quantity"": 1}, {""price"": 0.0, ""orders"": 0, ""quantity"": 0}, {""price"": 0.0, ""orders"": 0, ""quantity"": 0}, {""price"": 0.0, ""orders"": 0, ""quantity"": 0}]"
2025-12-18 11:27:56.497025+05:30,137918212,MUDUNURU,16.15,2875,Thu Dec 18 11:15:00 IST 2025,16530,16.79,16.79,16.15,16.47,NULL,NULL,"[{""price"": 0.0, ""orders"": 0, ""quantity"": 0}, {""price"": 0.0, ""orders"": 0, ""quantity"": 0}, {""price"": 0.0, ""orders"": 0, ""quantity"": 0}, {""price"": 0.0, ""orders"": 0, ""quantity"": 0}, {""price"": 0.0, ""orders"": 0, ""quantity"": 0}]","[{""price"": 16.15, ""orders"": 5, ""quantity"": 17632}, {""price"": 16.45, ""orders"": 1, ""quantity"": 1}, {""price"": 0.0, ""orders"": 0, ""quantity"": 0}, {""price"": 0.0, ""orders"": 0, ""quantity"": 0}, {""price"": 0.0, ""orders"": 0, ""quantity"": 0}]"
2025-12-18 11:27:57.884787+05:30,137918212,MUDUNURU,16.15,2875,Thu Dec 18 11:15:00 IST 2025,16530,16.79,16.79,16.15,16.47,NULL,NULL,"[{""price"": 0.0, ""orders"": 0, ""quantity"": 0}, {""price"": 0.0, ""orders"": 0, ""quantity"": 0}, {""price"": 0.0, ""orders"": 0, ""quantity"": 0}, {""price"": 0.0, ""orders"": 0, ""quantity"": 0}, {""price"": 0.0, ""orders"": 0, ""quantity"": 0}]","[{""price"": 16.15, ""orders"": 5, ""quantity"": 17632}, {""price"": 16.45, ""orders"": 1, ""quantity"": 1}, {""price"": 0.0, ""orders"": 0, ""quantity"": 0}, {""price"": 0.0, ""orders"": 0, ""quantity"": 0}, {""price"": 0.0, ""orders"": 0, ""quantity"": 0}]"
2025-12-18 11:27:59.232093+05:30,137918212,MUDUNURU,16.15,2875,Thu Dec 18 11:15:00 IST 2025,16530,16.79,16.79,16.15,16.47,NULL,NULL,"[{""price"": 0.0, ""orders"": 0, ""quantity"": 0}, {""price"": 0.0, ""orders"": 0, ""quantity"": 0}, {""price"": 0.0, ""orders"": 0, ""quantity"": 0}, {""price"": 0.0, ""orders"": 0, ""quantity"": 0}, {""price"": 0.0, ""orders"": 0, ""quantity"": 0}]","[{""price"": 16.15, ""orders"": 5, ""quantity"": 17632}, {""price"": 16.45, ""orders"": 1, ""quantity"": 1}, {""price"": 0.0, ""orders"": 0, ""quantity"": 0}, {""price"": 0.0, ""orders"": 0, ""quantity"": 0}, {""price"": 0.0, ""orders"": 0, ""quantity"": 0}]"
2025-12-18 11:28:00.585936+05:30,137918212,MUDUNURU,16.15,2875,Thu Dec 18 11:15:00 IST 2025,16530,16.79,16.79,16.15,16.47,16.15,16.79,"[{""price"": 0.0, ""orders"": 0, ""quantity"": 0}, {""price"": 0.0, ""orders"": 0, ""quantity"": 0}, {""price"": 0.0, ""orders"": 0, ""quantity"": 0}, {""price"": 0.0, ""orders"": 0, ""quantity"": 0}, {""price"": 0.0, ""orders"": 0, ""quantity"": 0}]","[{""price"": 16.15, ""orders"": 5, ""quantity"": 17632}, {""price"": 16.45, ""orders"": 1, ""quantity"": 1}, {""price"": 0.0, ""orders"": 0, ""quantity"": 0}, {""price"": 0.0, ""orders"": 0, ""quantity"": 0}, {""price"": 0.0, ""orders"": 0, ""quantity"": 0}]"
2025-12-18 11:28:02.155381+05:30,137918212,MUDUNURU,16.15,2875,Thu Dec 18 11:15:00 IST 2025,16530,16.79,16.79,16.15,16.47,NULL,NULL,"[{""price"": 0.0, ""orders"": 0, ""quantity"": 0}, {""price"": 0.0, ""orders"": 0, ""quantity"": 0}, {""price"": 0.0, ""orders"": 0, ""quantity"": 0}, {""price"": 0.0, ""orders"": 0, ""quantity"": 0}, {""price"": 0.0, ""orders"": 0, ""quantity"": 0}]","[{""price"": 16.15, ""orders"": 5, ""quantity"": 17632}, {""price"": 16.45, ""orders"": 1, ""quantity"": 1}, {""price"": 0.0, ""orders"": 0, ""quantity"": 0}, {""price"": 0.0, ""orders"": 0, ""quantity"": 0}, {""price"": 0.0, ""orders"": 0, ""quantity"": 0}]"
2025-12-18 11:28:03.445838+05:30,137918212,MUDUNURU,16.15,2875,Thu Dec 18 11:15:00 IST 2025,16530,16.79,16.79,16.15,16.47,NULL,NULL,"[{""price"": 0.0, ""orders"": 0, ""quantity"": 0}, {""price"": 0.0, ""orders"": 0, ""quantity"": 0}, {""price"": 0.0, ""orders"": 0, ""quantity"": 0}, {""price"": 0.0, ""orders"": 0, ""quantity"": 0}, {""price"": 0.0, ""orders"": 0, ""quantity"": 0}]","[{""price"": 16.15, ""orders"": 5, ""quantity"": 17632}, {""price"": 16.45, ""orders"": 1, ""quantity"": 1}, {""price"": 0.0, ""orders"": 0, ""quantity"": 0}, {""price"": 0.0, ""orders"": 0, ""quantity"": 0}, {""price"": 0.0, ""orders"": 0, ""quantity"": 0}]"
2025-12-18 11:28:04.735716+05:30,137918212,MUDUNURU,16.15,2875,Thu Dec 18 11:15:00 IST 2025,16530,16.79,16.79,16.15,16.47,16.15,16.79,"[{""price"": 0.0, ""orders"": 0, ""quantity"": 0}, {""price"": 0.0, ""orders"": 0, ""quantity"": 0}, {""price"": 0.0, ""orders"": 0, ""quantity"": 0}, {""price"": 0.0, ""orders"": 0, ""quantity"": 0}, {""price"": 0.0, ""orders"": 0, ""quantity"": 0}]","[{""price"": 16.15, ""orders"": 5, ""quantity"": 17632}, {""price"": 16.45, ""orders"": 1, ""quantity"": 1}, {""price"": 0.0, ""orders"": 0, ""quantity"": 0}, {""price"": 0.0, ""orders"": 0, ""quantity"": 0}, {""price"": 0.0, ""orders"": 0, ""quantity"": 0}]"
2025-12-18 11:28:06.218759+05:30,137918212,MUDUNURU,16.15,2875,Thu Dec 18 11:15:00 IST 2025,16530,16.79,16.79,16.15,16.47,NULL,NULL,"[{""price"": 0.0, ""orders"": 0, ""quantity"": 0}, {""price"": 0.0, ""orders"": 0, ""quantity"": 0}, {""price"": 0.0, ""orders"": 0, ""quantity"": 0}, {""price"": 0.0, ""orders"": 0, ""quantity"": 0}, {""price"": 0.0, ""orders"": 0, ""quantity"": 0}]","[{""price"": 16.15, ""orders"": 5, ""quantity"": 17632}, {""price"": 16.45, ""orders"": 1, ""quantity"": 1}, {""price"": 0.0, ""orders"": 0, ""quantity"": 0}, {""price"": 0.0, ""orders"": 0, ""quantity"": 0}, {""price"": 0.0, ""orders"": 0, ""quantity"": 0}]"
2025-12-18 11:28:07.58647+05:30,137918212,MUDUNURU,16.15,2875,Thu Dec 18 11:15:00 IST 2025,16530,16.79,16.79,16.15,16.47,NULL,NULL,"[{""price"": 0.0, ""orders"": 0, ""quantity"": 0}, {""price"": 0.0, ""orders"": 0, ""quantity"": 0}, {""price"": 0.0, ""orders"": 0, ""quantity"": 0}, {""price"": 0.0, ""orders"": 0, ""quantity"": 0}, {""price"": 0.0, ""orders"": 0, ""quantity"": 0}]","[{""price"": 16.15, ""orders"": 5, ""quantity"": 17632}, {""price"": 16.45, ""orders"": 1, ""quantity"": 1}, {""price"": 0.0, ""orders"": 0, ""quantity"": 0}, {""price"": 0.0, ""orders"": 0, ""quantity"": 0}, {""price"": 0.0, ""orders"": 0, ""quantity"": 0}]"
2025-12-18 11:28:08.923966+05:30,137918212,MUDUNURU,16.15,2875,Thu Dec 18 11:15:00 IST 2025,16530,16.79,16.79,16.15,16.47,NULL,NULL,"[{""price"": 0.0, ""orders"": 0, ""quantity"": 0}, {""price"": 0.0, ""orders"": 0, ""quantity"": 0}, {""price"": 0.0, ""orders"": 0, ""quantity"": 0}, {""price"": 0.0, ""orders"": 0, ""quantity"": 0}, {""price"": 0.0, ""orders"": 0, ""quantity"": 0}]","[{""price"": 16.15, ""orders"": 5, ""quantity"": 17632}, {""price"": 16.45, ""orders"": 1, ""quantity"": 1}, {""price"": 0.0, ""orders"": 0, ""quantity"": 0}, {""price"": 0.0, ""orders"": 0, ""quantity"": 0}, {""price"": 0.0, ""orders"": 0, ""quantity"": 0}]"
2025-12-18 11:28:10.367762+05:30,137918212,MUDUNURU,16.15,2875,Thu Dec 18 11:15:00 IST 2025,16530,16.79,16.79,16.15,16.47,NULL,NULL,"[{""price"": 0.0, ""orders"": 0, ""quantity"": 0}, {""price"": 0.0, ""orders"": 0, ""quantity"": 0}, {""price"": 0.0, ""orders"": 0, ""quantity"": 0}, {""price"": 0.0, ""orders"": 0, ""quantity"": 0}, {""price"": 0.0, ""orders"": 0, ""quantity"": 0}]","[{""price"": 16.15, ""orders"": 5, ""quantity"": 17632}, {""price"": 16.45, ""orders"": 1, ""quantity"": 1}, {""price"": 0.0, ""orders"": 0, ""quantity"": 0}, {""price"": 0.0, ""orders"": 0, ""quantity"": 0}, {""price"": 0.0, ""orders"": 0, ""quantity"": 0}]"
2025-12-18 11:28:11.677197+05:30,137918212,MUDUNURU,16.15,2875,Thu Dec 18 11:15:00 IST 2025,16530,16.79,16.79,16.15,16.47,NULL,NULL,"[{""price"": 0.0, ""orders"": 0, ""quantity"": 0}, {""price"": 0.0, ""orders"": 0, ""quantity"": 0}, {""price"": 0.0, ""orders"": 0, ""quantity"": 0}, {""price"": 0.0, ""orders"": 0, ""quantity"": 0}, {""price"": 0.0, ""orders"": 0, ""quantity"": 0}]","[{""price"": 16.15, ""orders"": 5, ""quantity"": 17632}, {""price"": 16.45, ""orders"": 1, ""quantity"": 1}, {""price"": 0.0, ""orders"": 0, ""quantity"": 0}, {""price"": 0.0, ""orders"": 0, ""quantity"": 0}, {""price"": 0.0, ""orders"": 0, ""quantity"": 0}]"
2025-12-18 11:28:13.056181+05:30,137918212,MUDUNURU,16.15,2875,Thu Dec 18 11:15:00 IST 2025,16530,16.79,16.79,16.15,16.47,NULL,NULL,"[{""price"": 0.0, ""orders"": 0, ""quantity"": 0}, {""price"": 0.0, ""orders"": 0, ""quantity"": 0}, {""price"": 0.0, ""orders"": 0, ""quantity"": 0}, {""price"": 0.0, ""orders"": 0, ""quantity"": 0}, {""price"": 0.0, ""orders"": 0, ""quantity"": 0}]","[{""price"": 16.15, ""orders"": 5, ""quantity"": 17632}, {""price"": 16.45, ""orders"": 1, ""quantity"": 1}, {""price"": 0.0, ""orders"": 0, ""quantity"": 0}, {""price"": 0.0, ""orders"": 0, ""quantity"": 0}, {""price"": 0.0, ""orders"": 0, ""quantity"": 0}]"
2025-12-18 11:28:14.329281+05:30,137918212,MUDUNURU,16.15,2875,Thu Dec 18 11:15:00 IST 2025,16530,16.79,16.79,16.15,16.47,NULL,NULL,"[{""price"": 0.0, ""orders"": 0, ""quantity"": 0}, {""price"": 0.0, ""orders"": 0, ""quantity"": 0}, {""price"": 0.0, ""orders"": 0, ""quantity"": 0}, {""price"": 0.0, ""orders"": 0, ""quantity"": 0}, {""price"": 0.0, ""orders"": 0, ""quantity"": 0}]","[{""price"": 16.15, ""orders"": 5, ""quantity"": 17632}, {""price"": 16.45, ""orders"": 1, ""quantity"": 1}, {""price"": 0.0, ""orders"": 0, ""quantity"": 0}, {""price"": 0.0, ""orders"": 0, ""quantity"": 0}, {""price"": 0.0, ""orders"": 0, ""quantity"": 0}]"
2025-12-18 11:28:15.754408+05:30,137918212,MUDUNURU,16.15,2875,Thu Dec 18 11:15:00 IST 2025,16530,16.79,16.79,16.15,16.47,NULL,NULL,"[{""price"": 0.0, ""orders"": 0, ""quantity"": 0}, {""price"": 0.0, ""orders"": 0, ""quantity"": 0}, {""price"": 0.0, ""orders"": 0, ""quantity"": 0}, {""price"": 0.0, ""orders"": 0, ""quantity"": 0}, {""price"": 0.0, ""orders"": 0, ""quantity"": 0}]","[{""price"": 16.15, ""orders"": 5, ""quantity"": 17632}, {""price"": 16.45, ""orders"": 1, ""quantity"": 1}, {""price"": 0.0, ""orders"": 0, ""quantity"": 0}, {""price"": 0.0, ""orders"": 0, ""quantity"": 0}, {""price"": 0.0, ""orders"": 0, ""quantity"": 0}]"
2025-12-18 11:28:17.02111+05:30,137918212,MUDUNURU,16.15,2875,Thu Dec 18 11:15:00 IST 2025,16530,16.79,16.79,16.15,16.47,NULL,NULL,"[{""price"": 0.0, ""orders"": 0, ""quantity"": 0}, {""price"": 0.0, ""orders"": 0, ""quantity"": 0}, {""price"": 0.0, ""orders"": 0, ""quantity"": 0}, {""price"": 0.0, ""orders"": 0, ""quantity"": 0}, {""price"": 0.0, ""orders"": 0, ""quantity"": 0}]","[{""price"": 16.15, ""orders"": 5, ""quantity"": 17632}, {""price"": 16.45, ""orders"": 1, ""quantity"": 1}, {""price"": 0.0, ""orders"": 0, ""quantity"": 0}, {""price"": 0.0, ""orders"": 0, ""quantity"": 0}, {""price"": 0.0, ""orders"": 0, ""quantity"": 0}]"
2025-12-18 11:28:18.354256+05:30,137918212,MUDUNURU,16.15,2875,Thu Dec 18 11:15:00 IST 2025,16530,16.79,16.79,16.15,16.47,NULL,NULL,"[{""price"": 0.0, ""orders"": 0, ""quantity"": 0}, {""price"": 0.0, ""orders"": 0, ""quantity"": 0}, {""price"": 0.0, ""orders"": 0, ""quantity"": 0}, {""price"": 0.0, ""orders"": 0, ""quantity"": 0}, {""price"": 0.0, ""orders"": 0, ""quantity"": 0}]","[{""price"": 16.15, ""orders"": 5, ""quantity"": 17632}, {""price"": 16.45, ""orders"": 1, ""quantity"": 1}, {""price"": 0.0, ""orders"": 0, ""quantity"": 0}, {""price"": 0.0, ""orders"": 0, ""quantity"": 0}, {""price"": 0.0, ""orders"": 0, ""quantity"": 0}]"
2025-12-18 11:28:19.76163+05:30,137918212,MUDUNURU,16.15,2875,Thu Dec 18 11:15:00 IST 2025,16530,16.79,16.79,16.15,16.47,NULL,NULL,"[{""price"": 0.0, ""orders"": 0, ""quantity"": 0}, {""price"": 0.0, ""orders"": 0, ""quantity"": 0}, {""price"": 0.0, ""orders"": 0, ""quantity"": 0}, {""price"": 0.0, ""orders"": 0, ""quantity"": 0}, {""price"": 0.0, ""orders"": 0, ""quantity"": 0}]","[{""price"": 16.15, ""orders"": 5, ""quantity"": 17632}, {""price"": 16.45, ""orders"": 1, ""quantity"": 1}, {""price"": 0.0, ""orders"": 0, ""quantity"": 0}, {""price"": 0.0, ""orders"": 0, ""quantity"": 0}, {""price"": 0.0, ""orders"": 0, ""quantity"": 0}]"
2025-12-18 11:28:21.142005+05:30,137918212,MUDUNURU,16.15,2875,Thu Dec 18 11:15:00 IST 2025,16530,16.79,16.79,16.15,16.47,NULL,NULL,"[{""price"": 0.0, ""orders"": 0, ""quantity"": 0}, {""price"": 0.0, ""orders"": 0, ""quantity"": 0}, {""price"": 0.0, ""orders"": 0, ""quantity"": 0}, {""price"": 0.0, ""orders"": 0, ""quantity"": 0}, {""price"": 0.0, ""orders"": 0, ""quantity"": 0}]","[{""price"": 16.15, ""orders"": 5, ""quantity"": 17632}, {""price"": 16.45, ""orders"": 1, ""quantity"": 1}, {""price"": 0.0, ""orders"": 0, ""quantity"": 0}, {""price"": 0.0, ""orders"": 0, ""quantity"": 0}, {""price"": 0.0, ""orders"": 0, ""quantity"": 0}]"
2025-12-18 11:28:22.421461+05:30,137918212,MUDUNURU,16.15,2875,Thu Dec 18 11:15:00 IST 2025,16530,16.79,16.79,16.15,16.47,NULL,NULL,"[{""price"": 0.0, ""orders"": 0, ""quantity"": 0}, {""price"": 0.0, ""orders"": 0, ""quantity"": 0}, {""price"": 0.0, ""orders"": 0, ""quantity"": 0}, {""price"": 0.0, ""orders"": 0, ""quantity"": 0}, {""price"": 0.0, ""orders"": 0, ""quantity"": 0}]","[{""price"": 16.15, ""orders"": 5, ""quantity"": 17632}, {""price"": 16.45, ""orders"": 1, ""quantity"": 1}, {""price"": 0.0, ""orders"": 0, ""quantity"": 0}, {""price"": 0.0, ""orders"": 0, ""quantity"": 0}, {""price"": 0.0, ""orders"": 0, ""quantity"": 0}]"
2025-12-18 11:28:23.811081+05:30,137918212,MUDUNURU,16.15,2875,Thu Dec 18 11:15:00 IST 2025,16530,16.79,16.79,16.15,16.47,NULL,NULL,"[{""price"": 0.0, ""orders"": 0, ""quantity"": 0}, {""price"": 0.0, ""orders"": 0, ""quantity"": 0}, {""price"": 0.0, ""orders"": 0, ""quantity"": 0}, {""price"": 0.0, ""orders"": 0, ""quantity"": 0}, {""price"": 0.0, ""orders"": 0, ""quantity"": 0}]","[{""price"": 16.15, ""orders"": 5, ""quantity"": 17632}, {""price"": 16.45, ""orders"": 1, ""quantity"": 1}, {""price"": 0.0, ""orders"": 0, ""quantity"": 0}, {""price"": 0.0, ""orders"": 0, ""quantity"": 0}, {""price"": 0.0, ""orders"": 0, ""quantity"": 0}]"
2025-12-18 11:28:25.136524+05:30,137918212,MUDUNURU,16.15,2875,Thu Dec 18 11:15:00 IST 2025,16530,16.79,16.79,16.15,16.47,NULL,NULL,"[{""price"": 0.0, ""orders"": 0, ""quantity"": 0}, {""price"": 0.0, ""orders"": 0, ""quantity"": 0}, {""price"": 0.0, ""orders"": 0, ""quantity"": 0}, {""price"": 0.0, ""orders"": 0, ""quantity"": 0}, {""price"": 0.0, ""orders"": 0, ""quantity"": 0}]","[{""price"": 16.15, ""orders"": 5, ""quantity"": 17632}, {""price"": 16.45, ""orders"": 1, ""quantity"": 1}, {""price"": 0.0, ""orders"": 0, ""quantity"": 0}, {""price"": 0.0, ""orders"": 0, ""quantity"": 0}, {""price"": 0.0, ""orders"": 0, ""quantity"": 0}]"
2025-12-18 11:28:26.460752+05:30,137918212,MUDUNURU,16.15,2875,Thu Dec 18 11:15:00 IST 2025,16530,16.79,16.79,16.15,16.47,NULL,NULL,"[{""price"": 0.0, ""orders"": 0, ""quantity"": 0}, {""price"": 0.0, ""orders"": 0, ""quantity"": 0}, {""price"": 0.0, ""orders"": 0, ""quantity"": 0}, {""price"": 0.0, ""orders"": 0, ""quantity"": 0}, {""price"": 0.0, ""orders"": 0, ""quantity"": 0}]","[{""price"": 16.15, ""orders"": 5, ""quantity"": 17632}, {""price"": 16.45, ""orders"": 1, ""quantity"": 1}, {""price"": 0.0, ""orders"": 0, ""quantity"": 0}, {""price"": 0.0, ""orders"": 0, ""quantity"": 0}, {""price"": 0.0, ""orders"": 0, ""quantity"": 0}]"
2025-12-18 11:28:27.89809+05:30,137918212,MUDUNURU,16.15,2875,Thu Dec 18 11:15:00 IST 2025,16530,16.79,16.79,16.15,16.47,NULL,NULL,"[{""price"": 0.0, ""orders"": 0, ""quantity"": 0}, {""price"": 0.0, ""orders"": 0, ""quantity"": 0}, {""price"": 0.0, ""orders"": 0, ""quantity"": 0}, {""price"": 0.0, ""orders"": 0, ""quantity"": 0}, {""price"": 0.0, ""orders"": 0, ""quantity"": 0}]","[{""price"": 16.15, ""orders"": 5, ""quantity"": 17632}, {""price"": 16.45, ""orders"": 1, ""quantity"": 1}, {""price"": 0.0, ""orders"": 0, ""quantity"": 0}, {""price"": 0.0, ""orders"": 0, ""quantity"": 0}, {""price"": 0.0, ""orders"": 0, ""quantity"": 0}]"
2025-12-18 11:28:29.147194+05:30,137918212,MUDUNURU,16.15,2875,Thu Dec 18 11:15:00 IST 2025,16530,16.79,16.79,16.15,16.47,NULL,NULL,"[{""price"": 0.0, ""orders"": 0, ""quantity"": 0}, {""price"": 0.0, ""orders"": 0, ""quantity"": 0}, {""price"": 0.0, ""orders"": 0, ""quantity"": 0}, {""price"": 0.0, ""orders"": 0, ""quantity"": 0}, {""price"": 0.0, ""orders"": 0, ""quantity"": 0}]","[{""price"": 16.15, ""orders"": 5, ""quantity"": 17632}, {""price"": 16.45, ""orders"": 1, ""quantity"": 1}, {""price"": 0.0, ""orders"": 0, ""quantity"": 0}, {""price"": 0.0, ""orders"": 0, ""quantity"": 0}, {""price"": 0.0, ""orders"": 0, ""quantity"": 0}]"
2025-12-18 11:28:30.542973+05:30,137918212,MUDUNURU,16.15,2875,Thu Dec 18 11:15:00 IST 2025,16530,16.79,16.79,16.15,16.47,NULL,NULL,"[{""price"": 0.0, ""orders"": 0, ""quantity"": 0}, {""price"": 0.0, ""orders"": 0, ""quantity"": 0}, {""price"": 0.0, ""orders"": 0, ""quantity"": 0}, {""price"": 0.0, ""orders"": 0, ""quantity"": 0}, {""price"": 0.0, ""orders"": 0, ""quantity"": 0}]","[{""price"": 16.15, ""orders"": 5, ""quantity"": 17632}, {""price"": 16.45, ""orders"": 1, ""quantity"": 1}, {""price"": 0.0, ""orders"": 0, ""quantity"": 0}, {""price"": 0.0, ""orders"": 0, ""quantity"": 0}, {""price"": 0.0, ""orders"": 0, ""quantity"": 0}]"
2025-12-18 11:28:31.91862+05:30,137918212,MUDUNURU,16.15,2875,Thu Dec 18 11:15:00 IST 2025,16530,16.79,16.79,16.15,16.47,NULL,NULL,"[{""price"": 0.0, ""orders"": 0, ""quantity"": 0}, {""price"": 0.0, ""orders"": 0, ""quantity"": 0}, {""price"": 0.0, ""orders"": 0, ""quantity"": 0}, {""price"": 0.0, ""orders"": 0, ""quantity"": 0}, {""price"": 0.0, ""orders"": 0, ""quantity"": 0}]","[{""price"": 16.15, ""orders"": 5, ""quantity"": 17632}, {""price"": 16.45, ""orders"": 1, ""quantity"": 1}, {""price"": 0.0, ""orders"": 0, ""quantity"": 0}, {""price"": 0.0, ""orders"": 0, ""quantity"": 0}, {""price"": 0.0, ""orders"": 0, ""quantity"": 0}]"
2025-12-18 11:28:33.209382+05:30,137918212,MUDUNURU,16.15,2875,Thu Dec 18 11:15:00 IST 2025,16530,16.79,16.79,16.15,16.47,NULL,NULL,"[{""price"": 0.0, ""orders"": 0, ""quantity"": 0}, {""price"": 0.0, ""orders"": 0, ""quantity"": 0}, {""price"": 0.0, ""orders"": 0, ""quantity"": 0}, {""price"": 0.0, ""orders"": 0, ""quantity"": 0}, {""price"": 0.0, ""orders"": 0, ""quantity"": 0}]","[{""price"": 16.15, ""orders"": 5, ""quantity"": 17632}, {""price"": 16.45, ""orders"": 1, ""quantity"": 1}, {""price"": 0.0, ""orders"": 0, ""quantity"": 0}, {""price"": 0.0, ""orders"": 0, ""quantity"": 0}, {""price"": 0.0, ""orders"": 0, ""quantity"": 0}]"
2025-12-18 11:28:34.654733+05:30,137918212,MUDUNURU,16.15,2875,Thu Dec 18 11:15:00 IST 2025,16530,16.79,16.79,16.15,16.47,NULL,NULL,"[{""price"": 0.0, ""orders"": 0, ""quantity"": 0}, {""price"": 0.0, ""orders"": 0, ""quantity"": 0}, {""price"": 0.0, ""orders"": 0, ""quantity"": 0}, {""price"": 0.0, ""orders"": 0, ""quantity"": 0}, {""price"": 0.0, ""orders"": 0, ""quantity"": 0}]","[{""price"": 16.15, ""orders"": 5, ""quantity"": 17632}, {""price"": 16.45, ""orders"": 1, ""quantity"": 1}, {""price"": 0.0, ""orders"": 0, ""quantity"": 0}, {""price"": 0.0, ""orders"": 0, ""quantity"": 0}, {""price"": 0.0, ""orders"": 0, ""quantity"": 0}]"
2025-12-18 11:28:35.928682+05:30,137918212,MUDUNURU,16.15,2875,Thu Dec 18 11:15:00 IST 2025,16530,16.79,16.79,16.15,16.47,NULL,NULL,"[{""price"": 0.0, ""orders"": 0, ""quantity"": 0}, {""price"": 0.0, ""orders"": 0, ""quantity"": 0}, {""price"": 0.0, ""orders"": 0, ""quantity"": 0}, {""price"": 0.0, ""orders"": 0, ""quantity"": 0}, {""price"": 0.0, ""orders"": 0, ""quantity"": 0}]","[{""price"": 16.15, ""orders"": 5, ""quantity"": 17632}, {""price"": 16.45, ""orders"": 1, ""quantity"": 1}, {""price"": 0.0, ""orders"": 0, ""quantity"": 0}, {""price"": 0.0, ""orders"": 0, ""quantity"": 0}, {""price"": 0.0, ""orders"": 0, ""quantity"": 0}]"
2025-12-18 11:28:37.311732+05:30,137918212,MUDUNURU,16.15,2875,Thu Dec 18 11:15:00 IST 2025,16530,16.79,16.79,16.15,16.47,NULL,NULL,"[{""price"": 0.0, ""orders"": 0, ""quantity"": 0}, {""price"": 0.0, ""orders"": 0, ""quantity"": 0}, {""price"": 0.0, ""orders"": 0, ""quantity"": 0}, {""price"": 0.0, ""orders"": 0, ""quantity"": 0}, {""price"": 0.0, ""orders"": 0, ""quantity"": 0}]","[{""price"": 16.15, ""orders"": 5, ""quantity"": 17632}, {""price"": 16.45, ""orders"": 1, ""quantity"": 1}, {""price"": 0.0, ""orders"": 0, ""quantity"": 0}, {""price"": 0.0, ""orders"": 0, ""quantity"": 0}, {""price"": 0.0, ""orders"": 0, ""quantity"": 0}]"
2025-12-18 11:28:38.537774+05:30,137918212,MUDUNURU,16.15,2875,Thu Dec 18 11:15:00 IST 2025,16530,16.79,16.79,16.15,16.47,16.15,16.79,"[{""price"": 0.0, ""orders"": 0, ""quantity"": 0}, {""price"": 0.0, ""orders"": 0, ""quantity"": 0}, {""price"": 0.0, ""orders"": 0, ""quantity"": 0}, {""price"": 0.0, ""orders"": 0, ""quantity"": 0}, {""price"": 0.0, ""orders"": 0, ""quantity"": 0}]","[{""price"": 16.15, ""orders"": 5, ""quantity"": 17632}, {""price"": 16.45, ""orders"": 1, ""quantity"": 1}, {""price"": 0.0, ""orders"": 0, ""quantity"": 0}, {""price"": 0.0, ""orders"": 0, ""quantity"": 0}, {""price"": 0.0, ""orders"": 0, ""quantity"": 0}]"
2025-12-18 11:28:39.792868+05:30,137918212,MUDUNURU,16.15,2875,Thu Dec 18 11:15:00 IST 2025,16530,16.79,16.79,16.15,16.47,16.15,16.79,"[{""price"": 0.0, ""orders"": 0, ""quantity"": 0}, {""price"": 0.0, ""orders"": 0, ""quantity"": 0}, {""price"": 0.0, ""orders"": 0, ""quantity"": 0}, {""price"": 0.0, ""orders"": 0, ""quantity"": 0}, {""price"": 0.0, ""orders"": 0, ""quantity"": 0}]","[{""price"": 16.15, ""orders"": 5, ""quantity"": 17632}, {""price"": 16.45, ""orders"": 1, ""quantity"": 1}, {""price"": 0.0, ""orders"": 0, ""quantity"": 0}, {""price"": 0.0, ""orders"": 0, ""quantity"": 0}, {""price"": 0.0, ""orders"": 0, ""quantity"": 0}]"
2025-12-18 11:28:41.261696+05:30,137918212,MUDUNURU,16.15,2875,Thu Dec 18 11:15:00 IST 2025,16530,16.79,16.79,16.15,16.47,NULL,NULL,"[{""price"": 0.0, ""orders"": 0, ""quantity"": 0}, {""price"": 0.0, ""orders"": 0, ""quantity"": 0}, {""price"": 0.0, ""orders"": 0, ""quantity"": 0}, {""price"": 0.0, ""orders"": 0, ""quantity"": 0}, {""price"": 0.0, ""orders"": 0, ""quantity"": 0}]","[{""price"": 16.15, ""orders"": 5, ""quantity"": 17632}, {""price"": 16.45, ""orders"": 1, ""quantity"": 1}, {""price"": 0.0, ""orders"": 0, ""quantity"": 0}, {""price"": 0.0, ""orders"": 0, ""quantity"": 0}, {""price"": 0.0, ""orders"": 0, ""quantity"": 0}]"
2025-12-18 11:28:42.548112+05:30,137918212,MUDUNURU,16.15,2875,Thu Dec 18 11:15:00 IST 2025,16530,16.79,16.79,16.15,16.47,NULL,NULL,"[{""price"": 0.0, ""orders"": 0, ""quantity"": 0}, {""price"": 0.0, ""orders"": 0, ""quantity"": 0}, {""price"": 0.0, ""orders"": 0, ""quantity"": 0}, {""price"": 0.0, ""orders"": 0, ""quantity"": 0}, {""price"": 0.0, ""orders"": 0, ""quantity"": 0}]","[{""price"": 16.15, ""orders"": 5, ""quantity"": 17632}, {""price"": 16.45, ""orders"": 1, ""quantity"": 1}, {""price"": 0.0, ""orders"": 0, ""quantity"": 0}, {""price"": 0.0, ""orders"": 0, ""quantity"": 0}, {""price"": 0.0, ""orders"": 0, ""quantity"": 0}]"
2025-12-18 11:28:43.916841+05:30,137918212,MUDUNURU,16.15,2875,Thu Dec 18 11:15:00 IST 2025,16530,16.79,16.79,16.15,16.47,NULL,NULL,"[{""price"": 0.0, ""orders"": 0, ""quantity"": 0}, {""price"": 0.0, ""orders"": 0, ""quantity"": 0}, {""price"": 0.0, ""orders"": 0, ""quantity"": 0}, {""price"": 0.0, ""orders"": 0, ""quantity"": 0}, {""price"": 0.0, ""orders"": 0, ""quantity"": 0}]","[{""price"": 16.15, ""orders"": 5, ""quantity"": 17632}, {""price"": 16.45, ""orders"": 1, ""quantity"": 1}, {""price"": 0.0, ""orders"": 0, ""quantity"": 0}, {""price"": 0.0, ""orders"": 0, ""quantity"": 0}, {""price"": 0.0, ""orders"": 0, ""quantity"": 0}]"
2025-12-18 11:28:45.269106+05:30,137918212,MUDUNURU,16.15,2875,Thu Dec 18 11:15:00 IST 2025,16530,16.79,16.79,16.15,16.47,NULL,NULL,"[{""price"": 0.0, ""orders"": 0, ""quantity"": 0}, {""price"": 0.0, ""orders"": 0, ""quantity"": 0}, {""price"": 0.0, ""orders"": 0, ""quantity"": 0}, {""price"": 0.0, ""orders"": 0, ""quantity"": 0}, {""price"": 0.0, ""orders"": 0, ""quantity"": 0}]","[{""price"": 16.15, ""orders"": 5, ""quantity"": 17632}, {""price"": 16.45, ""orders"": 1, ""quantity"": 1}, {""price"": 0.0, ""orders"": 0, ""quantity"": 0}, {""price"": 0.0, ""orders"": 0, ""quantity"": 0}, {""price"": 0.0, ""orders"": 0, ""quantity"": 0}]"
2025-12-18 11:28:46.567165+05:30,137918212,MUDUNURU,16.15,2875,Thu Dec 18 11:15:00 IST 2025,16530,16.79,16.79,16.15,16.47,NULL,NULL,"[{""price"": 0.0, ""orders"": 0, ""quantity"": 0}, {""price"": 0.0, ""orders"": 0, ""quantity"": 0}, {""price"": 0.0, ""orders"": 0, ""quantity"": 0}, {""price"": 0.0, ""orders"": 0, ""quantity"": 0}, {""price"": 0.0, ""orders"": 0, ""quantity"": 0}]","[{""price"": 16.15, ""orders"": 5, ""quantity"": 17632}, {""price"": 16.45, ""orders"": 1, ""quantity"": 1}, {""price"": 0.0, ""orders"": 0, ""quantity"": 0}, {""price"": 0.0, ""orders"": 0, ""quantity"": 0}, {""price"": 0.0, ""orders"": 0, ""quantity"": 0}]"
2025-12-18 11:28:47.967702+05:30,137918212,MUDUNURU,16.15,2875,Thu Dec 18 11:15:00 IST 2025,16530,16.79,16.79,16.15,16.47,NULL,NULL,"[{""price"": 0.0, ""orders"": 0, ""quantity"": 0}, {""price"": 0.0, ""orders"": 0, ""quantity"": 0}, {""price"": 0.0, ""orders"": 0, ""quantity"": 0}, {""price"": 0.0, ""orders"": 0, ""quantity"": 0}, {""price"": 0.0, ""orders"": 0, ""quantity"": 0}]","[{""price"": 16.15, ""orders"": 5, ""quantity"": 17632}, {""price"": 16.45, ""orders"": 1, ""quantity"": 1}, {""price"": 0.0, ""orders"": 0, ""quantity"": 0}, {""price"": 0.0, ""orders"": 0, ""quantity"": 0}, {""price"": 0.0, ""orders"": 0, ""quantity"": 0}]"
2025-12-18 11:28:49.375602+05:30,137918212,MUDUNURU,16.15,2875,Thu Dec 18 11:15:00 IST 2025,16530,16.79,16.79,16.15,16.47,NULL,NULL,"[{""price"": 0.0, ""orders"": 0, ""quantity"": 0}, {""price"": 0.0, ""orders"": 0, ""quantity"": 0}, {""price"": 0.0, ""orders"": 0, ""quantity"": 0}, {""price"": 0.0, ""orders"": 0, ""quantity"": 0}, {""price"": 0.0, ""orders"": 0, ""quantity"": 0}]","[{""price"": 16.15, ""orders"": 5, ""quantity"": 17632}, {""price"": 16.45, ""orders"": 1, ""quantity"": 1}, {""price"": 0.0, ""orders"": 0, ""quantity"": 0}, {""price"": 0.0, ""orders"": 0, ""quantity"": 0}, {""price"": 0.0, ""orders"": 0, ""quantity"": 0}]"
2025-12-18 11:28:50.785625+05:30,137918212,MUDUNURU,16.15,2875,Thu Dec 18 11:15:00 IST 2025,16530,16.79,16.79,16.15,16.47,NULL,NULL,"[{""price"": 0.0, ""orders"": 0, ""quantity"": 0}, {""price"": 0.0, ""orders"": 0, ""quantity"": 0}, {""price"": 0.0, ""orders"": 0, ""quantity"": 0}, {""price"": 0.0, ""orders"": 0, ""quantity"": 0}, {""price"": 0.0, ""orders"": 0, ""quantity"": 0}]","[{""price"": 16.15, ""orders"": 5, ""quantity"": 17632}, {""price"": 16.45, ""orders"": 1, ""quantity"": 1}, {""price"": 0.0, ""orders"": 0, ""quantity"": 0}, {""price"": 0.0, ""orders"": 0, ""quantity"": 0}, {""price"": 0.0, ""orders"": 0, ""quantity"": 0}]"
2025-12-18 11:28:52.07732+05:30,137918212,MUDUNURU,16.15,2875,Thu Dec 18 11:15:00 IST 2025,16530,16.79,16.79,16.15,16.47,NULL,NULL,"[{""price"": 0.0, ""orders"": 0, ""quantity"": 0}, {""price"": 0.0, ""orders"": 0, ""quantity"": 0}, {""price"": 0.0, ""orders"": 0, ""quantity"": 0}, {""price"": 0.0, ""orders"": 0, ""quantity"": 0}, {""price"": 0.0, ""orders"": 0, ""quantity"": 0}]","[{""price"": 16.15, ""orders"": 5, ""quantity"": 17632}, {""price"": 16.45, ""orders"": 1, ""quantity"": 1}, {""price"": 0.0, ""orders"": 0, ""quantity"": 0}, {""price"": 0.0, ""orders"": 0, ""quantity"": 0}, {""price"": 0.0, ""orders"": 0, ""quantity"": 0}]"
2025-12-18 11:28:53.474772+05:30,137918212,MUDUNURU,16.15,2875,Thu Dec 18 11:15:00 IST 2025,16530,16.79,16.79,16.15,16.47,NULL,NULL,"[{""price"": 0.0, ""orders"": 0, ""quantity"": 0}, {""price"": 0.0, ""orders"": 0, ""quantity"": 0}, {""price"": 0.0, ""orders"": 0, ""quantity"": 0}, {""price"": 0.0, ""orders"": 0, ""quantity"": 0}, {""price"": 0.0, ""orders"": 0, ""quantity"": 0}]","[{""price"": 16.15, ""orders"": 5, ""quantity"": 17632}, {""price"": 16.45, ""orders"": 1, ""quantity"": 1}, {""price"": 0.0, ""orders"": 0, ""quantity"": 0}, {""price"": 0.0, ""orders"": 0, ""quantity"": 0}, {""price"": 0.0, ""orders"": 0, ""quantity"": 0}]"
2025-12-18 11:28:54.801131+05:30,137918212,MUDUNURU,16.15,2875,Thu Dec 18 11:15:00 IST 2025,16530,16.79,16.79,16.15,16.47,NULL,NULL,"[{""price"": 0.0, ""orders"": 0, ""quantity"": 0}, {""price"": 0.0, ""orders"": 0, ""quantity"": 0}, {""price"": 0.0, ""orders"": 0, ""quantity"": 0}, {""price"": 0.0, ""orders"": 0, ""quantity"": 0}, {""price"": 0.0, ""orders"": 0, ""quantity"": 0}]","[{""price"": 16.15, ""orders"": 5, ""quantity"": 17632}, {""price"": 16.45, ""orders"": 1, ""quantity"": 1}, {""price"": 0.0, ""orders"": 0, ""quantity"": 0}, {""price"": 0.0, ""orders"": 0, ""quantity"": 0}, {""price"": 0.0, ""orders"": 0, ""quantity"": 0}]"
2025-12-18 11:28:56.071335+05:30,137918212,MUDUNURU,16.15,2875,Thu Dec 18 11:15:00 IST 2025,16530,16.79,16.79,16.15,16.47,NULL,NULL,"[{""price"": 0.0, ""orders"": 0, ""quantity"": 0}, {""price"": 0.0, ""orders"": 0, ""quantity"": 0}, {""price"": 0.0, ""orders"": 0, ""quantity"": 0}, {""price"": 0.0, ""orders"": 0, ""quantity"": 0}, {""price"": 0.0, ""orders"": 0, ""quantity"": 0}]","[{""price"": 16.15, ""orders"": 5, ""quantity"": 17632}, {""price"": 16.45, ""orders"": 1, ""quantity"": 1}, {""price"": 0.0, ""orders"": 0, ""quantity"": 0}, {""price"": 0.0, ""orders"": 0, ""quantity"": 0}, {""price"": 0.0, ""orders"": 0, ""quantity"": 0}]"
2025-12-18 11:28:57.369883+05:30,137918212,MUDUNURU,16.15,2875,Thu Dec 18 11:15:00 IST 2025,16530,16.79,16.79,16.15,16.47,NULL,NULL,"[{""price"": 0.0, ""orders"": 0, ""quantity"": 0}, {""price"": 0.0, ""orders"": 0, ""quantity"": 0}, {""price"": 0.0, ""orders"": 0, ""quantity"": 0}, {""price"": 0.0, ""orders"": 0, ""quantity"": 0}, {""price"": 0.0, ""orders"": 0, ""quantity"": 0}]","[{""price"": 16.15, ""orders"": 5, ""quantity"": 17632}, {""price"": 16.45, ""orders"": 1, ""quantity"": 1}, {""price"": 0.0, ""orders"": 0, ""quantity"": 0}, {""price"": 0.0, ""orders"": 0, ""quantity"": 0}, {""price"": 0.0, ""orders"": 0, ""quantity"": 0}]"
2025-12-18 11:28:58.734213+05:30,137918212,MUDUNURU,16.15,2875,Thu Dec 18 11:15:00 IST 2025,16530,16.79,16.79,16.15,16.47,16.15,16.79,"[{""price"": 0.0, ""orders"": 0, ""quantity"": 0}, {""price"": 0.0, ""orders"": 0, ""quantity"": 0}, {""price"": 0.0, ""orders"": 0, ""quantity"": 0}, {""price"": 0.0, ""orders"": 0, ""quantity"": 0}, {""price"": 0.0, ""orders"": 0, ""quantity"": 0}]","[{""price"": 16.15, ""orders"": 5, ""quantity"": 17632}, {""price"": 16.45, ""orders"": 1, ""quantity"": 1}, {""price"": 0.0, ""orders"": 0, ""quantity"": 0}, {""price"": 0.0, ""orders"": 0, ""quantity"": 0}, {""price"": 0.0, ""orders"": 0, ""quantity"": 0}]"
2025-12-18 11:29:00.159425+05:30,137918212,MUDUNURU,16.15,2875,Thu Dec 18 11:15:00 IST 2025,16530,16.79,16.79,16.15,16.47,NULL,NULL,"[{""price"": 0.0, ""orders"": 0, ""quantity"": 0}, {""price"": 0.0, ""orders"": 0, ""quantity"": 0}, {""price"": 0.0, ""orders"": 0, ""quantity"": 0}, {""price"": 0.0, ""orders"": 0, ""quantity"": 0}, {""price"": 0.0, ""orders"": 0, ""quantity"": 0}]","[{""price"": 16.15, ""orders"": 5, ""quantity"": 17632}, {""price"": 16.45, ""orders"": 1, ""quantity"": 1}, {""price"": 0.0, ""orders"": 0, ""quantity"": 0}, {""price"": 0.0, ""orders"": 0, ""quantity"": 0}, {""price"": 0.0, ""orders"": 0, ""quantity"": 0}]"
2025-12-18 11:29:01.435969+05:30,137918212,MUDUNURU,16.15,2875,Thu Dec 18 11:15:00 IST 2025,16530,16.79,16.79,16.15,16.47,NULL,NULL,"[{""price"": 0.0, ""orders"": 0, ""quantity"": 0}, {""price"": 0.0, ""orders"": 0, ""quantity"": 0}, {""price"": 0.0, ""orders"": 0, ""quantity"": 0}, {""price"": 0.0, ""orders"": 0, ""quantity"": 0}, {""price"": 0.0, ""orders"": 0, ""quantity"": 0}]","[{""price"": 16.15, ""orders"": 5, ""quantity"": 17632}, {""price"": 16.45, ""orders"": 1, ""quantity"": 1}, {""price"": 0.0, ""orders"": 0, ""quantity"": 0}, {""price"": 0.0, ""orders"": 0, ""quantity"": 0}, {""price"": 0.0, ""orders"": 0, ""quantity"": 0}]"
2025-12-18 11:29:02.863729+05:30,137918212,MUDUNURU,16.15,2875,Thu Dec 18 11:15:00 IST 2025,16530,16.79,16.79,16.15,16.47,NULL,NULL,"[{""price"": 0.0, ""orders"": 0, ""quantity"": 0}, {""price"": 0.0, ""orders"": 0, ""quantity"": 0}, {""price"": 0.0, ""orders"": 0, ""quantity"": 0}, {""price"": 0.0, ""orders"": 0, ""quantity"": 0}, {""price"": 0.0, ""orders"": 0, ""quantity"": 0}]","[{""price"": 16.15, ""orders"": 5, ""quantity"": 17632}, {""price"": 16.45, ""orders"": 1, ""quantity"": 1}, {""price"": 0.0, ""orders"": 0, ""quantity"": 0}, {""price"": 0.0, ""orders"": 0, ""quantity"": 0}, {""price"": 0.0, ""orders"": 0, ""quantity"": 0}]"
2025-12-18 11:29:04.294039+05:30,137918212,MUDUNURU,16.15,2875,Thu Dec 18 11:15:00 IST 2025,16530,16.79,16.79,16.15,16.47,NULL,NULL,"[{""price"": 0.0, ""orders"": 0, ""quantity"": 0}, {""price"": 0.0, ""orders"": 0, ""quantity"": 0}, {""price"": 0.0, ""orders"": 0, ""quantity"": 0}, {""price"": 0.0, ""orders"": 0, ""quantity"": 0}, {""price"": 0.0, ""orders"": 0, ""quantity"": 0}]","[{""price"": 16.15, ""orders"": 5, ""quantity"": 17632}, {""price"": 16.45, ""orders"": 1, ""quantity"": 1}, {""price"": 0.0, ""orders"": 0, ""quantity"": 0}, {""price"": 0.0, ""orders"": 0, ""quantity"": 0}, {""price"": 0.0, ""orders"": 0, ""quantity"": 0}]"
2025-12-18 11:29:05.593007+05:30,137918212,MUDUNURU,16.15,2875,Thu Dec 18 11:15:00 IST 2025,16530,16.79,16.79,16.15,16.47,NULL,NULL,"[{""price"": 0.0, ""orders"": 0, ""quantity"": 0}, {""price"": 0.0, ""orders"": 0, ""quantity"": 0}, {""price"": 0.0, ""orders"": 0, ""quantity"": 0}, {""price"": 0.0, ""orders"": 0, ""quantity"": 0}, {""price"": 0.0, ""orders"": 0, ""quantity"": 0}]","[{""price"": 16.15, ""orders"": 5, ""quantity"": 17632}, {""price"": 16.45, ""orders"": 1, ""quantity"": 1}, {""price"": 0.0, ""orders"": 0, ""quantity"": 0}, {""price"": 0.0, ""orders"": 0, ""quantity"": 0}, {""price"": 0.0, ""orders"": 0, ""quantity"": 0}]"
2025-12-18 11:29:06.886614+05:30,137918212,MUDUNURU,16.15,2875,Thu Dec 18 11:15:00 IST 2025,16530,16.79,16.79,16.15,16.47,NULL,NULL,"[{""price"": 0.0, ""orders"": 0, ""quantity"": 0}, {""price"": 0.0, ""orders"": 0, ""quantity"": 0}, {""price"": 0.0, ""orders"": 0, ""quantity"": 0}, {""price"": 0.0, ""orders"": 0, ""quantity"": 0}, {""price"": 0.0, ""orders"": 0, ""quantity"": 0}]","[{""price"": 16.15, ""orders"": 5, ""quantity"": 17632}, {""price"": 16.45, ""orders"": 1, ""quantity"": 1}, {""price"": 0.0, ""orders"": 0, ""quantity"": 0}, {""price"": 0.0, ""orders"": 0, ""quantity"": 0}, {""price"": 0.0, ""orders"": 0, ""quantity"": 0}]"
2025-12-18 11:29:08.237189+05:30,137918212,MUDUNURU,16.15,2875,Thu Dec 18 11:15:00 IST 2025,16530,16.79,16.79,16.15,16.47,NULL,NULL,"[{""price"": 0.0, ""orders"": 0, ""quantity"": 0}, {""price"": 0.0, ""orders"": 0, ""quantity"": 0}, {""price"": 0.0, ""orders"": 0, ""quantity"": 0}, {""price"": 0.0, ""orders"": 0, ""quantity"": 0}, {""price"": 0.0, ""orders"": 0, ""quantity"": 0}]","[{""price"": 16.15, ""orders"": 5, ""quantity"": 17632}, {""price"": 16.45, ""orders"": 1, ""quantity"": 1}, {""price"": 0.0, ""orders"": 0, ""quantity"": 0}, {""price"": 0.0, ""orders"": 0, ""quantity"": 0}, {""price"": 0.0, ""orders"": 0, ""quantity"": 0}]"
2025-12-18 11:29:09.706967+05:30,137918212,MUDUNURU,16.15,2875,Thu Dec 18 11:15:00 IST 2025,16530,16.79,16.79,16.15,16.47,NULL,NULL,"[{""price"": 0.0, ""orders"": 0, ""quantity"": 0}, {""price"": 0.0, ""orders"": 0, ""quantity"": 0}, {""price"": 0.0, ""orders"": 0, ""quantity"": 0}, {""price"": 0.0, ""orders"": 0, ""quantity"": 0}, {""price"": 0.0, ""orders"": 0, ""quantity"": 0}]","[{""price"": 16.15, ""orders"": 5, ""quantity"": 17632}, {""price"": 16.45, ""orders"": 1, ""quantity"": 1}, {""price"": 0.0, ""orders"": 0, ""quantity"": 0}, {""price"": 0.0, ""orders"": 0, ""quantity"": 0}, {""price"": 0.0, ""orders"": 0, ""quantity"": 0}]"
2025-12-18 11:29:11.085061+05:30,137918212,MUDUNURU,16.15,2875,Thu Dec 18 11:15:00 IST 2025,16530,16.79,16.79,16.15,16.47,NULL,NULL,"[{""price"": 0.0, ""orders"": 0, ""quantity"": 0}, {""price"": 0.0, ""orders"": 0, ""quantity"": 0}, {""price"": 0.0, ""orders"": 0, ""quantity"": 0}, {""price"": 0.0, ""orders"": 0, ""quantity"": 0}, {""price"": 0.0, ""orders"": 0, ""quantity"": 0}]","[{""price"": 16.15, ""orders"": 5, ""quantity"": 17632}, {""price"": 16.45, ""orders"": 1, ""quantity"": 1}, {""price"": 0.0, ""orders"": 0, ""quantity"": 0}, {""price"": 0.0, ""orders"": 0, ""quantity"": 0}, {""price"": 0.0, ""orders"": 0, ""quantity"": 0}]"
2025-12-18 11:29:12.583632+05:30,137918212,MUDUNURU,16.15,2875,Thu Dec 18 11:15:00 IST 2025,16530,16.79,16.79,16.15,16.47,NULL,NULL,"[{""price"": 0.0, ""orders"": 0, ""quantity"": 0}, {""price"": 0.0, ""orders"": 0, ""quantity"": 0}, {""price"": 0.0, ""orders"": 0, ""quantity"": 0}, {""price"": 0.0, ""orders"": 0, ""quantity"": 0}, {""price"": 0.0, ""orders"": 0, ""quantity"": 0}]","[{""price"": 16.15, ""orders"": 5, ""quantity"": 17632}, {""price"": 16.45, ""orders"": 1, ""quantity"": 1}, {""price"": 0.0, ""orders"": 0, ""quantity"": 0}, {""price"": 0.0, ""orders"": 0, ""quantity"": 0}, {""price"": 0.0, ""orders"": 0, ""quantity"": 0}]"
2025-12-18 11:29:13.894059+05:30,137918212,MUDUNURU,16.15,2875,Thu Dec 18 11:15:00 IST 2025,16530,16.79,16.79,16.15,16.47,NULL,NULL,"[{""price"": 0.0, ""orders"": 0, ""quantity"": 0}, {""price"": 0.0, ""orders"": 0, ""quantity"": 0}, {""price"": 0.0, ""orders"": 0, ""quantity"": 0}, {""price"": 0.0, ""orders"": 0, ""quantity"": 0}, {""price"": 0.0, ""orders"": 0, ""quantity"": 0}]","[{""price"": 16.15, ""orders"": 5, ""quantity"": 17632}, {""price"": 16.45, ""orders"": 1, ""quantity"": 1}, {""price"": 0.0, ""orders"": 0, ""quantity"": 0}, {""price"": 0.0, ""orders"": 0, ""quantity"": 0}, {""price"": 0.0, ""orders"": 0, ""quantity"": 0}]"
2025-12-18 11:29:15.253621+05:30,137918212,MUDUNURU,16.15,2875,Thu Dec 18 11:15:00 IST 2025,16530,16.79,16.79,16.15,16.47,NULL,NULL,"[{""price"": 0.0, ""orders"": 0, ""quantity"": 0}, {""price"": 0.0, ""orders"": 0, ""quantity"": 0}, {""price"": 0.0, ""orders"": 0, ""quantity"": 0}, {""price"": 0.0, ""orders"": 0, ""quantity"": 0}, {""price"": 0.0, ""orders"": 0, ""quantity"": 0}]","[{""price"": 16.15, ""orders"": 5, ""quantity"": 17632}, {""price"": 16.45, ""orders"": 1, ""quantity"": 1}, {""price"": 0.0, ""orders"": 0, ""quantity"": 0}, {""price"": 0.0, ""orders"": 0, ""quantity"": 0}, {""price"": 0.0, ""orders"": 0, ""quantity"": 0}]"
2025-12-18 11:29:16.59319+05:30,137918212,MUDUNURU,16.15,2875,Thu Dec 18 11:15:00 IST 2025,16530,16.79,16.79,16.15,16.47,NULL,NULL,"[{""price"": 0.0, ""orders"": 0, ""quantity"": 0}, {""price"": 0.0, ""orders"": 0, ""quantity"": 0}, {""price"": 0.0, ""orders"": 0, ""quantity"": 0}, {""price"": 0.0, ""orders"": 0, ""quantity"": 0}, {""price"": 0.0, ""orders"": 0, ""quantity"": 0}]","[{""price"": 16.15, ""orders"": 5, ""quantity"": 17632}, {""price"": 16.45, ""orders"": 1, ""quantity"": 1}, {""price"": 0.0, ""orders"": 0, ""quantity"": 0}, {""price"": 0.0, ""orders"": 0, ""quantity"": 0}, {""price"": 0.0, ""orders"": 0, ""quantity"": 0}]"
2025-12-18 11:29:17.863849+05:30,137918212,MUDUNURU,16.15,2875,Thu Dec 18 11:15:00 IST 2025,16530,16.79,16.79,16.15,16.47,NULL,NULL,"[{""price"": 0.0, ""orders"": 0, ""quantity"": 0}, {""price"": 0.0, ""orders"": 0, ""quantity"": 0}, {""price"": 0.0, ""orders"": 0, ""quantity"": 0}, {""price"": 0.0, ""orders"": 0, ""quantity"": 0}, {""price"": 0.0, ""orders"": 0, ""quantity"": 0}]","[{""price"": 16.15, ""orders"": 5, ""quantity"": 17632}, {""price"": 16.45, ""orders"": 1, ""quantity"": 1}, {""price"": 0.0, ""orders"": 0, ""quantity"": 0}, {""price"": 0.0, ""orders"": 0, ""quantity"": 0}, {""price"": 0.0, ""orders"": 0, ""quantity"": 0}]"
2025-12-18 11:29:19.208611+05:30,137918212,MUDUNURU,16.15,2875,Thu Dec 18 11:15:00 IST 2025,16530,16.79,16.79,16.15,16.47,NULL,NULL,"[{""price"": 0.0, ""orders"": 0, ""quantity"": 0}, {""price"": 0.0, ""orders"": 0, ""quantity"": 0}, {""price"": 0.0, ""orders"": 0, ""quantity"": 0}, {""price"": 0.0, ""orders"": 0, ""quantity"": 0}, {""price"": 0.0, ""orders"": 0, ""quantity"": 0}]","[{""price"": 16.15, ""orders"": 5, ""quantity"": 17632}, {""price"": 16.45, ""orders"": 1, ""quantity"": 1}, {""price"": 0.0, ""orders"": 0, ""quantity"": 0}, {""price"": 0.0, ""orders"": 0, ""quantity"": 0}, {""price"": 0.0, ""orders"": 0, ""quantity"": 0}]"
2025-12-18 11:29:20.568601+05:30,137918212,MUDUNURU,16.15,2875,Thu Dec 18 11:15:00 IST 2025,16530,16.79,16.79,16.15,16.47,NULL,NULL,"[{""price"": 0.0, ""orders"": 0, ""quantity"": 0}, {""price"": 0.0, ""orders"": 0, ""quantity"": 0}, {""price"": 0.0, ""orders"": 0, ""quantity"": 0}, {""price"": 0.0, ""orders"": 0, ""quantity"": 0}, {""price"": 0.0, ""orders"": 0, ""quantity"": 0}]","[{""price"": 16.15, ""orders"": 5, ""quantity"": 17632}, {""price"": 16.45, ""orders"": 1, ""quantity"": 1}, {""price"": 0.0, ""orders"": 0, ""quantity"": 0}, {""price"": 0.0, ""orders"": 0, ""quantity"": 0}, {""price"": 0.0, ""orders"": 0, ""quantity"": 0}]"
2025-12-18 11:29:21.970074+05:30,137918212,MUDUNURU,16.15,2875,Thu Dec 18 11:15:00 IST 2025,16530,16.79,16.79,16.15,16.47,NULL,NULL,"[{""price"": 0.0, ""orders"": 0, ""quantity"": 0}, {""price"": 0.0, ""orders"": 0, ""quantity"": 0}, {""price"": 0.0, ""orders"": 0, ""quantity"": 0}, {""price"": 0.0, ""orders"": 0, ""quantity"": 0}, {""price"": 0.0, ""orders"": 0, ""quantity"": 0}]","[{""price"": 16.15, ""orders"": 5, ""quantity"": 17632}, {""price"": 16.45, ""orders"": 1, ""quantity"": 1}, {""price"": 0.0, ""orders"": 0, ""quantity"": 0}, {""price"": 0.0, ""orders"": 0, ""quantity"": 0}, {""price"": 0.0, ""orders"": 0, ""quantity"": 0}]"
2025-12-18 11:29:23.350601+05:30,137918212,MUDUNURU,16.15,2875,Thu Dec 18 11:15:00 IST 2025,16530,16.79,16.79,16.15,16.47,NULL,NULL,"[{""price"": 0.0, ""orders"": 0, ""quantity"": 0}, {""price"": 0.0, ""orders"": 0, ""quantity"": 0}, {""price"": 0.0, ""orders"": 0, ""quantity"": 0}, {""price"": 0.0, ""orders"": 0, ""quantity"": 0}, {""price"": 0.0, ""orders"": 0, ""quantity"": 0}]","[{""price"": 16.15, ""orders"": 5, ""quantity"": 17632}, {""price"": 16.45, ""orders"": 1, ""quantity"": 1}, {""price"": 0.0, ""orders"": 0, ""quantity"": 0}, {""price"": 0.0, ""orders"": 0, ""quantity"": 0}, {""price"": 0.0, ""orders"": 0, ""quantity"": 0}]"
2025-12-18 11:29:24.781007+05:30,137918212,MUDUNURU,16.15,2875,Thu Dec 18 11:15:00 IST 2025,16530,16.79,16.79,16.15,16.47,NULL,NULL,"[{""price"": 0.0, ""orders"": 0, ""quantity"": 0}, {""price"": 0.0, ""orders"": 0, ""quantity"": 0}, {""price"": 0.0, ""orders"": 0, ""quantity"": 0}, {""price"": 0.0, ""orders"": 0, ""quantity"": 0}, {""price"": 0.0, ""orders"": 0, ""quantity"": 0}]","[{""price"": 16.15, ""orders"": 5, ""quantity"": 17632}, {""price"": 16.45, ""orders"": 1, ""quantity"": 1}, {""price"": 0.0, ""orders"": 0, ""quantity"": 0}, {""price"": 0.0, ""orders"": 0, ""quantity"": 0}, {""price"": 0.0, ""orders"": 0, ""quantity"": 0}]"
2025-12-18 11:29:26.269521+05:30,137918212,MUDUNURU,16.15,2875,Thu Dec 18 11:15:00 IST 2025,16530,16.79,16.79,16.15,16.47,NULL,NULL,"[{""price"": 0.0, ""orders"": 0, ""quantity"": 0}, {""price"": 0.0, ""orders"": 0, ""quantity"": 0}, {""price"": 0.0, ""orders"": 0, ""quantity"": 0}, {""price"": 0.0, ""orders"": 0, ""quantity"": 0}, {""price"": 0.0, ""orders"": 0, ""quantity"": 0}]","[{""price"": 16.15, ""orders"": 5, ""quantity"": 17632}, {""price"": 16.45, ""orders"": 1, ""quantity"": 1}, {""price"": 0.0, ""orders"": 0, ""quantity"": 0}, {""price"": 0.0, ""orders"": 0, ""quantity"": 0}, {""price"": 0.0, ""orders"": 0, ""quantity"": 0}]"
2025-12-18 11:29:27.582639+05:30,137918212,MUDUNURU,16.15,2875,Thu Dec 18 11:15:00 IST 2025,16530,16.79,16.79,16.15,16.47,NULL,NULL,"[{""price"": 0.0, ""orders"": 0, ""quantity"": 0}, {""price"": 0.0, ""orders"": 0, ""quantity"": 0}, {""price"": 0.0, ""orders"": 0, ""quantity"": 0}, {""price"": 0.0, ""orders"": 0, ""quantity"": 0}, {""price"": 0.0, ""orders"": 0, ""quantity"": 0}]","[{""price"": 16.15, ""orders"": 5, ""quantity"": 17632}, {""price"": 16.45, ""orders"": 1, ""quantity"": 1}, {""price"": 0.0, ""orders"": 0, ""quantity"": 0}, {""price"": 0.0, ""orders"": 0, ""quantity"": 0}, {""price"": 0.0, ""orders"": 0, ""quantity"": 0}]"
2025-12-18 11:29:28.917905+05:30,137918212,MUDUNURU,16.15,2875,Thu Dec 18 11:15:00 IST 2025,16530,16.79,16.79,16.15,16.47,NULL,NULL,"[{""price"": 0.0, ""orders"": 0, ""quantity"": 0}, {""price"": 0.0, ""orders"": 0, ""quantity"": 0}, {""price"": 0.0, ""orders"": 0, ""quantity"": 0}, {""price"": 0.0, ""orders"": 0, ""quantity"": 0}, {""price"": 0.0, ""orders"": 0, ""quantity"": 0}]","[{""price"": 16.15, ""orders"": 5, ""quantity"": 17632}, {""price"": 16.45, ""orders"": 1, ""quantity"": 1}, {""price"": 0.0, ""orders"": 0, ""quantity"": 0}, {""price"": 0.0, ""orders"": 0, ""quantity"": 0}, {""price"": 0.0, ""orders"": 0, ""quantity"": 0}]"
2025-12-18 11:29:30.388201+05:30,137918212,MUDUNURU,16.15,2875,Thu Dec 18 11:15:00 IST 2025,16530,16.79,16.79,16.15,16.47,NULL,NULL,"[{""price"": 0.0, ""orders"": 0, ""quantity"": 0}, {""price"": 0.0, ""orders"": 0, ""quantity"": 0}, {""price"": 0.0, ""orders"": 0, ""quantity"": 0}, {""price"": 0.0, ""orders"": 0, ""quantity"": 0}, {""price"": 0.0, ""orders"": 0, ""quantity"": 0}]","[{""price"": 16.15, ""orders"": 5, ""quantity"": 17632}, {""price"": 16.45, ""orders"": 1, ""quantity"": 1}, {""price"": 0.0, ""orders"": 0, ""quantity"": 0}, {""price"": 0.0, ""orders"": 0, ""quantity"": 0}, {""price"": 0.0, ""orders"": 0, ""quantity"": 0}]"
2025-12-18 11:29:31.643301+05:30,137918212,MUDUNURU,16.15,2875,Thu Dec 18 11:15:00 IST 2025,16530,16.79,16.79,16.15,16.47,NULL,NULL,"[{""price"": 0.0, ""orders"": 0, ""quantity"": 0}, {""price"": 0.0, ""orders"": 0, ""quantity"": 0}, {""price"": 0.0, ""orders"": 0, ""quantity"": 0}, {""price"": 0.0, ""orders"": 0, ""quantity"": 0}, {""price"": 0.0, ""orders"": 0, ""quantity"": 0}]","[{""price"": 16.15, ""orders"": 5, ""quantity"": 17632}, {""price"": 16.45, ""orders"": 1, ""quantity"": 1}, {""price"": 0.0, ""orders"": 0, ""quantity"": 0}, {""price"": 0.0, ""orders"": 0, ""quantity"": 0}, {""price"": 0.0, ""orders"": 0, ""quantity"": 0}]"
2025-12-18 11:29:33.211627+05:30,137918212,MUDUNURU,16.15,2875,Thu Dec 18 11:15:00 IST 2025,16530,16.79,16.79,16.15,16.47,NULL,NULL,"[{""price"": 0.0, ""orders"": 0, ""quantity"": 0}, {""price"": 0.0, ""orders"": 0, ""quantity"": 0}, {""price"": 0.0, ""orders"": 0, ""quantity"": 0}, {""price"": 0.0, ""orders"": 0, ""quantity"": 0}, {""price"": 0.0, ""orders"": 0, ""quantity"": 0}]","[{""price"": 16.15, ""orders"": 5, ""quantity"": 17632}, {""price"": 16.45, ""orders"": 1, ""quantity"": 1}, {""price"": 0.0, ""orders"": 0, ""quantity"": 0}, {""price"": 0.0, ""orders"": 0, ""quantity"": 0}, {""price"": 0.0, ""orders"": 0, ""quantity"": 0}]"
2025-12-18 11:29:34.467156+05:30,137918212,MUDUNURU,16.15,2875,Thu Dec 18 11:15:00 IST 2025,16530,16.79,16.79,16.15,16.47,NULL,NULL,"[{""price"": 0.0, ""orders"": 0, ""quantity"": 0}, {""price"": 0.0, ""orders"": 0, ""quantity"": 0}, {""price"": 0.0, ""orders"": 0, ""quantity"": 0}, {""price"": 0.0, ""orders"": 0, ""quantity"": 0}, {""price"": 0.0, ""orders"": 0, ""quantity"": 0}]","[{""price"": 16.15, ""orders"": 5, ""quantity"": 17632}, {""price"": 16.45, ""orders"": 1, ""quantity"": 1}, {""price"": 0.0, ""orders"": 0, ""quantity"": 0}, {""price"": 0.0, ""orders"": 0, ""quantity"": 0}, {""price"": 0.0, ""orders"": 0, ""quantity"": 0}]"
2025-12-18 11:29:35.818109+05:30,137918212,MUDUNURU,16.15,2875,Thu Dec 18 11:15:00 IST 2025,16530,16.79,16.79,16.15,16.47,NULL,NULL,"[{""price"": 0.0, ""orders"": 0, ""quantity"": 0}, {""price"": 0.0, ""orders"": 0, ""quantity"": 0}, {""price"": 0.0, ""orders"": 0, ""quantity"": 0}, {""price"": 0.0, ""orders"": 0, ""quantity"": 0}, {""price"": 0.0, ""orders"": 0, ""quantity"": 0}]","[{""price"": 16.15, ""orders"": 5, ""quantity"": 17632}, {""price"": 16.45, ""orders"": 1, ""quantity"": 1}, {""price"": 0.0, ""orders"": 0, ""quantity"": 0}, {""price"": 0.0, ""orders"": 0, ""quantity"": 0}, {""price"": 0.0, ""orders"": 0, ""quantity"": 0}]"
2025-12-18 11:29:37.221275+05:30,137918212,MUDUNURU,16.15,2875,Thu Dec 18 11:15:00 IST 2025,16530,16.79,16.79,16.15,16.47,NULL,NULL,"[{""price"": 0.0, ""orders"": 0, ""quantity"": 0}, {""price"": 0.0, ""orders"": 0, ""quantity"": 0}, {""price"": 0.0, ""orders"": 0, ""quantity"": 0}, {""price"": 0.0, ""orders"": 0, ""quantity"": 0}, {""price"": 0.0, ""orders"": 0, ""quantity"": 0}]","[{""price"": 16.15, ""orders"": 5, ""quantity"": 17632}, {""price"": 16.45, ""orders"": 1, ""quantity"": 1}, {""price"": 0.0, ""orders"": 0, ""quantity"": 0}, {""price"": 0.0, ""orders"": 0, ""quantity"": 0}, {""price"": 0.0, ""orders"": 0, ""quantity"": 0}]"
2025-12-18 11:29:38.451436+05:30,137918212,MUDUNURU,16.15,2875,Thu Dec 18 11:15:00 IST 2025,16530,16.79,16.79,16.15,16.47,16.15,16.79,"[{""price"": 0.0, ""orders"": 0, ""quantity"": 0}, {""price"": 0.0, ""orders"": 0, ""quantity"": 0}, {""price"": 0.0, ""orders"": 0, ""quantity"": 0}, {""price"": 0.0, ""orders"": 0, ""quantity"": 0}, {""price"": 0.0, ""orders"": 0, ""quantity"": 0}]","[{""price"": 16.15, ""orders"": 5, ""quantity"": 17632}, {""price"": 16.45, ""orders"": 1, ""quantity"": 1}, {""price"": 0.0, ""orders"": 0, ""quantity"": 0}, {""price"": 0.0, ""orders"": 0, ""quantity"": 0}, {""price"": 0.0, ""orders"": 0, ""quantity"": 0}]"
2025-12-18 11:29:39.892861+05:30,137918212,MUDUNURU,16.15,2875,Thu Dec 18 11:15:00 IST 2025,16530,16.79,16.79,16.15,16.47,NULL,NULL,"[{""price"": 0.0, ""orders"": 0, ""quantity"": 0}, {""price"": 0.0, ""orders"": 0, ""quantity"": 0}, {""price"": 0.0, ""orders"": 0, ""quantity"": 0}, {""price"": 0.0, ""orders"": 0, ""quantity"": 0}, {""price"": 0.0, ""orders"": 0, ""quantity"": 0}]","[{""price"": 16.15, ""orders"": 5, ""quantity"": 17632}, {""price"": 16.45, ""orders"": 1, ""quantity"": 1}, {""price"": 0.0, ""orders"": 0, ""quantity"": 0}, {""price"": 0.0, ""orders"": 0, ""quantity"": 0}, {""price"": 0.0, ""orders"": 0, ""quantity"": 0}]"
2025-12-18 11:29:41.337843+05:30,137918212,MUDUNURU,16.15,2875,Thu Dec 18 11:15:00 IST 2025,16530,16.79,16.79,16.15,16.47,NULL,NULL,"[{""price"": 0.0, ""orders"": 0, ""quantity"": 0}, {""price"": 0.0, ""orders"": 0, ""quantity"": 0}, {""price"": 0.0, ""orders"": 0, ""quantity"": 0}, {""price"": 0.0, ""orders"": 0, ""quantity"": 0}, {""price"": 0.0, ""orders"": 0, ""quantity"": 0}]","[{""price"": 16.15, ""orders"": 5, ""quantity"": 17632}, {""price"": 16.45, ""orders"": 1, ""quantity"": 1}, {""price"": 0.0, ""orders"": 0, ""quantity"": 0}, {""price"": 0.0, ""orders"": 0, ""quantity"": 0}, {""price"": 0.0, ""orders"": 0, ""quantity"": 0}]"
2025-12-18 11:29:42.695615+05:30,137918212,MUDUNURU,16.15,2875,Thu Dec 18 11:15:00 IST 2025,16530,16.79,16.79,16.15,16.47,NULL,NULL,"[{""price"": 0.0, ""orders"": 0, ""quantity"": 0}, {""price"": 0.0, ""orders"": 0, ""quantity"": 0}, {""price"": 0.0, ""orders"": 0, ""quantity"": 0}, {""price"": 0.0, ""orders"": 0, ""quantity"": 0}, {""price"": 0.0, ""orders"": 0, ""quantity"": 0}]","[{""price"": 16.15, ""orders"": 5, ""quantity"": 17632}, {""price"": 16.45, ""orders"": 1, ""quantity"": 1}, {""price"": 0.0, ""orders"": 0, ""quantity"": 0}, {""price"": 0.0, ""orders"": 0, ""quantity"": 0}, {""price"": 0.0, ""orders"": 0, ""quantity"": 0}]"
2025-12-18 11:29:44.004945+05:30,137918212,MUDUNURU,16.15,2875,Thu Dec 18 11:15:00 IST 2025,16530,16.79,16.79,16.15,16.47,NULL,NULL,"[{""price"": 0.0, ""orders"": 0, ""quantity"": 0}, {""price"": 0.0, ""orders"": 0, ""quantity"": 0}, {""price"": 0.0, ""orders"": 0, ""quantity"": 0}, {""price"": 0.0, ""orders"": 0, ""quantity"": 0}, {""price"": 0.0, ""orders"": 0, ""quantity"": 0}]","[{""price"": 16.15, ""orders"": 5, ""quantity"": 17632}, {""price"": 16.45, ""orders"": 1, ""quantity"": 1}, {""price"": 0.0, ""orders"": 0, ""quantity"": 0}, {""price"": 0.0, ""orders"": 0, ""quantity"": 0}, {""price"": 0.0, ""orders"": 0, ""quantity"": 0}]"
2025-12-18 11:29:45.377229+05:30,137918212,MUDUNURU,16.15,2875,Thu Dec 18 11:15:00 IST 2025,16530,16.79,16.79,16.15,16.47,NULL,NULL,"[{""price"": 0.0, ""orders"": 0, ""quantity"": 0}, {""price"": 0.0, ""orders"": 0, ""quantity"": 0}, {""price"": 0.0, ""orders"": 0, ""quantity"": 0}, {""price"": 0.0, ""orders"": 0, ""quantity"": 0}, {""price"": 0.0, ""orders"": 0, ""quantity"": 0}]","[{""price"": 16.15, ""orders"": 5, ""quantity"": 17632}, {""price"": 16.45, ""orders"": 1, ""quantity"": 1}, {""price"": 0.0, ""orders"": 0, ""quantity"": 0}, {""price"": 0.0, ""orders"": 0, ""quantity"": 0}, {""price"": 0.0, ""orders"": 0, ""quantity"": 0}]"
2025-12-18 11:29:46.801328+05:30,137918212,MUDUNURU,16.15,2875,Thu Dec 18 11:15:00 IST 2025,16530,16.79,16.79,16.15,16.47,NULL,NULL,"[{""price"": 0.0, ""orders"": 0, ""quantity"": 0}, {""price"": 0.0, ""orders"": 0, ""quantity"": 0}, {""price"": 0.0, ""orders"": 0, ""quantity"": 0}, {""price"": 0.0, ""orders"": 0, ""quantity"": 0}, {""price"": 0.0, ""orders"": 0, ""quantity"": 0}]","[{""price"": 16.15, ""orders"": 5, ""quantity"": 17632}, {""price"": 16.45, ""orders"": 1, ""quantity"": 1}, {""price"": 0.0, ""orders"": 0, ""quantity"": 0}, {""price"": 0.0, ""orders"": 0, ""quantity"": 0}, {""price"": 0.0, ""orders"": 0, ""quantity"": 0}]"
2025-12-18 11:29:48.127342+05:30,137918212,MUDUNURU,16.15,2875,Thu Dec 18 11:15:00 IST 2025,16530,16.79,16.79,16.15,16.47,NULL,NULL,"[{""price"": 0.0, ""orders"": 0, ""quantity"": 0}, {""price"": 0.0, ""orders"": 0, ""quantity"": 0}, {""price"": 0.0, ""orders"": 0, ""quantity"": 0}, {""price"": 0.0, ""orders"": 0, ""quantity"": 0}, {""price"": 0.0, ""orders"": 0, ""quantity"": 0}]","[{""price"": 16.15, ""orders"": 5, ""quantity"": 17632}, {""price"": 16.45, ""orders"": 1, ""quantity"": 1}, {""price"": 0.0, ""orders"": 0, ""quantity"": 0}, {""price"": 0.0, ""orders"": 0, ""quantity"": 0}, {""price"": 0.0, ""orders"": 0, ""quantity"": 0}]"
2025-12-18 11:29:49.493052+05:30,137918212,MUDUNURU,16.15,2875,Thu Dec 18 11:15:00 IST 2025,16530,16.79,16.79,16.15,16.47,NULL,NULL,"[{""price"": 0.0, ""orders"": 0, ""quantity"": 0}, {""price"": 0.0, ""orders"": 0, ""quantity"": 0}, {""price"": 0.0, ""orders"": 0, ""quantity"": 0}, {""price"": 0.0, ""orders"": 0, ""quantity"": 0}, {""price"": 0.0, ""orders"": 0, ""quantity"": 0}]","[{""price"": 16.15, ""orders"": 5, ""quantity"": 17632}, {""price"": 16.45, ""orders"": 1, ""quantity"": 1}, {""price"": 0.0, ""orders"": 0, ""quantity"": 0}, {""price"": 0.0, ""orders"": 0, ""quantity"": 0}, {""price"": 0.0, ""orders"": 0, ""quantity"": 0}]"
2025-12-18 11:29:50.81792+05:30,137918212,MUDUNURU,16.15,2875,Thu Dec 18 11:15:00 IST 2025,16530,16.79,16.79,16.15,16.47,NULL,NULL,"[{""price"": 0.0, ""orders"": 0, ""quantity"": 0}, {""price"": 0.0, ""orders"": 0, ""quantity"": 0}, {""price"": 0.0, ""orders"": 0, ""quantity"": 0}, {""price"": 0.0, ""orders"": 0, ""quantity"": 0}, {""price"": 0.0, ""orders"": 0, ""quantity"": 0}]","[{""price"": 16.15, ""orders"": 5, ""quantity"": 17632}, {""price"": 16.45, ""orders"": 1, ""quantity"": 1}, {""price"": 0.0, ""orders"": 0, ""quantity"": 0}, {""price"": 0.0, ""orders"": 0, ""quantity"": 0}, {""price"": 0.0, ""orders"": 0, ""quantity"": 0}]"
2025-12-18 11:29:52.124331+05:30,137918212,MUDUNURU,16.15,2875,Thu Dec 18 11:15:00 IST 2025,16530,16.79,16.79,16.15,16.47,NULL,NULL,"[{""price"": 0.0, ""orders"": 0, ""quantity"": 0}, {""price"": 0.0, ""orders"": 0, ""quantity"": 0}, {""price"": 0.0, ""orders"": 0, ""quantity"": 0}, {""price"": 0.0, ""orders"": 0, ""quantity"": 0}, {""price"": 0.0, ""orders"": 0, ""quantity"": 0}]","[{""price"": 16.15, ""orders"": 5, ""quantity"": 17632}, {""price"": 16.45, ""orders"": 1, ""quantity"": 1}, {""price"": 0.0, ""orders"": 0, ""quantity"": 0}, {""price"": 0.0, ""orders"": 0, ""quantity"": 0}, {""price"": 0.0, ""orders"": 0, ""quantity"": 0}]"
2025-12-18 11:29:53.556817+05:30,137918212,MUDUNURU,16.15,2875,Thu Dec 18 11:15:00 IST 2025,16530,16.79,16.79,16.15,16.47,NULL,NULL,"[{""price"": 0.0, ""orders"": 0, ""quantity"": 0}, {""price"": 0.0, ""orders"": 0, ""quantity"": 0}, {""price"": 0.0, ""orders"": 0, ""quantity"": 0}, {""price"": 0.0, ""orders"": 0, ""quantity"": 0}, {""price"": 0.0, ""orders"": 0, ""quantity"": 0}]","[{""price"": 16.15, ""orders"": 5, ""quantity"": 17632}, {""price"": 16.45, ""orders"": 1, ""quantity"": 1}, {""price"": 0.0, ""orders"": 0, ""quantity"": 0}, {""price"": 0.0, ""orders"": 0, ""quantity"": 0}, {""price"": 0.0, ""orders"": 0, ""quantity"": 0}]"
2025-12-18 11:29:54.990857+05:30,137918212,MUDUNURU,16.15,2875,Thu Dec 18 11:15:00 IST 2025,16530,16.79,16.79,16.15,16.47,NULL,NULL,"[{""price"": 0.0, ""orders"": 0, ""quantity"": 0}, {""price"": 0.0, ""orders"": 0, ""quantity"": 0}, {""price"": 0.0, ""orders"": 0, ""quantity"": 0}, {""price"": 0.0, ""orders"": 0, ""quantity"": 0}, {""price"": 0.0, ""orders"": 0, ""quantity"": 0}]","[{""price"": 16.15, ""orders"": 5, ""quantity"": 17632}, {""price"": 16.45, ""orders"": 1, ""quantity"": 1}, {""price"": 0.0, ""orders"": 0, ""quantity"": 0}, {""price"": 0.0, ""orders"": 0, ""quantity"": 0}, {""price"": 0.0, ""orders"": 0, ""quantity"": 0}]"
2025-12-18 11:29:56.459075+05:30,137918212,MUDUNURU,16.15,2875,Thu Dec 18 11:15:00 IST 2025,16530,16.79,16.79,16.15,16.47,NULL,NULL,"[{""price"": 0.0, ""orders"": 0, ""quantity"": 0}, {""price"": 0.0, ""orders"": 0, ""quantity"": 0}, {""price"": 0.0, ""orders"": 0, ""quantity"": 0}, {""price"": 0.0, ""orders"": 0, ""quantity"": 0}, {""price"": 0.0, ""orders"": 0, ""quantity"": 0}]","[{""price"": 16.15, ""orders"": 5, ""quantity"": 17632}, {""price"": 16.45, ""orders"": 1, ""quantity"": 1}, {""price"": 0.0, ""orders"": 0, ""quantity"": 0}, {""price"": 0.0, ""orders"": 0, ""quantity"": 0}, {""price"": 0.0, ""orders"": 0, ""quantity"": 0}]"
2025-12-18 11:29:57.883299+05:30,137918212,MUDUNURU,16.15,2875,Thu Dec 18 11:15:00 IST 2025,16530,16.79,16.79,16.15,16.47,NULL,NULL,"[{""price"": 0.0, ""orders"": 0, ""quantity"": 0}, {""price"": 0.0, ""orders"": 0, ""quantity"": 0}, {""price"": 0.0, ""orders"": 0, ""quantity"": 0}, {""price"": 0.0, ""orders"": 0, ""quantity"": 0}, {""price"": 0.0, ""orders"": 0, ""quantity"": 0}]","[{""price"": 16.15, ""orders"": 5, ""quantity"": 17632}, {""price"": 16.45, ""orders"": 1, ""quantity"": 1}, {""price"": 0.0, ""orders"": 0, ""quantity"": 0}, {""price"": 0.0, ""orders"": 0, ""quantity"": 0}, {""price"": 0.0, ""orders"": 0, ""quantity"": 0}]"
2025-12-18 11:29:59.193325+05:30,137918212,MUDUNURU,16.15,2875,Thu Dec 18 11:15:00 IST 2025,16530,16.79,16.79,16.15,16.47,NULL,NULL,"[{""price"": 0.0, ""orders"": 0, ""quantity"": 0}, {""price"": 0.0, ""orders"": 0, ""quantity"": 0}, {""price"": 0.0, ""orders"": 0, ""quantity"": 0}, {""price"": 0.0, ""orders"": 0, ""quantity"": 0}, {""price"": 0.0, ""orders"": 0, ""quantity"": 0}]","[{""price"": 16.15, ""orders"": 5, ""quantity"": 17632}, {""price"": 16.45, ""orders"": 1, ""quantity"": 1}, {""price"": 0.0, ""orders"": 0, ""quantity"": 0}, {""price"": 0.0, ""orders"": 0, ""quantity"": 0}, {""price"": 0.0, ""orders"": 0, ""quantity"": 0}]"
2025-12-18 11:29:59.513874+05:30,137918212,MUDUNURU,16.15,2875,Thu Dec 18 11:15:00 IST 2025,16530,16.79,16.79,16.15,16.47,NULL,NULL,"[{""price"": 0.0, ""orders"": 0, ""quantity"": 0}, {""price"": 0.0, ""orders"": 0, ""quantity"": 0}, {""price"": 0.0, ""orders"": 0, ""quantity"": 0}, {""price"": 0.0, ""orders"": 0, ""quantity"": 0}, {""price"": 0.0, ""orders"": 0, ""quantity"": 0}]","[{""price"": 16.15, ""orders"": 5, ""quantity"": 17632}, {""price"": 16.45, ""orders"": 1, ""quantity"": 1}, {""price"": 0.0, ""orders"": 0, ""quantity"": 0}, {""price"": 0.0, ""orders"": 0, ""quantity"": 0}, {""price"": 0.0, ""orders"": 0, ""quantity"": 0}]"
